card_name,topic,snapshot_date,source,score
Naruto Vol. 1 (1st Printing),Naruto Vol. 1 (1st Printing),2025-10-29,google_trends,13.6
Naruto Vol. 1 (1st Printing),Naruto Vol. 1 (1st Printing),2025-10-30,google_trends,14.6
Naruto Vol. 1 (1st Printing),Naruto Vol. 1 (1st Printing),2025-10-31,google_trends,16.7
Naruto Vol. 1 (1st Printing),Naruto Vol. 1 (1st Printing),2025-11-01,google_trends,13.6
Naruto Vol. 1 (1st Printing),Naruto Vol. 1 (1st Printing),2025-11-02,google_trends,16.8
Naruto Vol. 1 (1st Printing),Naruto Vol. 1 (1st Printing),2025-11-03,google_trends,16.2
Naruto Vol. 1 (1st Printing),Naruto Vol. 1 (1st Printing),2025-11-04,google_trends,16.8
Naruto Vol. 1 (1st Printing),Naruto Vol. 1 (1st Printing),2025-11-05,google_trends,15.9
Naruto Vol. 1 (1st Printing),Naruto Vol. 1 (1st Printing),2025-11-06,google_trends,16.4
Naruto Vol. 1 (1st Printing),Naruto Vol. 1 (1st Printing),2025-11-07,google_trends,13.3
Naruto Vol. 1 (1st Printing),Naruto Vol. 1 (1st Printing),2025-11-08,google_trends,15.8
Naruto Vol. 1 (1st Printing),Naruto Vol. 1 (1st Printing),2025-11-09,google_trends,16.2
Naruto Vol. 1 (1st Printing),Naruto Vol. 1 (1st Printing),2025-11-10,google_trends,14.3
Naruto Vol. 1 (1st Printing),Naruto Vol. 1 (1st Printing),2025-11-11,google_trends,16
Naruto Vol. 1 (1st Printing),Naruto Vol. 1 (1st Printing),2025-11-12,google_trends,15.4
Naruto Vol. 1 (1st Printing),Naruto Vol. 1 (1st Printing),2025-11-13,google_trends,14.5
Naruto Vol. 1 (1st Printing),Naruto Vol. 1 (1st Printing),2025-11-14,google_trends,13.2
Naruto Vol. 1 (1st Printing),Naruto Vol. 1 (1st Printing),2025-11-15,google_trends,14.9
Naruto Vol. 1 (1st Printing),Naruto Vol. 1 (1st Printing),2025-11-16,google_trends,13.5
Naruto Vol. 1 (1st Printing),Naruto Vol. 1 (1st Printing),2025-11-17,google_trends,16.5
Naruto Vol. 1 (1st Printing),Naruto Vol. 1 (1st Printing),2025-11-18,google_trends,13.1
Naruto Vol. 1 (1st Printing),Naruto Vol. 1 (1st Printing),2025-11-19,google_trends,14.8
Naruto Vol. 1 (1st Printing),Naruto Vol. 1 (1st Printing),2025-11-20,google_trends,16.3
Naruto Vol. 1 (1st Printing),Naruto Vol. 1 (1st Printing),2025-11-21,google_trends,16.5
Naruto Vol. 1 (1st Printing),Naruto Vol. 1 (1st Printing),2025-11-22,google_trends,15.1
Naruto Vol. 1 (1st Printing),Naruto Vol. 1 (1st Printing),2025-11-23,google_trends,13.3
Naruto Vol. 1 (1st Printing),Naruto Vol. 1 (1st Printing),2025-11-24,google_trends,15.5
Naruto Vol. 1 (1st Printing),Naruto Vol. 1 (1st Printing),2025-11-25,google_trends,15.2
Naruto Vol. 1 (1st Printing),Naruto Vol. 1 (1st Printing),2025-11-26,google_trends,16
Naruto Vol. 1 (1st Printing),Naruto Vol. 1 (1st Printing),2025-11-27,google_trends,14.3
Naruto Vol. 1 (1st Printing),Naruto Vol. 1 (1st Printing),2025-11-28,google_trends,15
Naruto Vol. 1 (1st Printing),Naruto Vol. 1 (1st Printing),2025-11-29,google_trends,16.6
Naruto Vol. 1 (1st Printing),Naruto Vol. 1 (1st Printing),2025-11-30,google_trends,15.7
Naruto Vol. 1 (1st Printing),Naruto Vol. 1 (1st Printing),2025-12-01,google_trends,16.6
Naruto Vol. 1 (1st Printing),Naruto Vol. 1 (1st Printing),2025-12-02,google_trends,17
Naruto Vol. 1 (1st Printing),Naruto Vol. 1 (1st Printing),2025-12-03,google_trends,14.7
Naruto Vol. 1 (1st Printing),Naruto Vol. 1 (1st Printing),2025-12-04,google_trends,15.9
Naruto Vol. 1 (1st Printing),Naruto Vol. 1 (1st Printing),2025-12-05,google_trends,14.6
Naruto Vol. 1 (1st Printing),Naruto Vol. 1 (1st Printing),2025-12-06,google_trends,16.7
Naruto Vol. 1 (1st Printing),Naruto Vol. 1 (1st Printing),2025-12-07,google_trends,13.7
Naruto Vol. 1 (1st Printing),Naruto Vol. 1 (1st Printing),2025-12-08,google_trends,14.2
Naruto Vol. 1 (1st Printing),Naruto Vol. 1 (1st Printing),2025-12-09,google_trends,16.1
Naruto Vol. 1 (1st Printing),Naruto Vol. 1 (1st Printing),2025-12-10,google_trends,16.4
Naruto Vol. 1 (1st Printing),Naruto Vol. 1 (1st Printing),2025-12-11,google_trends,13.7
Naruto Vol. 1 (1st Printing),Naruto Vol. 1 (1st Printing),2025-12-12,google_trends,14.8
Naruto Vol. 1 (1st Printing),Naruto Vol. 1 (1st Printing),2025-12-13,google_trends,14.1
Naruto Vol. 1 (1st Printing),Naruto Vol. 1 (1st Printing),2025-12-14,google_trends,13.4
Naruto Vol. 1 (1st Printing),Naruto Vol. 1 (1st Printing),2025-12-15,google_trends,13
Naruto Vol. 1 (1st Printing),Naruto Vol. 1 (1st Printing),2025-12-16,google_trends,13.1
Naruto Vol. 1 (1st Printing),Naruto Vol. 1 (1st Printing),2025-12-17,google_trends,16.9
Naruto Vol. 1 (1st Printing),Naruto Vol. 1 (1st Printing),2025-12-18,google_trends,14.6
Naruto Vol. 1 (1st Printing),Naruto Vol. 1 (1st Printing),2025-12-19,google_trends,13.9
Naruto Vol. 1 (1st Printing),Naruto Vol. 1 (1st Printing),2025-12-20,google_trends,13.5
Naruto Vol. 1 (1st Printing),Naruto Vol. 1 (1st Printing),2025-12-21,google_trends,13.4
Naruto Vol. 1 (1st Printing),Naruto Vol. 1 (1st Printing),2025-12-22,google_trends,14.7
Naruto Vol. 1 (1st Printing),Naruto Vol. 1 (1st Printing),2025-12-23,google_trends,16.4
Naruto Vol. 1 (1st Printing),Naruto Vol. 1 (1st Printing),2025-12-24,google_trends,14.1
Naruto Vol. 1 (1st Printing),Naruto Vol. 1 (1st Printing),2025-12-25,google_trends,13
Naruto Vol. 1 (1st Printing),Naruto Vol. 1 (1st Printing),2025-12-26,google_trends,13.1
Naruto Vol. 1 (1st Printing),Naruto Vol. 1 (1st Printing),2025-12-27,google_trends,17
Naruto Vol. 1 (1st Printing),Naruto Vol. 1 (1st Printing),2025-12-28,google_trends,13.6
Naruto Vol. 1 (1st Printing),Naruto Vol. 1 (1st Printing),2025-12-29,google_trends,16.5
Naruto Vol. 1 (1st Printing),Naruto Vol. 1 (1st Printing),2025-12-30,google_trends,15.2
Naruto Vol. 1 (1st Printing),Naruto Vol. 1 (1st Printing),2025-12-31,google_trends,16.4
Naruto Vol. 1 (1st Printing),Naruto Vol. 1 (1st Printing),2026-01-01,google_trends,13.6
Naruto Vol. 1 (1st Printing),Naruto Vol. 1 (1st Printing),2026-01-02,google_trends,15.3
Naruto Vol. 1 (1st Printing),Naruto Vol. 1 (1st Printing),2026-01-03,google_trends,14.7
Naruto Vol. 1 (1st Printing),Naruto Vol. 1 (1st Printing),2026-01-04,google_trends,16.9
Naruto Vol. 1 (1st Printing),Naruto Vol. 1 (1st Printing),2026-01-05,google_trends,15.4
Naruto Vol. 1 (1st Printing),Naruto Vol. 1 (1st Printing),2026-01-06,google_trends,15
Naruto Vol. 1 (1st Printing),Naruto Vol. 1 (1st Printing),2026-01-07,google_trends,14.6
Naruto Vol. 1 (1st Printing),Naruto Vol. 1 (1st Printing),2026-01-08,google_trends,13
Naruto Vol. 1 (1st Printing),Naruto Vol. 1 (1st Printing),2026-01-09,google_trends,16.7
Naruto Vol. 1 (1st Printing),Naruto Vol. 1 (1st Printing),2026-01-10,google_trends,13.6
Naruto Vol. 1 (1st Printing),Naruto Vol. 1 (1st Printing),2026-01-11,google_trends,13.6
Naruto Vol. 1 (1st Printing),Naruto Vol. 1 (1st Printing),2026-01-12,google_trends,15
Naruto Vol. 1 (1st Printing),Naruto Vol. 1 (1st Printing),2026-01-13,google_trends,16.6
Naruto Vol. 1 (1st Printing),Naruto Vol. 1 (1st Printing),2026-01-14,google_trends,13.7
Naruto Vol. 1 (1st Printing),Naruto Vol. 1 (1st Printing),2026-01-15,google_trends,13.3
Naruto Vol. 1 (1st Printing),Naruto Vol. 1 (1st Printing),2026-01-16,google_trends,14.4
Naruto Vol. 1 (1st Printing),Naruto Vol. 1 (1st Printing),2026-01-17,google_trends,15.8
Naruto Vol. 1 (1st Printing),Naruto Vol. 1 (1st Printing),2026-01-18,google_trends,15.3
Naruto Vol. 1 (1st Printing),Naruto Vol. 1 (1st Printing),2026-01-19,google_trends,14.3
Naruto Vol. 1 (1st Printing),Naruto Vol. 1 (1st Printing),2026-01-20,google_trends,13.6
Naruto Vol. 1 (1st Printing),Naruto Vol. 1 (1st Printing),2026-01-21,google_trends,13.3
Naruto Vol. 1 (1st Printing),Naruto Vol. 1 (1st Printing),2026-01-22,google_trends,16.1
Naruto Vol. 1 (1st Printing),Naruto Vol. 1 (1st Printing),2026-01-23,google_trends,13.9
Naruto Vol. 1 (1st Printing),Naruto Vol. 1 (1st Printing),2026-01-24,google_trends,16.6
Naruto Vol. 1 (1st Printing),Naruto Vol. 1 (1st Printing),2026-01-25,google_trends,13.6
Naruto Vol. 1 (1st Printing),Naruto Vol. 1 (1st Printing),2026-01-26,google_trends,13.5
Naruto Vol. 1 (1st Printing),Naruto Vol. 1 (1st Printing),2026-01-27,google_trends,16.8
Naruto Vol. 1 (1st Printing),Naruto Vol. 1 (1st Printing),2026-01-28,google_trends,13.3
Naruto Vol. 1 (1st Printing),Naruto Vol. 1 (1st Printing),2026-01-29,google_trends,14
Naruto Vol. 1 (1st Printing),Naruto Vol. 1 (1st Printing),2026-01-30,google_trends,14.2
Naruto Vol. 1 (1st Printing),Naruto Vol. 1 (1st Printing),2026-01-31,google_trends,16.1
Naruto Vol. 1 (1st Printing),Naruto Vol. 1 (1st Printing),2026-02-01,google_trends,16.5
Naruto Vol. 1 (1st Printing),Naruto Vol. 1 (1st Printing),2026-02-02,google_trends,15.9
Naruto Vol. 1 (1st Printing),Naruto Vol. 1 (1st Printing),2026-02-03,google_trends,16.9
Naruto Vol. 1 (1st Printing),Naruto Vol. 1 (1st Printing),2026-02-04,google_trends,16.4
Naruto Vol. 1 (1st Printing),Naruto Vol. 1 (1st Printing),2026-02-05,google_trends,14.7
Naruto Vol. 1 (1st Printing),Naruto Vol. 1 (1st Printing),2026-02-06,google_trends,16.7
Naruto Vol. 1 (1st Printing),Naruto Vol. 1 (1st Printing),2026-02-07,google_trends,14.1
Naruto Vol. 1 (1st Printing),Naruto Vol. 1 (1st Printing),2026-02-08,google_trends,14.3
Naruto Vol. 1 (1st Printing),Naruto Vol. 1 (1st Printing),2026-02-09,google_trends,14
Naruto Vol. 1 (1st Printing),Naruto Vol. 1 (1st Printing),2026-02-10,google_trends,16.2
Naruto Vol. 1 (1st Printing),Naruto Vol. 1 (1st Printing),2026-02-11,google_trends,13.1
Naruto Vol. 1 (1st Printing),Naruto Vol. 1 (1st Printing),2026-02-12,google_trends,13.9
Naruto Vol. 1 (1st Printing),Naruto Vol. 1 (1st Printing),2026-02-13,google_trends,13.6
Naruto Vol. 1 (1st Printing),Naruto Vol. 1 (1st Printing),2026-02-14,google_trends,16
Naruto Vol. 1 (1st Printing),Naruto Vol. 1 (1st Printing),2026-02-15,google_trends,14.9
Naruto Vol. 1 (1st Printing),Naruto Vol. 1 (1st Printing),2026-02-16,google_trends,16.4
Naruto Vol. 1 (1st Printing),Naruto Vol. 1 (1st Printing),2026-02-17,google_trends,14.3
Naruto Vol. 1 (1st Printing),Naruto Vol. 1 (1st Printing),2026-02-18,google_trends,15.9
Naruto Vol. 1 (1st Printing),Naruto Vol. 1 (1st Printing),2026-02-19,google_trends,14.8
Naruto Vol. 1 (1st Printing),Naruto Vol. 1 (1st Printing),2026-02-20,google_trends,15.2
Naruto Vol. 1 (1st Printing),Naruto Vol. 1 (1st Printing),2026-02-21,google_trends,14
Naruto Vol. 1 (1st Printing),Naruto Vol. 1 (1st Printing),2026-02-22,google_trends,14.7
Naruto Vol. 1 (1st Printing),Naruto Vol. 1 (1st Printing),2026-02-23,google_trends,16
Naruto Vol. 1 (1st Printing),Naruto Vol. 1 (1st Printing),2026-02-24,google_trends,13.6
Naruto Vol. 1 (1st Printing),Naruto Vol. 1 (1st Printing),2026-02-25,google_trends,16.3
Naruto Vol. 1 (1st Printing),Naruto Vol. 1 (1st Printing),2026-02-26,google_trends,15.6
Naruto Vol. 1 (1st Printing),Naruto Vol. 1 (1st Printing),2026-02-27,google_trends,16.2
Naruto Vol. 1 (1st Printing),Naruto Vol. 1 (1st Printing),2026-02-28,google_trends,16.9
Naruto Vol. 1 (1st Printing),Naruto Vol. 1 (1st Printing),2026-03-01,google_trends,13
Naruto Vol. 1 (1st Printing),Naruto Vol. 1 (1st Printing),2026-03-02,google_trends,16.4
Naruto Vol. 1 (1st Printing),Naruto Vol. 1 (1st Printing),2026-03-03,google_trends,16.7
Naruto Vol. 1 (1st Printing),Naruto Vol. 1 (1st Printing),2026-03-04,google_trends,15.8
Naruto Vol. 1 (1st Printing),Naruto Vol. 1 (1st Printing),2026-03-05,google_trends,13.4
Naruto Vol. 1 (1st Printing),Naruto Vol. 1 (1st Printing),2026-03-06,google_trends,13.5
Naruto Vol. 1 (1st Printing),Naruto Vol. 1 (1st Printing),2026-03-07,google_trends,14.8
Naruto Vol. 1 (1st Printing),Naruto Vol. 1 (1st Printing),2026-03-08,google_trends,13.6
Naruto Vol. 1 (1st Printing),Naruto Vol. 1 (1st Printing),2026-03-09,google_trends,15.1
Naruto Vol. 1 (1st Printing),Naruto Vol. 1 (1st Printing),2026-03-10,google_trends,14.4
Naruto Vol. 1 (1st Printing),Naruto Vol. 1 (1st Printing),2026-03-11,google_trends,15.5
Naruto Vol. 1 (1st Printing),Naruto Vol. 1 (1st Printing),2026-03-12,google_trends,15.9
Naruto Vol. 1 (1st Printing),Naruto Vol. 1 (1st Printing),2026-03-13,google_trends,14.8
Naruto Vol. 1 (1st Printing),Naruto Vol. 1 (1st Printing),2026-03-14,google_trends,16.1
Naruto Vol. 1 (1st Printing),Naruto Vol. 1 (1st Printing),2026-03-15,google_trends,15.1
Naruto Vol. 1 (1st Printing),Naruto Vol. 1 (1st Printing),2026-03-16,google_trends,15.8
Naruto Vol. 1 (1st Printing),Naruto Vol. 1 (1st Printing),2026-03-17,google_trends,13.7
Naruto Vol. 1 (1st Printing),Naruto Vol. 1 (1st Printing),2026-03-18,google_trends,15.3
Naruto Vol. 1 (1st Printing),Naruto Vol. 1 (1st Printing),2026-03-19,google_trends,15.6
Naruto Vol. 1 (1st Printing),Naruto Vol. 1 (1st Printing),2026-03-20,google_trends,16.4
Naruto Vol. 1 (1st Printing),Naruto Vol. 1 (1st Printing),2026-03-21,google_trends,14
Naruto Vol. 1 (1st Printing),Naruto Vol. 1 (1st Printing),2026-03-22,google_trends,15.7
Naruto Vol. 1 (1st Printing),Naruto Vol. 1 (1st Printing),2026-03-23,google_trends,13.3
Naruto Vol. 1 (1st Printing),Naruto Vol. 1 (1st Printing),2026-03-24,google_trends,16.2
Naruto Vol. 1 (1st Printing),Naruto Vol. 1 (1st Printing),2026-03-25,google_trends,16.7
Naruto Vol. 1 (1st Printing),Naruto Vol. 1 (1st Printing),2026-03-26,google_trends,17
Naruto Vol. 1 (1st Printing),Naruto Vol. 1 (1st Printing),2026-03-27,google_trends,16.6
Naruto Vol. 1 (1st Printing),Naruto Vol. 1 (1st Printing),2026-03-28,google_trends,13.4
Naruto Vol. 1 (1st Printing),Naruto Vol. 1 (1st Printing),2026-03-29,google_trends,14.6
Naruto Vol. 1 (1st Printing),Naruto Vol. 1 (1st Printing),2026-03-30,google_trends,13.2
Naruto Vol. 1 (1st Printing),Naruto Vol. 1 (1st Printing),2026-03-31,google_trends,15.6
Naruto Vol. 1 (1st Printing),Naruto Vol. 1 (1st Printing),2026-04-01,google_trends,15.4
Naruto Vol. 1 (1st Printing),Naruto Vol. 1 (1st Printing),2026-04-02,google_trends,13.2
Naruto Vol. 1 (1st Printing),Naruto Vol. 1 (1st Printing),2026-04-03,google_trends,15.1
Naruto Vol. 1 (1st Printing),Naruto Vol. 1 (1st Printing),2026-04-04,google_trends,15.3
Naruto Vol. 1 (1st Printing),Naruto Vol. 1 (1st Printing),2026-04-05,google_trends,15.3
Naruto Vol. 1 (1st Printing),Naruto Vol. 1 (1st Printing),2026-04-06,google_trends,15.4
Naruto Vol. 1 (1st Printing),Naruto Vol. 1 (1st Printing),2026-04-07,google_trends,16.7
Naruto Vol. 1 (1st Printing),Naruto Vol. 1 (1st Printing),2026-04-08,google_trends,14.8
Naruto Vol. 1 (1st Printing),Naruto Vol. 1 (1st Printing),2026-04-09,google_trends,15.1
Naruto Vol. 1 (1st Printing),Naruto Vol. 1 (1st Printing),2026-04-10,google_trends,16.7
Naruto Vol. 1 (1st Printing),Naruto Vol. 1 (1st Printing),2026-04-11,google_trends,14.8
Naruto Vol. 1 (1st Printing),Naruto Vol. 1 (1st Printing),2026-04-12,google_trends,16.3
Naruto Vol. 1 (1st Printing),Naruto Vol. 1 (1st Printing),2026-04-13,google_trends,14.6
Naruto Vol. 1 (1st Printing),Naruto Vol. 1 (1st Printing),2026-04-14,google_trends,15.1
Naruto Vol. 1 (1st Printing),Naruto Vol. 1 (1st Printing),2026-04-15,google_trends,17
Naruto Vol. 1 (1st Printing),Naruto Vol. 1 (1st Printing),2026-04-16,google_trends,16.2
Naruto Vol. 1 (1st Printing),Naruto Vol. 1 (1st Printing),2026-04-17,google_trends,16.9
Naruto Vol. 1 (1st Printing),Naruto Vol. 1 (1st Printing),2026-04-18,google_trends,14.8
Naruto Vol. 1 (1st Printing),Naruto Vol. 1 (1st Printing),2026-04-19,google_trends,15.1
Naruto Vol. 1 (1st Printing),Naruto Vol. 1 (1st Printing),2026-04-20,google_trends,13.7
Naruto Vol. 1 (1st Printing),Naruto Vol. 1 (1st Printing),2026-04-21,google_trends,16.4
Naruto Vol. 1 (1st Printing),Naruto Vol. 1 (1st Printing),2026-04-22,google_trends,16.6
Naruto Vol. 1 (1st Printing),Naruto Vol. 1 (1st Printing),2026-04-23,google_trends,15.9
Naruto Vol. 1 (1st Printing),Naruto Vol. 1 (1st Printing),2026-04-24,google_trends,14.4
Naruto Vol. 1 (1st Printing),Naruto Vol. 1 (1st Printing),2026-04-25,google_trends,16.5
Naruto Vol. 1 (1st Printing),Naruto Vol. 1 (1st Printing),2026-04-26,google_trends,13
Naruto Vol. 1 (1st Printing),Naruto Vol. 1 (1st Printing),2026-04-27,google_trends,15.7
Naruto Vol. 1 (1st Printing),Naruto Vol. 1 (1st Printing),2026-04-28,google_trends,14.9
Naruto Vol. 1 (1st Printing),Naruto Vol. 1 (1st Printing),2026-04-29,google_trends,16.4
Naruto Vol. 1 (1st Printing),Naruto Vol. 1 (1st Printing),2026-04-30,google_trends,16.3
Naruto Vol. 1 (1st Printing),Naruto Vol. 1 (1st Printing),2026-05-01,google_trends,15.7
Naruto Vol. 1 (1st Printing),Naruto Vol. 1 (1st Printing),2026-05-02,google_trends,16
Naruto Vol. 1 (1st Printing),Naruto Vol. 1 (1st Printing),2026-05-03,google_trends,15
Naruto Vol. 1 (1st Printing),Naruto Vol. 1 (1st Printing),2026-05-04,google_trends,16.3
Naruto Vol. 1 (1st Printing),Naruto Vol. 1 (1st Printing),2026-05-05,google_trends,14.9
Naruto Vol. 1 (1st Printing),Naruto Vol. 1 (1st Printing),2026-05-06,google_trends,16.3
Naruto Vol. 1 (1st Printing),Naruto Vol. 1 (1st Printing),2026-05-07,google_trends,13.4
Naruto Vol. 1 (1st Printing),Naruto Vol. 1 (1st Printing),2026-05-08,google_trends,15.4
Naruto Vol. 1 (1st Printing),Naruto Vol. 1 (1st Printing),2026-05-09,google_trends,15.8
Naruto Vol. 1 (1st Printing),Naruto Vol. 1 (1st Printing),2026-05-10,google_trends,15
Naruto Vol. 1 (1st Printing),Naruto Vol. 1 (1st Printing),2026-05-11,google_trends,15
Naruto Vol. 1 (1st Printing),Naruto Vol. 1 (1st Printing),2026-05-12,google_trends,16.7
Naruto Vol. 1 (1st Printing),Naruto Vol. 1 (1st Printing),2026-05-13,google_trends,13.4
Naruto Vol. 1 (1st Printing),Naruto Vol. 1 (1st Printing),2026-05-14,google_trends,15
Naruto Vol. 1 (1st Printing),Naruto Vol. 1 (1st Printing),2026-05-15,google_trends,17
Naruto Vol. 1 (1st Printing),Naruto Vol. 1 (1st Printing),2026-05-16,google_trends,13.3
Naruto Vol. 1 (1st Printing),Naruto Vol. 1 (1st Printing),2026-05-17,google_trends,15.1
Naruto Vol. 1 (1st Printing),Naruto Vol. 1 (1st Printing),2026-05-18,google_trends,13.4
Naruto Vol. 1 (1st Printing),Naruto Vol. 1 (1st Printing),2026-05-19,google_trends,16.1
Naruto Vol. 1 (1st Printing),Naruto Vol. 1 (1st Printing),2026-05-20,google_trends,16.9
Naruto Vol. 1 (1st Printing),Naruto Vol. 1 (1st Printing),2026-05-21,google_trends,16.1
Naruto Vol. 1 (1st Printing),Naruto Vol. 1 (1st Printing),2026-05-22,google_trends,14.7
Naruto Vol. 1 (1st Printing),Naruto Vol. 1 (1st Printing),2026-05-23,google_trends,16.4
Naruto Vol. 1 (1st Printing),Naruto Vol. 1 (1st Printing),2026-05-24,google_trends,14.7
Naruto Vol. 1 (1st Printing),Naruto Vol. 1 (1st Printing),2026-05-25,google_trends,16.8
Naruto Vol. 1 (1st Printing),Naruto Vol. 1 (1st Printing),2026-05-26,google_trends,16.1
Naruto Vol. 1 (1st Printing),Naruto Vol. 1 (1st Printing),2026-05-27,google_trends,13.1
Naruto Vol. 1 (1st Printing),Naruto Vol. 1 (1st Printing),2026-05-28,google_trends,14.3
Naruto Vol. 1 (1st Printing),Naruto Vol. 1 (1st Printing),2026-05-29,google_trends,16.1
Naruto Vol. 1 (1st Printing),Naruto Vol. 1 (1st Printing),2026-05-30,google_trends,13.5
Naruto Vol. 1 (1st Printing),Naruto Vol. 1 (1st Printing),2026-05-31,google_trends,16
Naruto Vol. 1 (1st Printing),Naruto Vol. 1 (1st Printing),2026-06-01,google_trends,14.1
Naruto Vol. 1 (1st Printing),Naruto Vol. 1 (1st Printing),2026-06-02,google_trends,15.5
Naruto Vol. 1 (1st Printing),Naruto Vol. 1 (1st Printing),2026-06-03,google_trends,17.7
Naruto Vol. 1 (1st Printing),Naruto Vol. 1 (1st Printing),2026-06-04,google_trends,18.8
Naruto Vol. 1 (1st Printing),Naruto Vol. 1 (1st Printing),2026-06-05,google_trends,21.6
Naruto Vol. 1 (1st Printing),Naruto Vol. 1 (1st Printing),2026-06-06,google_trends,20.4
Naruto Vol. 1 (1st Printing),Naruto Vol. 1 (1st Printing),2026-06-07,google_trends,24.7
Naruto Vol. 1 (1st Printing),Naruto Vol. 1 (1st Printing),2026-06-08,google_trends,22.5
Naruto Vol. 1 (1st Printing),Naruto Vol. 1 (1st Printing),2026-06-09,google_trends,25
Naruto Vol. 1 (1st Printing),Naruto Vol. 1 (1st Printing),2026-06-10,google_trends,27.3
Naruto Vol. 1 (1st Printing),Naruto Vol. 1 (1st Printing),2026-06-11,google_trends,30.3
Naruto Vol. 1 (1st Printing),Naruto Vol. 1 (1st Printing),2026-06-12,google_trends,30.3
Naruto Vol. 1 (1st Printing),Naruto Vol. 1 (1st Printing),2026-06-13,google_trends,31.7
Naruto Vol. 1 (1st Printing),Naruto Vol. 1 (1st Printing),2026-06-14,google_trends,31.4
Naruto Vol. 1 (1st Printing),Naruto Vol. 1 (1st Printing),2026-06-15,google_trends,32.7
Naruto Vol. 1 (1st Printing),Naruto Vol. 1 (1st Printing),2026-06-16,google_trends,36.7
Naruto Vol. 1 (1st Printing),Naruto Vol. 1 (1st Printing),2026-06-17,google_trends,35.5
Naruto Vol. 1 (1st Printing),Naruto Vol. 1 (1st Printing),2026-06-18,google_trends,37.8
Naruto Vol. 1 (1st Printing),Naruto Vol. 1 (1st Printing),2026-06-19,google_trends,41.1
Naruto Vol. 1 (1st Printing),Naruto Vol. 1 (1st Printing),2026-06-20,google_trends,42.6
Naruto Vol. 1 (1st Printing),Naruto Vol. 1 (1st Printing),2026-06-21,google_trends,40.6
Naruto Vol. 1 (1st Printing),Naruto Vol. 1 (1st Printing),2026-06-22,google_trends,44
Naruto Vol. 1 (1st Printing),Naruto Vol. 1 (1st Printing),2026-06-23,google_trends,46.3
Naruto Vol. 1 (1st Printing),Naruto Vol. 1 (1st Printing),2026-06-24,google_trends,46.2
Naruto Vol. 1 (1st Printing),Naruto Vol. 1 (1st Printing),2026-06-25,google_trends,48.2
Naruto Vol. 1 (1st Printing),Naruto Vol. 1 (1st Printing),2026-06-26,google_trends,47.4
Naruto Vol. 1 (1st Printing),Naruto Vol. 1 (1st Printing),2026-06-27,google_trends,51.4
Naruto Vol. 1 (1st Printing),Naruto Vol. 1 (1st Printing),2026-06-28,google_trends,53.3
Naruto Vol. 1 (1st Printing),Naruto Vol. 1 (1st Printing),2026-06-29,google_trends,53.8
Naruto Vol. 1 (1st Printing),Naruto Vol. 1 (1st Printing),2026-06-30,google_trends,54.3
Naruto Vol. 1 (1st Printing),Naruto Vol. 1 (1st Printing),2026-07-01,google_trends,57.2
Naruto Vol. 1 (1st Printing),Naruto Vol. 1 (1st Printing),2026-07-02,google_trends,55.9
Naruto Vol. 1 (1st Printing),Naruto Vol. 1 (1st Printing),2026-07-03,google_trends,57.4
Naruto Vol. 1 (1st Printing),Naruto Vol. 1 (1st Printing),2026-07-04,google_trends,59.8
Naruto Vol. 1 (1st Printing),Naruto Vol. 1 (1st Printing),2026-07-05,google_trends,62.4
Naruto Vol. 1 (1st Printing),Naruto Vol. 1 (1st Printing),2026-07-06,google_trends,61.1
Naruto Vol. 1 (1st Printing),Naruto Vol. 1 (1st Printing),2026-07-07,google_trends,63.6
Naruto Vol. 1 (1st Printing),Naruto Vol. 1 (1st Printing),2026-07-08,google_trends,64.7
Naruto Vol. 1 (1st Printing),Naruto Vol. 1 (1st Printing),2026-07-09,google_trends,65.8
Naruto Vol. 1 (1st Printing),Naruto Vol. 1 (1st Printing),2026-07-10,google_trends,67.8
Naruto Vol. 1 (1st Printing),Naruto Vol. 1 (1st Printing),2026-07-11,google_trends,69.2
Naruto Vol. 1 (1st Printing),Naruto Vol. 1 (1st Printing),2026-07-12,google_trends,72.3
Naruto Vol. 1 (1st Printing),Naruto Vol. 1 (1st Printing),2026-07-13,google_trends,73
Naruto Vol. 1 (1st Printing),Naruto Vol. 1 (1st Printing),2026-07-14,google_trends,74.5
Naruto Vol. 1 (1st Printing),Naruto Vol. 1 (1st Printing),2026-07-15,google_trends,74.3
Naruto Vol. 1 (1st Printing),Naruto Vol. 1 (1st Printing),2026-07-16,google_trends,77.1
Naruto Vol. 1 (1st Printing),Naruto Vol. 1 (1st Printing),2026-07-17,google_trends,78.7
Naruto Vol. 1 (1st Printing),Naruto Vol. 1 (1st Printing),2026-07-18,google_trends,77.7
Naruto Vol. 1 (1st Printing),Naruto Vol. 1 (1st Printing),2026-07-19,google_trends,81.6
Naruto Vol. 1 (1st Printing),Naruto Vol. 1 (1st Printing),2026-07-20,google_trends,81.2
Naruto Vol. 1 (1st Printing),Naruto Vol. 1 (1st Printing),2026-07-21,google_trends,84.4
Naruto Vol. 1 (1st Printing),Naruto Vol. 1 (1st Printing),2026-07-22,google_trends,84.8
Naruto Vol. 1 (1st Printing),Naruto Vol. 1 (1st Printing),2026-07-23,google_trends,85.1
Naruto Vol. 1 (1st Printing),Naruto Vol. 1 (1st Printing),2026-07-24,google_trends,87.8
Naruto Vol. 1 (1st Printing),Naruto Vol. 1 (1st Printing),2026-07-25,google_trends,87.6
One Piece Vol. 1 (1st Printing),One Piece Vol. 1 (1st Printing),2025-10-29,google_trends,13.1
One Piece Vol. 1 (1st Printing),One Piece Vol. 1 (1st Printing),2025-10-30,google_trends,17
One Piece Vol. 1 (1st Printing),One Piece Vol. 1 (1st Printing),2025-10-31,google_trends,14.6
One Piece Vol. 1 (1st Printing),One Piece Vol. 1 (1st Printing),2025-11-01,google_trends,15.8
One Piece Vol. 1 (1st Printing),One Piece Vol. 1 (1st Printing),2025-11-02,google_trends,15.2
One Piece Vol. 1 (1st Printing),One Piece Vol. 1 (1st Printing),2025-11-03,google_trends,16.2
One Piece Vol. 1 (1st Printing),One Piece Vol. 1 (1st Printing),2025-11-04,google_trends,16.8
One Piece Vol. 1 (1st Printing),One Piece Vol. 1 (1st Printing),2025-11-05,google_trends,15
One Piece Vol. 1 (1st Printing),One Piece Vol. 1 (1st Printing),2025-11-06,google_trends,15.9
One Piece Vol. 1 (1st Printing),One Piece Vol. 1 (1st Printing),2025-11-07,google_trends,14.1
One Piece Vol. 1 (1st Printing),One Piece Vol. 1 (1st Printing),2025-11-08,google_trends,16
One Piece Vol. 1 (1st Printing),One Piece Vol. 1 (1st Printing),2025-11-09,google_trends,13.5
One Piece Vol. 1 (1st Printing),One Piece Vol. 1 (1st Printing),2025-11-10,google_trends,15.2
One Piece Vol. 1 (1st Printing),One Piece Vol. 1 (1st Printing),2025-11-11,google_trends,13.8
One Piece Vol. 1 (1st Printing),One Piece Vol. 1 (1st Printing),2025-11-12,google_trends,16.7
One Piece Vol. 1 (1st Printing),One Piece Vol. 1 (1st Printing),2025-11-13,google_trends,15.8
One Piece Vol. 1 (1st Printing),One Piece Vol. 1 (1st Printing),2025-11-14,google_trends,15.2
One Piece Vol. 1 (1st Printing),One Piece Vol. 1 (1st Printing),2025-11-15,google_trends,14.9
One Piece Vol. 1 (1st Printing),One Piece Vol. 1 (1st Printing),2025-11-16,google_trends,15.4
One Piece Vol. 1 (1st Printing),One Piece Vol. 1 (1st Printing),2025-11-17,google_trends,13.5
One Piece Vol. 1 (1st Printing),One Piece Vol. 1 (1st Printing),2025-11-18,google_trends,16.6
One Piece Vol. 1 (1st Printing),One Piece Vol. 1 (1st Printing),2025-11-19,google_trends,16.5
One Piece Vol. 1 (1st Printing),One Piece Vol. 1 (1st Printing),2025-11-20,google_trends,16.9
One Piece Vol. 1 (1st Printing),One Piece Vol. 1 (1st Printing),2025-11-21,google_trends,14.9
One Piece Vol. 1 (1st Printing),One Piece Vol. 1 (1st Printing),2025-11-22,google_trends,16
One Piece Vol. 1 (1st Printing),One Piece Vol. 1 (1st Printing),2025-11-23,google_trends,14.6
One Piece Vol. 1 (1st Printing),One Piece Vol. 1 (1st Printing),2025-11-24,google_trends,15.4
One Piece Vol. 1 (1st Printing),One Piece Vol. 1 (1st Printing),2025-11-25,google_trends,15.1
One Piece Vol. 1 (1st Printing),One Piece Vol. 1 (1st Printing),2025-11-26,google_trends,15
One Piece Vol. 1 (1st Printing),One Piece Vol. 1 (1st Printing),2025-11-27,google_trends,15.4
One Piece Vol. 1 (1st Printing),One Piece Vol. 1 (1st Printing),2025-11-28,google_trends,14.3
One Piece Vol. 1 (1st Printing),One Piece Vol. 1 (1st Printing),2025-11-29,google_trends,15.2
One Piece Vol. 1 (1st Printing),One Piece Vol. 1 (1st Printing),2025-11-30,google_trends,16.1
One Piece Vol. 1 (1st Printing),One Piece Vol. 1 (1st Printing),2025-12-01,google_trends,15.4
One Piece Vol. 1 (1st Printing),One Piece Vol. 1 (1st Printing),2025-12-02,google_trends,16.2
One Piece Vol. 1 (1st Printing),One Piece Vol. 1 (1st Printing),2025-12-03,google_trends,17
One Piece Vol. 1 (1st Printing),One Piece Vol. 1 (1st Printing),2025-12-04,google_trends,16
One Piece Vol. 1 (1st Printing),One Piece Vol. 1 (1st Printing),2025-12-05,google_trends,15.2
One Piece Vol. 1 (1st Printing),One Piece Vol. 1 (1st Printing),2025-12-06,google_trends,14.7
One Piece Vol. 1 (1st Printing),One Piece Vol. 1 (1st Printing),2025-12-07,google_trends,17.5
One Piece Vol. 1 (1st Printing),One Piece Vol. 1 (1st Printing),2025-12-08,google_trends,15.7
One Piece Vol. 1 (1st Printing),One Piece Vol. 1 (1st Printing),2025-12-09,google_trends,14.2
One Piece Vol. 1 (1st Printing),One Piece Vol. 1 (1st Printing),2025-12-10,google_trends,17.7
One Piece Vol. 1 (1st Printing),One Piece Vol. 1 (1st Printing),2025-12-11,google_trends,14.4
One Piece Vol. 1 (1st Printing),One Piece Vol. 1 (1st Printing),2025-12-12,google_trends,15.7
One Piece Vol. 1 (1st Printing),One Piece Vol. 1 (1st Printing),2025-12-13,google_trends,18.1
One Piece Vol. 1 (1st Printing),One Piece Vol. 1 (1st Printing),2025-12-14,google_trends,16.9
One Piece Vol. 1 (1st Printing),One Piece Vol. 1 (1st Printing),2025-12-15,google_trends,15.3
One Piece Vol. 1 (1st Printing),One Piece Vol. 1 (1st Printing),2025-12-16,google_trends,15.6
One Piece Vol. 1 (1st Printing),One Piece Vol. 1 (1st Printing),2025-12-17,google_trends,16.5
One Piece Vol. 1 (1st Printing),One Piece Vol. 1 (1st Printing),2025-12-18,google_trends,16.4
One Piece Vol. 1 (1st Printing),One Piece Vol. 1 (1st Printing),2025-12-19,google_trends,15.2
One Piece Vol. 1 (1st Printing),One Piece Vol. 1 (1st Printing),2025-12-20,google_trends,17.3
One Piece Vol. 1 (1st Printing),One Piece Vol. 1 (1st Printing),2025-12-21,google_trends,18
One Piece Vol. 1 (1st Printing),One Piece Vol. 1 (1st Printing),2025-12-22,google_trends,17
One Piece Vol. 1 (1st Printing),One Piece Vol. 1 (1st Printing),2025-12-23,google_trends,15.8
One Piece Vol. 1 (1st Printing),One Piece Vol. 1 (1st Printing),2025-12-24,google_trends,15.6
One Piece Vol. 1 (1st Printing),One Piece Vol. 1 (1st Printing),2025-12-25,google_trends,15.5
One Piece Vol. 1 (1st Printing),One Piece Vol. 1 (1st Printing),2025-12-26,google_trends,17.8
One Piece Vol. 1 (1st Printing),One Piece Vol. 1 (1st Printing),2025-12-27,google_trends,18.2
One Piece Vol. 1 (1st Printing),One Piece Vol. 1 (1st Printing),2025-12-28,google_trends,14.9
One Piece Vol. 1 (1st Printing),One Piece Vol. 1 (1st Printing),2025-12-29,google_trends,18.3
One Piece Vol. 1 (1st Printing),One Piece Vol. 1 (1st Printing),2025-12-30,google_trends,18.1
One Piece Vol. 1 (1st Printing),One Piece Vol. 1 (1st Printing),2025-12-31,google_trends,17.8
One Piece Vol. 1 (1st Printing),One Piece Vol. 1 (1st Printing),2026-01-01,google_trends,15.2
One Piece Vol. 1 (1st Printing),One Piece Vol. 1 (1st Printing),2026-01-02,google_trends,15.9
One Piece Vol. 1 (1st Printing),One Piece Vol. 1 (1st Printing),2026-01-03,google_trends,16.2
One Piece Vol. 1 (1st Printing),One Piece Vol. 1 (1st Printing),2026-01-04,google_trends,18.5
One Piece Vol. 1 (1st Printing),One Piece Vol. 1 (1st Printing),2026-01-05,google_trends,15.6
One Piece Vol. 1 (1st Printing),One Piece Vol. 1 (1st Printing),2026-01-06,google_trends,18
One Piece Vol. 1 (1st Printing),One Piece Vol. 1 (1st Printing),2026-01-07,google_trends,15.7
One Piece Vol. 1 (1st Printing),One Piece Vol. 1 (1st Printing),2026-01-08,google_trends,17.2
One Piece Vol. 1 (1st Printing),One Piece Vol. 1 (1st Printing),2026-01-09,google_trends,15.5
One Piece Vol. 1 (1st Printing),One Piece Vol. 1 (1st Printing),2026-01-10,google_trends,16
One Piece Vol. 1 (1st Printing),One Piece Vol. 1 (1st Printing),2026-01-11,google_trends,18.3
One Piece Vol. 1 (1st Printing),One Piece Vol. 1 (1st Printing),2026-01-12,google_trends,16
One Piece Vol. 1 (1st Printing),One Piece Vol. 1 (1st Printing),2026-01-13,google_trends,15.6
One Piece Vol. 1 (1st Printing),One Piece Vol. 1 (1st Printing),2026-01-14,google_trends,15.9
One Piece Vol. 1 (1st Printing),One Piece Vol. 1 (1st Printing),2026-01-15,google_trends,15.7
One Piece Vol. 1 (1st Printing),One Piece Vol. 1 (1st Printing),2026-01-16,google_trends,18
One Piece Vol. 1 (1st Printing),One Piece Vol. 1 (1st Printing),2026-01-17,google_trends,15.4
One Piece Vol. 1 (1st Printing),One Piece Vol. 1 (1st Printing),2026-01-18,google_trends,16
One Piece Vol. 1 (1st Printing),One Piece Vol. 1 (1st Printing),2026-01-19,google_trends,15.4
One Piece Vol. 1 (1st Printing),One Piece Vol. 1 (1st Printing),2026-01-20,google_trends,15.2
One Piece Vol. 1 (1st Printing),One Piece Vol. 1 (1st Printing),2026-01-21,google_trends,15.8
One Piece Vol. 1 (1st Printing),One Piece Vol. 1 (1st Printing),2026-01-22,google_trends,18.2
One Piece Vol. 1 (1st Printing),One Piece Vol. 1 (1st Printing),2026-01-23,google_trends,17.4
One Piece Vol. 1 (1st Printing),One Piece Vol. 1 (1st Printing),2026-01-24,google_trends,17.9
One Piece Vol. 1 (1st Printing),One Piece Vol. 1 (1st Printing),2026-01-25,google_trends,16.6
One Piece Vol. 1 (1st Printing),One Piece Vol. 1 (1st Printing),2026-01-26,google_trends,16.2
One Piece Vol. 1 (1st Printing),One Piece Vol. 1 (1st Printing),2026-01-27,google_trends,16.4
One Piece Vol. 1 (1st Printing),One Piece Vol. 1 (1st Printing),2026-01-28,google_trends,15.5
One Piece Vol. 1 (1st Printing),One Piece Vol. 1 (1st Printing),2026-01-29,google_trends,16.2
One Piece Vol. 1 (1st Printing),One Piece Vol. 1 (1st Printing),2026-01-30,google_trends,19.3
One Piece Vol. 1 (1st Printing),One Piece Vol. 1 (1st Printing),2026-01-31,google_trends,19.4
One Piece Vol. 1 (1st Printing),One Piece Vol. 1 (1st Printing),2026-02-01,google_trends,17.8
One Piece Vol. 1 (1st Printing),One Piece Vol. 1 (1st Printing),2026-02-02,google_trends,17.5
One Piece Vol. 1 (1st Printing),One Piece Vol. 1 (1st Printing),2026-02-03,google_trends,19.3
One Piece Vol. 1 (1st Printing),One Piece Vol. 1 (1st Printing),2026-02-04,google_trends,19.4
One Piece Vol. 1 (1st Printing),One Piece Vol. 1 (1st Printing),2026-02-05,google_trends,15.7
One Piece Vol. 1 (1st Printing),One Piece Vol. 1 (1st Printing),2026-02-06,google_trends,17.4
One Piece Vol. 1 (1st Printing),One Piece Vol. 1 (1st Printing),2026-02-07,google_trends,18.1
One Piece Vol. 1 (1st Printing),One Piece Vol. 1 (1st Printing),2026-02-08,google_trends,18.8
One Piece Vol. 1 (1st Printing),One Piece Vol. 1 (1st Printing),2026-02-09,google_trends,18.6
One Piece Vol. 1 (1st Printing),One Piece Vol. 1 (1st Printing),2026-02-10,google_trends,18.4
One Piece Vol. 1 (1st Printing),One Piece Vol. 1 (1st Printing),2026-02-11,google_trends,17
One Piece Vol. 1 (1st Printing),One Piece Vol. 1 (1st Printing),2026-02-12,google_trends,18.5
One Piece Vol. 1 (1st Printing),One Piece Vol. 1 (1st Printing),2026-02-13,google_trends,17.8
One Piece Vol. 1 (1st Printing),One Piece Vol. 1 (1st Printing),2026-02-14,google_trends,17.9
One Piece Vol. 1 (1st Printing),One Piece Vol. 1 (1st Printing),2026-02-15,google_trends,19.1
One Piece Vol. 1 (1st Printing),One Piece Vol. 1 (1st Printing),2026-02-16,google_trends,15.9
One Piece Vol. 1 (1st Printing),One Piece Vol. 1 (1st Printing),2026-02-17,google_trends,19.2
One Piece Vol. 1 (1st Printing),One Piece Vol. 1 (1st Printing),2026-02-18,google_trends,16.8
One Piece Vol. 1 (1st Printing),One Piece Vol. 1 (1st Printing),2026-02-19,google_trends,18.8
One Piece Vol. 1 (1st Printing),One Piece Vol. 1 (1st Printing),2026-02-20,google_trends,18.9
One Piece Vol. 1 (1st Printing),One Piece Vol. 1 (1st Printing),2026-02-21,google_trends,16.1
One Piece Vol. 1 (1st Printing),One Piece Vol. 1 (1st Printing),2026-02-22,google_trends,17
One Piece Vol. 1 (1st Printing),One Piece Vol. 1 (1st Printing),2026-02-23,google_trends,18.2
One Piece Vol. 1 (1st Printing),One Piece Vol. 1 (1st Printing),2026-02-24,google_trends,18.8
One Piece Vol. 1 (1st Printing),One Piece Vol. 1 (1st Printing),2026-02-25,google_trends,16.7
One Piece Vol. 1 (1st Printing),One Piece Vol. 1 (1st Printing),2026-02-26,google_trends,18.2
One Piece Vol. 1 (1st Printing),One Piece Vol. 1 (1st Printing),2026-02-27,google_trends,18.9
One Piece Vol. 1 (1st Printing),One Piece Vol. 1 (1st Printing),2026-02-28,google_trends,18.7
One Piece Vol. 1 (1st Printing),One Piece Vol. 1 (1st Printing),2026-03-01,google_trends,18.7
One Piece Vol. 1 (1st Printing),One Piece Vol. 1 (1st Printing),2026-03-02,google_trends,19.2
One Piece Vol. 1 (1st Printing),One Piece Vol. 1 (1st Printing),2026-03-03,google_trends,16.9
One Piece Vol. 1 (1st Printing),One Piece Vol. 1 (1st Printing),2026-03-04,google_trends,17.7
One Piece Vol. 1 (1st Printing),One Piece Vol. 1 (1st Printing),2026-03-05,google_trends,17.7
One Piece Vol. 1 (1st Printing),One Piece Vol. 1 (1st Printing),2026-03-06,google_trends,18.7
One Piece Vol. 1 (1st Printing),One Piece Vol. 1 (1st Printing),2026-03-07,google_trends,18.9
One Piece Vol. 1 (1st Printing),One Piece Vol. 1 (1st Printing),2026-03-08,google_trends,19.4
One Piece Vol. 1 (1st Printing),One Piece Vol. 1 (1st Printing),2026-03-09,google_trends,16.7
One Piece Vol. 1 (1st Printing),One Piece Vol. 1 (1st Printing),2026-03-10,google_trends,19.1
One Piece Vol. 1 (1st Printing),One Piece Vol. 1 (1st Printing),2026-03-11,google_trends,18.4
One Piece Vol. 1 (1st Printing),One Piece Vol. 1 (1st Printing),2026-03-12,google_trends,19
One Piece Vol. 1 (1st Printing),One Piece Vol. 1 (1st Printing),2026-03-13,google_trends,18.5
One Piece Vol. 1 (1st Printing),One Piece Vol. 1 (1st Printing),2026-03-14,google_trends,17.3
One Piece Vol. 1 (1st Printing),One Piece Vol. 1 (1st Printing),2026-03-15,google_trends,16.9
One Piece Vol. 1 (1st Printing),One Piece Vol. 1 (1st Printing),2026-03-16,google_trends,18.4
One Piece Vol. 1 (1st Printing),One Piece Vol. 1 (1st Printing),2026-03-17,google_trends,20
One Piece Vol. 1 (1st Printing),One Piece Vol. 1 (1st Printing),2026-03-18,google_trends,17.2
One Piece Vol. 1 (1st Printing),One Piece Vol. 1 (1st Printing),2026-03-19,google_trends,17.5
One Piece Vol. 1 (1st Printing),One Piece Vol. 1 (1st Printing),2026-03-20,google_trends,19.6
One Piece Vol. 1 (1st Printing),One Piece Vol. 1 (1st Printing),2026-03-21,google_trends,19.9
One Piece Vol. 1 (1st Printing),One Piece Vol. 1 (1st Printing),2026-03-22,google_trends,18.2
One Piece Vol. 1 (1st Printing),One Piece Vol. 1 (1st Printing),2026-03-23,google_trends,18.1
One Piece Vol. 1 (1st Printing),One Piece Vol. 1 (1st Printing),2026-03-24,google_trends,20.7
One Piece Vol. 1 (1st Printing),One Piece Vol. 1 (1st Printing),2026-03-25,google_trends,19.1
One Piece Vol. 1 (1st Printing),One Piece Vol. 1 (1st Printing),2026-03-26,google_trends,18
One Piece Vol. 1 (1st Printing),One Piece Vol. 1 (1st Printing),2026-03-27,google_trends,19.9
One Piece Vol. 1 (1st Printing),One Piece Vol. 1 (1st Printing),2026-03-28,google_trends,17.2
One Piece Vol. 1 (1st Printing),One Piece Vol. 1 (1st Printing),2026-03-29,google_trends,20.6
One Piece Vol. 1 (1st Printing),One Piece Vol. 1 (1st Printing),2026-03-30,google_trends,17.4
One Piece Vol. 1 (1st Printing),One Piece Vol. 1 (1st Printing),2026-03-31,google_trends,18.9
One Piece Vol. 1 (1st Printing),One Piece Vol. 1 (1st Printing),2026-04-01,google_trends,20
One Piece Vol. 1 (1st Printing),One Piece Vol. 1 (1st Printing),2026-04-02,google_trends,19.5
One Piece Vol. 1 (1st Printing),One Piece Vol. 1 (1st Printing),2026-04-03,google_trends,19.2
One Piece Vol. 1 (1st Printing),One Piece Vol. 1 (1st Printing),2026-04-04,google_trends,20.6
One Piece Vol. 1 (1st Printing),One Piece Vol. 1 (1st Printing),2026-04-05,google_trends,17.2
One Piece Vol. 1 (1st Printing),One Piece Vol. 1 (1st Printing),2026-04-06,google_trends,17.4
One Piece Vol. 1 (1st Printing),One Piece Vol. 1 (1st Printing),2026-04-07,google_trends,20.6
One Piece Vol. 1 (1st Printing),One Piece Vol. 1 (1st Printing),2026-04-08,google_trends,17.8
One Piece Vol. 1 (1st Printing),One Piece Vol. 1 (1st Printing),2026-04-09,google_trends,18.6
One Piece Vol. 1 (1st Printing),One Piece Vol. 1 (1st Printing),2026-04-10,google_trends,18.9
One Piece Vol. 1 (1st Printing),One Piece Vol. 1 (1st Printing),2026-04-11,google_trends,17.9
One Piece Vol. 1 (1st Printing),One Piece Vol. 1 (1st Printing),2026-04-12,google_trends,20.4
One Piece Vol. 1 (1st Printing),One Piece Vol. 1 (1st Printing),2026-04-13,google_trends,19.6
One Piece Vol. 1 (1st Printing),One Piece Vol. 1 (1st Printing),2026-04-14,google_trends,18.8
One Piece Vol. 1 (1st Printing),One Piece Vol. 1 (1st Printing),2026-04-15,google_trends,17.7
One Piece Vol. 1 (1st Printing),One Piece Vol. 1 (1st Printing),2026-04-16,google_trends,19.2
One Piece Vol. 1 (1st Printing),One Piece Vol. 1 (1st Printing),2026-04-17,google_trends,20.1
One Piece Vol. 1 (1st Printing),One Piece Vol. 1 (1st Printing),2026-04-18,google_trends,18.3
One Piece Vol. 1 (1st Printing),One Piece Vol. 1 (1st Printing),2026-04-19,google_trends,18.6
One Piece Vol. 1 (1st Printing),One Piece Vol. 1 (1st Printing),2026-04-20,google_trends,20.2
One Piece Vol. 1 (1st Printing),One Piece Vol. 1 (1st Printing),2026-04-21,google_trends,18.8
One Piece Vol. 1 (1st Printing),One Piece Vol. 1 (1st Printing),2026-04-22,google_trends,19.4
One Piece Vol. 1 (1st Printing),One Piece Vol. 1 (1st Printing),2026-04-23,google_trends,18.9
One Piece Vol. 1 (1st Printing),One Piece Vol. 1 (1st Printing),2026-04-24,google_trends,19.5
One Piece Vol. 1 (1st Printing),One Piece Vol. 1 (1st Printing),2026-04-25,google_trends,17.9
One Piece Vol. 1 (1st Printing),One Piece Vol. 1 (1st Printing),2026-04-26,google_trends,19.5
One Piece Vol. 1 (1st Printing),One Piece Vol. 1 (1st Printing),2026-04-27,google_trends,17.8
One Piece Vol. 1 (1st Printing),One Piece Vol. 1 (1st Printing),2026-04-28,google_trends,20.4
One Piece Vol. 1 (1st Printing),One Piece Vol. 1 (1st Printing),2026-04-29,google_trends,18
One Piece Vol. 1 (1st Printing),One Piece Vol. 1 (1st Printing),2026-04-30,google_trends,20
One Piece Vol. 1 (1st Printing),One Piece Vol. 1 (1st Printing),2026-05-01,google_trends,19.6
One Piece Vol. 1 (1st Printing),One Piece Vol. 1 (1st Printing),2026-05-02,google_trends,19.2
One Piece Vol. 1 (1st Printing),One Piece Vol. 1 (1st Printing),2026-05-03,google_trends,19.2
One Piece Vol. 1 (1st Printing),One Piece Vol. 1 (1st Printing),2026-05-04,google_trends,20
One Piece Vol. 1 (1st Printing),One Piece Vol. 1 (1st Printing),2026-05-05,google_trends,20
One Piece Vol. 1 (1st Printing),One Piece Vol. 1 (1st Printing),2026-05-06,google_trends,19.5
One Piece Vol. 1 (1st Printing),One Piece Vol. 1 (1st Printing),2026-05-07,google_trends,21.6
One Piece Vol. 1 (1st Printing),One Piece Vol. 1 (1st Printing),2026-05-08,google_trends,20.8
One Piece Vol. 1 (1st Printing),One Piece Vol. 1 (1st Printing),2026-05-09,google_trends,19.8
One Piece Vol. 1 (1st Printing),One Piece Vol. 1 (1st Printing),2026-05-10,google_trends,18.3
One Piece Vol. 1 (1st Printing),One Piece Vol. 1 (1st Printing),2026-05-11,google_trends,19.8
One Piece Vol. 1 (1st Printing),One Piece Vol. 1 (1st Printing),2026-05-12,google_trends,20.5
One Piece Vol. 1 (1st Printing),One Piece Vol. 1 (1st Printing),2026-05-13,google_trends,20.9
One Piece Vol. 1 (1st Printing),One Piece Vol. 1 (1st Printing),2026-05-14,google_trends,20.6
One Piece Vol. 1 (1st Printing),One Piece Vol. 1 (1st Printing),2026-05-15,google_trends,20.6
One Piece Vol. 1 (1st Printing),One Piece Vol. 1 (1st Printing),2026-05-16,google_trends,19.1
One Piece Vol. 1 (1st Printing),One Piece Vol. 1 (1st Printing),2026-05-17,google_trends,21.3
One Piece Vol. 1 (1st Printing),One Piece Vol. 1 (1st Printing),2026-05-18,google_trends,19.6
One Piece Vol. 1 (1st Printing),One Piece Vol. 1 (1st Printing),2026-05-19,google_trends,20.4
One Piece Vol. 1 (1st Printing),One Piece Vol. 1 (1st Printing),2026-05-20,google_trends,21.8
One Piece Vol. 1 (1st Printing),One Piece Vol. 1 (1st Printing),2026-05-21,google_trends,21.6
One Piece Vol. 1 (1st Printing),One Piece Vol. 1 (1st Printing),2026-05-22,google_trends,20.2
One Piece Vol. 1 (1st Printing),One Piece Vol. 1 (1st Printing),2026-05-23,google_trends,19.3
One Piece Vol. 1 (1st Printing),One Piece Vol. 1 (1st Printing),2026-05-24,google_trends,20.9
One Piece Vol. 1 (1st Printing),One Piece Vol. 1 (1st Printing),2026-05-25,google_trends,20.2
One Piece Vol. 1 (1st Printing),One Piece Vol. 1 (1st Printing),2026-05-26,google_trends,22.2
One Piece Vol. 1 (1st Printing),One Piece Vol. 1 (1st Printing),2026-05-27,google_trends,20.5
One Piece Vol. 1 (1st Printing),One Piece Vol. 1 (1st Printing),2026-05-28,google_trends,20.3
One Piece Vol. 1 (1st Printing),One Piece Vol. 1 (1st Printing),2026-05-29,google_trends,21.3
One Piece Vol. 1 (1st Printing),One Piece Vol. 1 (1st Printing),2026-05-30,google_trends,19.7
One Piece Vol. 1 (1st Printing),One Piece Vol. 1 (1st Printing),2026-05-31,google_trends,21.3
One Piece Vol. 1 (1st Printing),One Piece Vol. 1 (1st Printing),2026-06-01,google_trends,22.3
One Piece Vol. 1 (1st Printing),One Piece Vol. 1 (1st Printing),2026-06-02,google_trends,20.6
One Piece Vol. 1 (1st Printing),One Piece Vol. 1 (1st Printing),2026-06-03,google_trends,19.2
One Piece Vol. 1 (1st Printing),One Piece Vol. 1 (1st Printing),2026-06-04,google_trends,20.8
One Piece Vol. 1 (1st Printing),One Piece Vol. 1 (1st Printing),2026-06-05,google_trends,18.9
One Piece Vol. 1 (1st Printing),One Piece Vol. 1 (1st Printing),2026-06-06,google_trends,21.9
One Piece Vol. 1 (1st Printing),One Piece Vol. 1 (1st Printing),2026-06-07,google_trends,20.4
One Piece Vol. 1 (1st Printing),One Piece Vol. 1 (1st Printing),2026-06-08,google_trends,20.5
One Piece Vol. 1 (1st Printing),One Piece Vol. 1 (1st Printing),2026-06-09,google_trends,20.5
One Piece Vol. 1 (1st Printing),One Piece Vol. 1 (1st Printing),2026-06-10,google_trends,20.7
One Piece Vol. 1 (1st Printing),One Piece Vol. 1 (1st Printing),2026-06-11,google_trends,21.1
One Piece Vol. 1 (1st Printing),One Piece Vol. 1 (1st Printing),2026-06-12,google_trends,19.5
One Piece Vol. 1 (1st Printing),One Piece Vol. 1 (1st Printing),2026-06-13,google_trends,21
One Piece Vol. 1 (1st Printing),One Piece Vol. 1 (1st Printing),2026-06-14,google_trends,21.5
One Piece Vol. 1 (1st Printing),One Piece Vol. 1 (1st Printing),2026-06-15,google_trends,20.3
One Piece Vol. 1 (1st Printing),One Piece Vol. 1 (1st Printing),2026-06-16,google_trends,22.3
One Piece Vol. 1 (1st Printing),One Piece Vol. 1 (1st Printing),2026-06-17,google_trends,19.4
One Piece Vol. 1 (1st Printing),One Piece Vol. 1 (1st Printing),2026-06-18,google_trends,19.7
One Piece Vol. 1 (1st Printing),One Piece Vol. 1 (1st Printing),2026-06-19,google_trends,20.3
One Piece Vol. 1 (1st Printing),One Piece Vol. 1 (1st Printing),2026-06-20,google_trends,19.2
One Piece Vol. 1 (1st Printing),One Piece Vol. 1 (1st Printing),2026-06-21,google_trends,22.4
One Piece Vol. 1 (1st Printing),One Piece Vol. 1 (1st Printing),2026-06-22,google_trends,20.7
One Piece Vol. 1 (1st Printing),One Piece Vol. 1 (1st Printing),2026-06-23,google_trends,21.7
One Piece Vol. 1 (1st Printing),One Piece Vol. 1 (1st Printing),2026-06-24,google_trends,22.3
One Piece Vol. 1 (1st Printing),One Piece Vol. 1 (1st Printing),2026-06-25,google_trends,20.3
One Piece Vol. 1 (1st Printing),One Piece Vol. 1 (1st Printing),2026-06-26,google_trends,22.5
One Piece Vol. 1 (1st Printing),One Piece Vol. 1 (1st Printing),2026-06-27,google_trends,21.9
One Piece Vol. 1 (1st Printing),One Piece Vol. 1 (1st Printing),2026-06-28,google_trends,21.7
One Piece Vol. 1 (1st Printing),One Piece Vol. 1 (1st Printing),2026-06-29,google_trends,22.3
One Piece Vol. 1 (1st Printing),One Piece Vol. 1 (1st Printing),2026-06-30,google_trends,20.2
One Piece Vol. 1 (1st Printing),One Piece Vol. 1 (1st Printing),2026-07-01,google_trends,21.7
One Piece Vol. 1 (1st Printing),One Piece Vol. 1 (1st Printing),2026-07-02,google_trends,22
One Piece Vol. 1 (1st Printing),One Piece Vol. 1 (1st Printing),2026-07-03,google_trends,22.4
One Piece Vol. 1 (1st Printing),One Piece Vol. 1 (1st Printing),2026-07-04,google_trends,22.8
One Piece Vol. 1 (1st Printing),One Piece Vol. 1 (1st Printing),2026-07-05,google_trends,21.6
One Piece Vol. 1 (1st Printing),One Piece Vol. 1 (1st Printing),2026-07-06,google_trends,21.9
One Piece Vol. 1 (1st Printing),One Piece Vol. 1 (1st Printing),2026-07-07,google_trends,22
One Piece Vol. 1 (1st Printing),One Piece Vol. 1 (1st Printing),2026-07-08,google_trends,22.4
One Piece Vol. 1 (1st Printing),One Piece Vol. 1 (1st Printing),2026-07-09,google_trends,19.9
One Piece Vol. 1 (1st Printing),One Piece Vol. 1 (1st Printing),2026-07-10,google_trends,20.3
One Piece Vol. 1 (1st Printing),One Piece Vol. 1 (1st Printing),2026-07-11,google_trends,21.1
One Piece Vol. 1 (1st Printing),One Piece Vol. 1 (1st Printing),2026-07-12,google_trends,20.8
One Piece Vol. 1 (1st Printing),One Piece Vol. 1 (1st Printing),2026-07-13,google_trends,20.1
One Piece Vol. 1 (1st Printing),One Piece Vol. 1 (1st Printing),2026-07-14,google_trends,20.8
One Piece Vol. 1 (1st Printing),One Piece Vol. 1 (1st Printing),2026-07-15,google_trends,21.1
One Piece Vol. 1 (1st Printing),One Piece Vol. 1 (1st Printing),2026-07-16,google_trends,23.6
One Piece Vol. 1 (1st Printing),One Piece Vol. 1 (1st Printing),2026-07-17,google_trends,22.6
One Piece Vol. 1 (1st Printing),One Piece Vol. 1 (1st Printing),2026-07-18,google_trends,21.5
One Piece Vol. 1 (1st Printing),One Piece Vol. 1 (1st Printing),2026-07-19,google_trends,22.9
One Piece Vol. 1 (1st Printing),One Piece Vol. 1 (1st Printing),2026-07-20,google_trends,21.8
One Piece Vol. 1 (1st Printing),One Piece Vol. 1 (1st Printing),2026-07-21,google_trends,22.9
One Piece Vol. 1 (1st Printing),One Piece Vol. 1 (1st Printing),2026-07-22,google_trends,22.1
One Piece Vol. 1 (1st Printing),One Piece Vol. 1 (1st Printing),2026-07-23,google_trends,20.5
One Piece Vol. 1 (1st Printing),One Piece Vol. 1 (1st Printing),2026-07-24,google_trends,22.9
One Piece Vol. 1 (1st Printing),One Piece Vol. 1 (1st Printing),2026-07-25,google_trends,23.6
Berserk Vol. 1 (1st Printing),Berserk Vol. 1 (1st Printing),2025-10-29,google_trends,16
Berserk Vol. 1 (1st Printing),Berserk Vol. 1 (1st Printing),2025-10-30,google_trends,14.2
Berserk Vol. 1 (1st Printing),Berserk Vol. 1 (1st Printing),2025-10-31,google_trends,14.7
Berserk Vol. 1 (1st Printing),Berserk Vol. 1 (1st Printing),2025-11-01,google_trends,16.5
Berserk Vol. 1 (1st Printing),Berserk Vol. 1 (1st Printing),2025-11-02,google_trends,14.4
Berserk Vol. 1 (1st Printing),Berserk Vol. 1 (1st Printing),2025-11-03,google_trends,14.4
Berserk Vol. 1 (1st Printing),Berserk Vol. 1 (1st Printing),2025-11-04,google_trends,14.1
Berserk Vol. 1 (1st Printing),Berserk Vol. 1 (1st Printing),2025-11-05,google_trends,15.9
Berserk Vol. 1 (1st Printing),Berserk Vol. 1 (1st Printing),2025-11-06,google_trends,15.8
Berserk Vol. 1 (1st Printing),Berserk Vol. 1 (1st Printing),2025-11-07,google_trends,16
Berserk Vol. 1 (1st Printing),Berserk Vol. 1 (1st Printing),2025-11-08,google_trends,16.2
Berserk Vol. 1 (1st Printing),Berserk Vol. 1 (1st Printing),2025-11-09,google_trends,15.6
Berserk Vol. 1 (1st Printing),Berserk Vol. 1 (1st Printing),2025-11-10,google_trends,16.6
Berserk Vol. 1 (1st Printing),Berserk Vol. 1 (1st Printing),2025-11-11,google_trends,16.8
Berserk Vol. 1 (1st Printing),Berserk Vol. 1 (1st Printing),2025-11-12,google_trends,14.9
Berserk Vol. 1 (1st Printing),Berserk Vol. 1 (1st Printing),2025-11-13,google_trends,16.6
Berserk Vol. 1 (1st Printing),Berserk Vol. 1 (1st Printing),2025-11-14,google_trends,14.7
Berserk Vol. 1 (1st Printing),Berserk Vol. 1 (1st Printing),2025-11-15,google_trends,17.2
Berserk Vol. 1 (1st Printing),Berserk Vol. 1 (1st Printing),2025-11-16,google_trends,15.8
Berserk Vol. 1 (1st Printing),Berserk Vol. 1 (1st Printing),2025-11-17,google_trends,17.8
Berserk Vol. 1 (1st Printing),Berserk Vol. 1 (1st Printing),2025-11-18,google_trends,17.6
Berserk Vol. 1 (1st Printing),Berserk Vol. 1 (1st Printing),2025-11-19,google_trends,15.5
Berserk Vol. 1 (1st Printing),Berserk Vol. 1 (1st Printing),2025-11-20,google_trends,15.7
Berserk Vol. 1 (1st Printing),Berserk Vol. 1 (1st Printing),2025-11-21,google_trends,17.7
Berserk Vol. 1 (1st Printing),Berserk Vol. 1 (1st Printing),2025-11-22,google_trends,15.4
Berserk Vol. 1 (1st Printing),Berserk Vol. 1 (1st Printing),2025-11-23,google_trends,15.4
Berserk Vol. 1 (1st Printing),Berserk Vol. 1 (1st Printing),2025-11-24,google_trends,16.5
Berserk Vol. 1 (1st Printing),Berserk Vol. 1 (1st Printing),2025-11-25,google_trends,17.3
Berserk Vol. 1 (1st Printing),Berserk Vol. 1 (1st Printing),2025-11-26,google_trends,17.7
Berserk Vol. 1 (1st Printing),Berserk Vol. 1 (1st Printing),2025-11-27,google_trends,14
Berserk Vol. 1 (1st Printing),Berserk Vol. 1 (1st Printing),2025-11-28,google_trends,15.6
Berserk Vol. 1 (1st Printing),Berserk Vol. 1 (1st Printing),2025-11-29,google_trends,15.3
Berserk Vol. 1 (1st Printing),Berserk Vol. 1 (1st Printing),2025-11-30,google_trends,15.1
Berserk Vol. 1 (1st Printing),Berserk Vol. 1 (1st Printing),2025-12-01,google_trends,16.4
Berserk Vol. 1 (1st Printing),Berserk Vol. 1 (1st Printing),2025-12-02,google_trends,15.2
Berserk Vol. 1 (1st Printing),Berserk Vol. 1 (1st Printing),2025-12-03,google_trends,15
Berserk Vol. 1 (1st Printing),Berserk Vol. 1 (1st Printing),2025-12-04,google_trends,17.7
Berserk Vol. 1 (1st Printing),Berserk Vol. 1 (1st Printing),2025-12-05,google_trends,16.2
Berserk Vol. 1 (1st Printing),Berserk Vol. 1 (1st Printing),2025-12-06,google_trends,15.5
Berserk Vol. 1 (1st Printing),Berserk Vol. 1 (1st Printing),2025-12-07,google_trends,14.9
Berserk Vol. 1 (1st Printing),Berserk Vol. 1 (1st Printing),2025-12-08,google_trends,17.6
Berserk Vol. 1 (1st Printing),Berserk Vol. 1 (1st Printing),2025-12-09,google_trends,15.3
Berserk Vol. 1 (1st Printing),Berserk Vol. 1 (1st Printing),2025-12-10,google_trends,15.4
Berserk Vol. 1 (1st Printing),Berserk Vol. 1 (1st Printing),2025-12-11,google_trends,16.6
Berserk Vol. 1 (1st Printing),Berserk Vol. 1 (1st Printing),2025-12-12,google_trends,16.3
Berserk Vol. 1 (1st Printing),Berserk Vol. 1 (1st Printing),2025-12-13,google_trends,16.1
Berserk Vol. 1 (1st Printing),Berserk Vol. 1 (1st Printing),2025-12-14,google_trends,14.4
Berserk Vol. 1 (1st Printing),Berserk Vol. 1 (1st Printing),2025-12-15,google_trends,16.4
Berserk Vol. 1 (1st Printing),Berserk Vol. 1 (1st Printing),2025-12-16,google_trends,15.3
Berserk Vol. 1 (1st Printing),Berserk Vol. 1 (1st Printing),2025-12-17,google_trends,15.2
Berserk Vol. 1 (1st Printing),Berserk Vol. 1 (1st Printing),2025-12-18,google_trends,15.5
Berserk Vol. 1 (1st Printing),Berserk Vol. 1 (1st Printing),2025-12-19,google_trends,15.2
Berserk Vol. 1 (1st Printing),Berserk Vol. 1 (1st Printing),2025-12-20,google_trends,15.7
Berserk Vol. 1 (1st Printing),Berserk Vol. 1 (1st Printing),2025-12-21,google_trends,15.9
Berserk Vol. 1 (1st Printing),Berserk Vol. 1 (1st Printing),2025-12-22,google_trends,14.6
Berserk Vol. 1 (1st Printing),Berserk Vol. 1 (1st Printing),2025-12-23,google_trends,17
Berserk Vol. 1 (1st Printing),Berserk Vol. 1 (1st Printing),2025-12-24,google_trends,17.2
Berserk Vol. 1 (1st Printing),Berserk Vol. 1 (1st Printing),2025-12-25,google_trends,15.5
Berserk Vol. 1 (1st Printing),Berserk Vol. 1 (1st Printing),2025-12-26,google_trends,14.8
Berserk Vol. 1 (1st Printing),Berserk Vol. 1 (1st Printing),2025-12-27,google_trends,17.3
Berserk Vol. 1 (1st Printing),Berserk Vol. 1 (1st Printing),2025-12-28,google_trends,16.1
Berserk Vol. 1 (1st Printing),Berserk Vol. 1 (1st Printing),2025-12-29,google_trends,16.1
Berserk Vol. 1 (1st Printing),Berserk Vol. 1 (1st Printing),2025-12-30,google_trends,15.5
Berserk Vol. 1 (1st Printing),Berserk Vol. 1 (1st Printing),2025-12-31,google_trends,15.9
Berserk Vol. 1 (1st Printing),Berserk Vol. 1 (1st Printing),2026-01-01,google_trends,17.1
Berserk Vol. 1 (1st Printing),Berserk Vol. 1 (1st Printing),2026-01-02,google_trends,15.2
Berserk Vol. 1 (1st Printing),Berserk Vol. 1 (1st Printing),2026-01-03,google_trends,17.7
Berserk Vol. 1 (1st Printing),Berserk Vol. 1 (1st Printing),2026-01-04,google_trends,15.8
Berserk Vol. 1 (1st Printing),Berserk Vol. 1 (1st Printing),2026-01-05,google_trends,15
Berserk Vol. 1 (1st Printing),Berserk Vol. 1 (1st Printing),2026-01-06,google_trends,15.9
Berserk Vol. 1 (1st Printing),Berserk Vol. 1 (1st Printing),2026-01-07,google_trends,16.3
Berserk Vol. 1 (1st Printing),Berserk Vol. 1 (1st Printing),2026-01-08,google_trends,16.4
Berserk Vol. 1 (1st Printing),Berserk Vol. 1 (1st Printing),2026-01-09,google_trends,17.8
Berserk Vol. 1 (1st Printing),Berserk Vol. 1 (1st Printing),2026-01-10,google_trends,15.2
Berserk Vol. 1 (1st Printing),Berserk Vol. 1 (1st Printing),2026-01-11,google_trends,14.4
Berserk Vol. 1 (1st Printing),Berserk Vol. 1 (1st Printing),2026-01-12,google_trends,15.6
Berserk Vol. 1 (1st Printing),Berserk Vol. 1 (1st Printing),2026-01-13,google_trends,15.5
Berserk Vol. 1 (1st Printing),Berserk Vol. 1 (1st Printing),2026-01-14,google_trends,15.2
Berserk Vol. 1 (1st Printing),Berserk Vol. 1 (1st Printing),2026-01-15,google_trends,14.1
Berserk Vol. 1 (1st Printing),Berserk Vol. 1 (1st Printing),2026-01-16,google_trends,16.1
Berserk Vol. 1 (1st Printing),Berserk Vol. 1 (1st Printing),2026-01-17,google_trends,16.1
Berserk Vol. 1 (1st Printing),Berserk Vol. 1 (1st Printing),2026-01-18,google_trends,17
Berserk Vol. 1 (1st Printing),Berserk Vol. 1 (1st Printing),2026-01-19,google_trends,15.3
Berserk Vol. 1 (1st Printing),Berserk Vol. 1 (1st Printing),2026-01-20,google_trends,14.2
Berserk Vol. 1 (1st Printing),Berserk Vol. 1 (1st Printing),2026-01-21,google_trends,17.6
Berserk Vol. 1 (1st Printing),Berserk Vol. 1 (1st Printing),2026-01-22,google_trends,16.6
Berserk Vol. 1 (1st Printing),Berserk Vol. 1 (1st Printing),2026-01-23,google_trends,15.7
Berserk Vol. 1 (1st Printing),Berserk Vol. 1 (1st Printing),2026-01-24,google_trends,16.7
Berserk Vol. 1 (1st Printing),Berserk Vol. 1 (1st Printing),2026-01-25,google_trends,17.9
Berserk Vol. 1 (1st Printing),Berserk Vol. 1 (1st Printing),2026-01-26,google_trends,17.8
Berserk Vol. 1 (1st Printing),Berserk Vol. 1 (1st Printing),2026-01-27,google_trends,16.1
Berserk Vol. 1 (1st Printing),Berserk Vol. 1 (1st Printing),2026-01-28,google_trends,17.9
Berserk Vol. 1 (1st Printing),Berserk Vol. 1 (1st Printing),2026-01-29,google_trends,14.9
Berserk Vol. 1 (1st Printing),Berserk Vol. 1 (1st Printing),2026-01-30,google_trends,15
Berserk Vol. 1 (1st Printing),Berserk Vol. 1 (1st Printing),2026-01-31,google_trends,14.8
Berserk Vol. 1 (1st Printing),Berserk Vol. 1 (1st Printing),2026-02-01,google_trends,15.5
Berserk Vol. 1 (1st Printing),Berserk Vol. 1 (1st Printing),2026-02-02,google_trends,17.8
Berserk Vol. 1 (1st Printing),Berserk Vol. 1 (1st Printing),2026-02-03,google_trends,17.6
Berserk Vol. 1 (1st Printing),Berserk Vol. 1 (1st Printing),2026-02-04,google_trends,15.8
Berserk Vol. 1 (1st Printing),Berserk Vol. 1 (1st Printing),2026-02-05,google_trends,14.3
Berserk Vol. 1 (1st Printing),Berserk Vol. 1 (1st Printing),2026-02-06,google_trends,15.2
Berserk Vol. 1 (1st Printing),Berserk Vol. 1 (1st Printing),2026-02-07,google_trends,15.1
Berserk Vol. 1 (1st Printing),Berserk Vol. 1 (1st Printing),2026-02-08,google_trends,14.4
Berserk Vol. 1 (1st Printing),Berserk Vol. 1 (1st Printing),2026-02-09,google_trends,15.1
Berserk Vol. 1 (1st Printing),Berserk Vol. 1 (1st Printing),2026-02-10,google_trends,14
Berserk Vol. 1 (1st Printing),Berserk Vol. 1 (1st Printing),2026-02-11,google_trends,17.2
Berserk Vol. 1 (1st Printing),Berserk Vol. 1 (1st Printing),2026-02-12,google_trends,15.6
Berserk Vol. 1 (1st Printing),Berserk Vol. 1 (1st Printing),2026-02-13,google_trends,15.9
Berserk Vol. 1 (1st Printing),Berserk Vol. 1 (1st Printing),2026-02-14,google_trends,15.9
Berserk Vol. 1 (1st Printing),Berserk Vol. 1 (1st Printing),2026-02-15,google_trends,14.6
Berserk Vol. 1 (1st Printing),Berserk Vol. 1 (1st Printing),2026-02-16,google_trends,15.2
Berserk Vol. 1 (1st Printing),Berserk Vol. 1 (1st Printing),2026-02-17,google_trends,17.4
Berserk Vol. 1 (1st Printing),Berserk Vol. 1 (1st Printing),2026-02-18,google_trends,14.6
Berserk Vol. 1 (1st Printing),Berserk Vol. 1 (1st Printing),2026-02-19,google_trends,14
Berserk Vol. 1 (1st Printing),Berserk Vol. 1 (1st Printing),2026-02-20,google_trends,17.1
Berserk Vol. 1 (1st Printing),Berserk Vol. 1 (1st Printing),2026-02-21,google_trends,14.6
Berserk Vol. 1 (1st Printing),Berserk Vol. 1 (1st Printing),2026-02-22,google_trends,14.8
Berserk Vol. 1 (1st Printing),Berserk Vol. 1 (1st Printing),2026-02-23,google_trends,17.4
Berserk Vol. 1 (1st Printing),Berserk Vol. 1 (1st Printing),2026-02-24,google_trends,15
Berserk Vol. 1 (1st Printing),Berserk Vol. 1 (1st Printing),2026-02-25,google_trends,14.7
Berserk Vol. 1 (1st Printing),Berserk Vol. 1 (1st Printing),2026-02-26,google_trends,16.5
Berserk Vol. 1 (1st Printing),Berserk Vol. 1 (1st Printing),2026-02-27,google_trends,15
Berserk Vol. 1 (1st Printing),Berserk Vol. 1 (1st Printing),2026-02-28,google_trends,15.3
Berserk Vol. 1 (1st Printing),Berserk Vol. 1 (1st Printing),2026-03-01,google_trends,15.3
Berserk Vol. 1 (1st Printing),Berserk Vol. 1 (1st Printing),2026-03-02,google_trends,16.9
Berserk Vol. 1 (1st Printing),Berserk Vol. 1 (1st Printing),2026-03-03,google_trends,15.7
Berserk Vol. 1 (1st Printing),Berserk Vol. 1 (1st Printing),2026-03-04,google_trends,16.8
Berserk Vol. 1 (1st Printing),Berserk Vol. 1 (1st Printing),2026-03-05,google_trends,14
Berserk Vol. 1 (1st Printing),Berserk Vol. 1 (1st Printing),2026-03-06,google_trends,17.4
Berserk Vol. 1 (1st Printing),Berserk Vol. 1 (1st Printing),2026-03-07,google_trends,16.6
Berserk Vol. 1 (1st Printing),Berserk Vol. 1 (1st Printing),2026-03-08,google_trends,16.5
Berserk Vol. 1 (1st Printing),Berserk Vol. 1 (1st Printing),2026-03-09,google_trends,17.9
Berserk Vol. 1 (1st Printing),Berserk Vol. 1 (1st Printing),2026-03-10,google_trends,14.9
Berserk Vol. 1 (1st Printing),Berserk Vol. 1 (1st Printing),2026-03-11,google_trends,14.3
Berserk Vol. 1 (1st Printing),Berserk Vol. 1 (1st Printing),2026-03-12,google_trends,16.7
Berserk Vol. 1 (1st Printing),Berserk Vol. 1 (1st Printing),2026-03-13,google_trends,17.4
Berserk Vol. 1 (1st Printing),Berserk Vol. 1 (1st Printing),2026-03-14,google_trends,17.8
Berserk Vol. 1 (1st Printing),Berserk Vol. 1 (1st Printing),2026-03-15,google_trends,16.4
Berserk Vol. 1 (1st Printing),Berserk Vol. 1 (1st Printing),2026-03-16,google_trends,15.9
Berserk Vol. 1 (1st Printing),Berserk Vol. 1 (1st Printing),2026-03-17,google_trends,16.3
Berserk Vol. 1 (1st Printing),Berserk Vol. 1 (1st Printing),2026-03-18,google_trends,16.4
Berserk Vol. 1 (1st Printing),Berserk Vol. 1 (1st Printing),2026-03-19,google_trends,16.1
Berserk Vol. 1 (1st Printing),Berserk Vol. 1 (1st Printing),2026-03-20,google_trends,17.8
Berserk Vol. 1 (1st Printing),Berserk Vol. 1 (1st Printing),2026-03-21,google_trends,16.7
Berserk Vol. 1 (1st Printing),Berserk Vol. 1 (1st Printing),2026-03-22,google_trends,15.6
Berserk Vol. 1 (1st Printing),Berserk Vol. 1 (1st Printing),2026-03-23,google_trends,14.3
Berserk Vol. 1 (1st Printing),Berserk Vol. 1 (1st Printing),2026-03-24,google_trends,14.4
Berserk Vol. 1 (1st Printing),Berserk Vol. 1 (1st Printing),2026-03-25,google_trends,16.9
Berserk Vol. 1 (1st Printing),Berserk Vol. 1 (1st Printing),2026-03-26,google_trends,15.7
Berserk Vol. 1 (1st Printing),Berserk Vol. 1 (1st Printing),2026-03-27,google_trends,15.4
Berserk Vol. 1 (1st Printing),Berserk Vol. 1 (1st Printing),2026-03-28,google_trends,16.6
Berserk Vol. 1 (1st Printing),Berserk Vol. 1 (1st Printing),2026-03-29,google_trends,16.9
Berserk Vol. 1 (1st Printing),Berserk Vol. 1 (1st Printing),2026-03-30,google_trends,17.4
Berserk Vol. 1 (1st Printing),Berserk Vol. 1 (1st Printing),2026-03-31,google_trends,16.4
Berserk Vol. 1 (1st Printing),Berserk Vol. 1 (1st Printing),2026-04-01,google_trends,16.8
Berserk Vol. 1 (1st Printing),Berserk Vol. 1 (1st Printing),2026-04-02,google_trends,17.1
Berserk Vol. 1 (1st Printing),Berserk Vol. 1 (1st Printing),2026-04-03,google_trends,14.2
Berserk Vol. 1 (1st Printing),Berserk Vol. 1 (1st Printing),2026-04-04,google_trends,17.6
Berserk Vol. 1 (1st Printing),Berserk Vol. 1 (1st Printing),2026-04-05,google_trends,17.1
Berserk Vol. 1 (1st Printing),Berserk Vol. 1 (1st Printing),2026-04-06,google_trends,16.5
Berserk Vol. 1 (1st Printing),Berserk Vol. 1 (1st Printing),2026-04-07,google_trends,15.6
Berserk Vol. 1 (1st Printing),Berserk Vol. 1 (1st Printing),2026-04-08,google_trends,16.1
Berserk Vol. 1 (1st Printing),Berserk Vol. 1 (1st Printing),2026-04-09,google_trends,16.9
Berserk Vol. 1 (1st Printing),Berserk Vol. 1 (1st Printing),2026-04-10,google_trends,16.6
Berserk Vol. 1 (1st Printing),Berserk Vol. 1 (1st Printing),2026-04-11,google_trends,14.9
Berserk Vol. 1 (1st Printing),Berserk Vol. 1 (1st Printing),2026-04-12,google_trends,17.5
Berserk Vol. 1 (1st Printing),Berserk Vol. 1 (1st Printing),2026-04-13,google_trends,15.7
Berserk Vol. 1 (1st Printing),Berserk Vol. 1 (1st Printing),2026-04-14,google_trends,16.6
Berserk Vol. 1 (1st Printing),Berserk Vol. 1 (1st Printing),2026-04-15,google_trends,16.9
Berserk Vol. 1 (1st Printing),Berserk Vol. 1 (1st Printing),2026-04-16,google_trends,15.9
Berserk Vol. 1 (1st Printing),Berserk Vol. 1 (1st Printing),2026-04-17,google_trends,16.8
Berserk Vol. 1 (1st Printing),Berserk Vol. 1 (1st Printing),2026-04-18,google_trends,15.6
Berserk Vol. 1 (1st Printing),Berserk Vol. 1 (1st Printing),2026-04-19,google_trends,16.1
Berserk Vol. 1 (1st Printing),Berserk Vol. 1 (1st Printing),2026-04-20,google_trends,15.7
Berserk Vol. 1 (1st Printing),Berserk Vol. 1 (1st Printing),2026-04-21,google_trends,15.5
Berserk Vol. 1 (1st Printing),Berserk Vol. 1 (1st Printing),2026-04-22,google_trends,14
Berserk Vol. 1 (1st Printing),Berserk Vol. 1 (1st Printing),2026-04-23,google_trends,15.8
Berserk Vol. 1 (1st Printing),Berserk Vol. 1 (1st Printing),2026-04-24,google_trends,14
Berserk Vol. 1 (1st Printing),Berserk Vol. 1 (1st Printing),2026-04-25,google_trends,16.7
Berserk Vol. 1 (1st Printing),Berserk Vol. 1 (1st Printing),2026-04-26,google_trends,14.5
Berserk Vol. 1 (1st Printing),Berserk Vol. 1 (1st Printing),2026-04-27,google_trends,16.5
Berserk Vol. 1 (1st Printing),Berserk Vol. 1 (1st Printing),2026-04-28,google_trends,15.7
Berserk Vol. 1 (1st Printing),Berserk Vol. 1 (1st Printing),2026-04-29,google_trends,17.9
Berserk Vol. 1 (1st Printing),Berserk Vol. 1 (1st Printing),2026-04-30,google_trends,14.3
Berserk Vol. 1 (1st Printing),Berserk Vol. 1 (1st Printing),2026-05-01,google_trends,14.7
Berserk Vol. 1 (1st Printing),Berserk Vol. 1 (1st Printing),2026-05-02,google_trends,16.2
Berserk Vol. 1 (1st Printing),Berserk Vol. 1 (1st Printing),2026-05-03,google_trends,15.8
Berserk Vol. 1 (1st Printing),Berserk Vol. 1 (1st Printing),2026-05-04,google_trends,17.4
Berserk Vol. 1 (1st Printing),Berserk Vol. 1 (1st Printing),2026-05-05,google_trends,15.7
Berserk Vol. 1 (1st Printing),Berserk Vol. 1 (1st Printing),2026-05-06,google_trends,17.2
Berserk Vol. 1 (1st Printing),Berserk Vol. 1 (1st Printing),2026-05-07,google_trends,17.1
Berserk Vol. 1 (1st Printing),Berserk Vol. 1 (1st Printing),2026-05-08,google_trends,14.4
Berserk Vol. 1 (1st Printing),Berserk Vol. 1 (1st Printing),2026-05-09,google_trends,16.9
Berserk Vol. 1 (1st Printing),Berserk Vol. 1 (1st Printing),2026-05-10,google_trends,17.2
Berserk Vol. 1 (1st Printing),Berserk Vol. 1 (1st Printing),2026-05-11,google_trends,15.1
Berserk Vol. 1 (1st Printing),Berserk Vol. 1 (1st Printing),2026-05-12,google_trends,15.2
Berserk Vol. 1 (1st Printing),Berserk Vol. 1 (1st Printing),2026-05-13,google_trends,14.5
Berserk Vol. 1 (1st Printing),Berserk Vol. 1 (1st Printing),2026-05-14,google_trends,15.4
Berserk Vol. 1 (1st Printing),Berserk Vol. 1 (1st Printing),2026-05-15,google_trends,16.8
Berserk Vol. 1 (1st Printing),Berserk Vol. 1 (1st Printing),2026-05-16,google_trends,16.7
Berserk Vol. 1 (1st Printing),Berserk Vol. 1 (1st Printing),2026-05-17,google_trends,14.7
Berserk Vol. 1 (1st Printing),Berserk Vol. 1 (1st Printing),2026-05-18,google_trends,14.3
Berserk Vol. 1 (1st Printing),Berserk Vol. 1 (1st Printing),2026-05-19,google_trends,14.8
Berserk Vol. 1 (1st Printing),Berserk Vol. 1 (1st Printing),2026-05-20,google_trends,18
Berserk Vol. 1 (1st Printing),Berserk Vol. 1 (1st Printing),2026-05-21,google_trends,14.9
Berserk Vol. 1 (1st Printing),Berserk Vol. 1 (1st Printing),2026-05-22,google_trends,15.9
Berserk Vol. 1 (1st Printing),Berserk Vol. 1 (1st Printing),2026-05-23,google_trends,15.4
Berserk Vol. 1 (1st Printing),Berserk Vol. 1 (1st Printing),2026-05-24,google_trends,17.1
Berserk Vol. 1 (1st Printing),Berserk Vol. 1 (1st Printing),2026-05-25,google_trends,14.7
Berserk Vol. 1 (1st Printing),Berserk Vol. 1 (1st Printing),2026-05-26,google_trends,14.7
Berserk Vol. 1 (1st Printing),Berserk Vol. 1 (1st Printing),2026-05-27,google_trends,14.5
Berserk Vol. 1 (1st Printing),Berserk Vol. 1 (1st Printing),2026-05-28,google_trends,14.3
Berserk Vol. 1 (1st Printing),Berserk Vol. 1 (1st Printing),2026-05-29,google_trends,15.1
Berserk Vol. 1 (1st Printing),Berserk Vol. 1 (1st Printing),2026-05-30,google_trends,17.8
Berserk Vol. 1 (1st Printing),Berserk Vol. 1 (1st Printing),2026-05-31,google_trends,15.6
Berserk Vol. 1 (1st Printing),Berserk Vol. 1 (1st Printing),2026-06-01,google_trends,17.9
Berserk Vol. 1 (1st Printing),Berserk Vol. 1 (1st Printing),2026-06-02,google_trends,17.5
Berserk Vol. 1 (1st Printing),Berserk Vol. 1 (1st Printing),2026-06-03,google_trends,17.6
Berserk Vol. 1 (1st Printing),Berserk Vol. 1 (1st Printing),2026-06-04,google_trends,16
Berserk Vol. 1 (1st Printing),Berserk Vol. 1 (1st Printing),2026-06-05,google_trends,16.1
Berserk Vol. 1 (1st Printing),Berserk Vol. 1 (1st Printing),2026-06-06,google_trends,15.3
Berserk Vol. 1 (1st Printing),Berserk Vol. 1 (1st Printing),2026-06-07,google_trends,16.6
Berserk Vol. 1 (1st Printing),Berserk Vol. 1 (1st Printing),2026-06-08,google_trends,15.6
Berserk Vol. 1 (1st Printing),Berserk Vol. 1 (1st Printing),2026-06-09,google_trends,14.5
Berserk Vol. 1 (1st Printing),Berserk Vol. 1 (1st Printing),2026-06-10,google_trends,16.8
Berserk Vol. 1 (1st Printing),Berserk Vol. 1 (1st Printing),2026-06-11,google_trends,16.3
Berserk Vol. 1 (1st Printing),Berserk Vol. 1 (1st Printing),2026-06-12,google_trends,16.7
Berserk Vol. 1 (1st Printing),Berserk Vol. 1 (1st Printing),2026-06-13,google_trends,16.9
Berserk Vol. 1 (1st Printing),Berserk Vol. 1 (1st Printing),2026-06-14,google_trends,17
Berserk Vol. 1 (1st Printing),Berserk Vol. 1 (1st Printing),2026-06-15,google_trends,17.5
Berserk Vol. 1 (1st Printing),Berserk Vol. 1 (1st Printing),2026-06-16,google_trends,15.9
Berserk Vol. 1 (1st Printing),Berserk Vol. 1 (1st Printing),2026-06-17,google_trends,17.8
Berserk Vol. 1 (1st Printing),Berserk Vol. 1 (1st Printing),2026-06-18,google_trends,17.4
Berserk Vol. 1 (1st Printing),Berserk Vol. 1 (1st Printing),2026-06-19,google_trends,16.8
Berserk Vol. 1 (1st Printing),Berserk Vol. 1 (1st Printing),2026-06-20,google_trends,17.9
Berserk Vol. 1 (1st Printing),Berserk Vol. 1 (1st Printing),2026-06-21,google_trends,17.5
Berserk Vol. 1 (1st Printing),Berserk Vol. 1 (1st Printing),2026-06-22,google_trends,17.2
Berserk Vol. 1 (1st Printing),Berserk Vol. 1 (1st Printing),2026-06-23,google_trends,15.3
Berserk Vol. 1 (1st Printing),Berserk Vol. 1 (1st Printing),2026-06-24,google_trends,18
Berserk Vol. 1 (1st Printing),Berserk Vol. 1 (1st Printing),2026-06-25,google_trends,14.3
Berserk Vol. 1 (1st Printing),Berserk Vol. 1 (1st Printing),2026-06-26,google_trends,15
Berserk Vol. 1 (1st Printing),Berserk Vol. 1 (1st Printing),2026-06-27,google_trends,14.8
Berserk Vol. 1 (1st Printing),Berserk Vol. 1 (1st Printing),2026-06-28,google_trends,16.1
Berserk Vol. 1 (1st Printing),Berserk Vol. 1 (1st Printing),2026-06-29,google_trends,17.1
Berserk Vol. 1 (1st Printing),Berserk Vol. 1 (1st Printing),2026-06-30,google_trends,15.4
Berserk Vol. 1 (1st Printing),Berserk Vol. 1 (1st Printing),2026-07-01,google_trends,17.3
Berserk Vol. 1 (1st Printing),Berserk Vol. 1 (1st Printing),2026-07-02,google_trends,14.1
Berserk Vol. 1 (1st Printing),Berserk Vol. 1 (1st Printing),2026-07-03,google_trends,15.6
Berserk Vol. 1 (1st Printing),Berserk Vol. 1 (1st Printing),2026-07-04,google_trends,16
Berserk Vol. 1 (1st Printing),Berserk Vol. 1 (1st Printing),2026-07-05,google_trends,15.6
Berserk Vol. 1 (1st Printing),Berserk Vol. 1 (1st Printing),2026-07-06,google_trends,15.8
Berserk Vol. 1 (1st Printing),Berserk Vol. 1 (1st Printing),2026-07-07,google_trends,14.3
Berserk Vol. 1 (1st Printing),Berserk Vol. 1 (1st Printing),2026-07-08,google_trends,14.2
Berserk Vol. 1 (1st Printing),Berserk Vol. 1 (1st Printing),2026-07-09,google_trends,15.3
Berserk Vol. 1 (1st Printing),Berserk Vol. 1 (1st Printing),2026-07-10,google_trends,15.7
Berserk Vol. 1 (1st Printing),Berserk Vol. 1 (1st Printing),2026-07-11,google_trends,15.4
Berserk Vol. 1 (1st Printing),Berserk Vol. 1 (1st Printing),2026-07-12,google_trends,17.2
Berserk Vol. 1 (1st Printing),Berserk Vol. 1 (1st Printing),2026-07-13,google_trends,14.3
Berserk Vol. 1 (1st Printing),Berserk Vol. 1 (1st Printing),2026-07-14,google_trends,14.5
Berserk Vol. 1 (1st Printing),Berserk Vol. 1 (1st Printing),2026-07-15,google_trends,15.5
Berserk Vol. 1 (1st Printing),Berserk Vol. 1 (1st Printing),2026-07-16,google_trends,17.5
Berserk Vol. 1 (1st Printing),Berserk Vol. 1 (1st Printing),2026-07-17,google_trends,16.8
Berserk Vol. 1 (1st Printing),Berserk Vol. 1 (1st Printing),2026-07-18,google_trends,16
Berserk Vol. 1 (1st Printing),Berserk Vol. 1 (1st Printing),2026-07-19,google_trends,14.1
Berserk Vol. 1 (1st Printing),Berserk Vol. 1 (1st Printing),2026-07-20,google_trends,14.6
Berserk Vol. 1 (1st Printing),Berserk Vol. 1 (1st Printing),2026-07-21,google_trends,17.2
Berserk Vol. 1 (1st Printing),Berserk Vol. 1 (1st Printing),2026-07-22,google_trends,17.6
Berserk Vol. 1 (1st Printing),Berserk Vol. 1 (1st Printing),2026-07-23,google_trends,17
Berserk Vol. 1 (1st Printing),Berserk Vol. 1 (1st Printing),2026-07-24,google_trends,14.1
Berserk Vol. 1 (1st Printing),Berserk Vol. 1 (1st Printing),2026-07-25,google_trends,16.9
Fullmetal Alchemist Vol. 1 (1st Printing),Fullmetal Alchemist Vol. 1 (1st Printing),2025-10-29,google_trends,14.6
Fullmetal Alchemist Vol. 1 (1st Printing),Fullmetal Alchemist Vol. 1 (1st Printing),2025-10-30,google_trends,14.8
Fullmetal Alchemist Vol. 1 (1st Printing),Fullmetal Alchemist Vol. 1 (1st Printing),2025-10-31,google_trends,14.6
Fullmetal Alchemist Vol. 1 (1st Printing),Fullmetal Alchemist Vol. 1 (1st Printing),2025-11-01,google_trends,16.8
Fullmetal Alchemist Vol. 1 (1st Printing),Fullmetal Alchemist Vol. 1 (1st Printing),2025-11-02,google_trends,13.5
Fullmetal Alchemist Vol. 1 (1st Printing),Fullmetal Alchemist Vol. 1 (1st Printing),2025-11-03,google_trends,14.2
Fullmetal Alchemist Vol. 1 (1st Printing),Fullmetal Alchemist Vol. 1 (1st Printing),2025-11-04,google_trends,15.9
Fullmetal Alchemist Vol. 1 (1st Printing),Fullmetal Alchemist Vol. 1 (1st Printing),2025-11-05,google_trends,14.4
Fullmetal Alchemist Vol. 1 (1st Printing),Fullmetal Alchemist Vol. 1 (1st Printing),2025-11-06,google_trends,14.6
Fullmetal Alchemist Vol. 1 (1st Printing),Fullmetal Alchemist Vol. 1 (1st Printing),2025-11-07,google_trends,15.4
Fullmetal Alchemist Vol. 1 (1st Printing),Fullmetal Alchemist Vol. 1 (1st Printing),2025-11-08,google_trends,14.7
Fullmetal Alchemist Vol. 1 (1st Printing),Fullmetal Alchemist Vol. 1 (1st Printing),2025-11-09,google_trends,14.8
Fullmetal Alchemist Vol. 1 (1st Printing),Fullmetal Alchemist Vol. 1 (1st Printing),2025-11-10,google_trends,14.6
Fullmetal Alchemist Vol. 1 (1st Printing),Fullmetal Alchemist Vol. 1 (1st Printing),2025-11-11,google_trends,16.3
Fullmetal Alchemist Vol. 1 (1st Printing),Fullmetal Alchemist Vol. 1 (1st Printing),2025-11-12,google_trends,17.2
Fullmetal Alchemist Vol. 1 (1st Printing),Fullmetal Alchemist Vol. 1 (1st Printing),2025-11-13,google_trends,13.8
Fullmetal Alchemist Vol. 1 (1st Printing),Fullmetal Alchemist Vol. 1 (1st Printing),2025-11-14,google_trends,14.4
Fullmetal Alchemist Vol. 1 (1st Printing),Fullmetal Alchemist Vol. 1 (1st Printing),2025-11-15,google_trends,15.8
Fullmetal Alchemist Vol. 1 (1st Printing),Fullmetal Alchemist Vol. 1 (1st Printing),2025-11-16,google_trends,16.7
Fullmetal Alchemist Vol. 1 (1st Printing),Fullmetal Alchemist Vol. 1 (1st Printing),2025-11-17,google_trends,17.1
Fullmetal Alchemist Vol. 1 (1st Printing),Fullmetal Alchemist Vol. 1 (1st Printing),2025-11-18,google_trends,15
Fullmetal Alchemist Vol. 1 (1st Printing),Fullmetal Alchemist Vol. 1 (1st Printing),2025-11-19,google_trends,14
Fullmetal Alchemist Vol. 1 (1st Printing),Fullmetal Alchemist Vol. 1 (1st Printing),2025-11-20,google_trends,15.3
Fullmetal Alchemist Vol. 1 (1st Printing),Fullmetal Alchemist Vol. 1 (1st Printing),2025-11-21,google_trends,14.4
Fullmetal Alchemist Vol. 1 (1st Printing),Fullmetal Alchemist Vol. 1 (1st Printing),2025-11-22,google_trends,16.4
Fullmetal Alchemist Vol. 1 (1st Printing),Fullmetal Alchemist Vol. 1 (1st Printing),2025-11-23,google_trends,16.8
Fullmetal Alchemist Vol. 1 (1st Printing),Fullmetal Alchemist Vol. 1 (1st Printing),2025-11-24,google_trends,14.9
Fullmetal Alchemist Vol. 1 (1st Printing),Fullmetal Alchemist Vol. 1 (1st Printing),2025-11-25,google_trends,17.2
Fullmetal Alchemist Vol. 1 (1st Printing),Fullmetal Alchemist Vol. 1 (1st Printing),2025-11-26,google_trends,14.4
Fullmetal Alchemist Vol. 1 (1st Printing),Fullmetal Alchemist Vol. 1 (1st Printing),2025-11-27,google_trends,14.4
Fullmetal Alchemist Vol. 1 (1st Printing),Fullmetal Alchemist Vol. 1 (1st Printing),2025-11-28,google_trends,17.5
Fullmetal Alchemist Vol. 1 (1st Printing),Fullmetal Alchemist Vol. 1 (1st Printing),2025-11-29,google_trends,13.9
Fullmetal Alchemist Vol. 1 (1st Printing),Fullmetal Alchemist Vol. 1 (1st Printing),2025-11-30,google_trends,16.3
Fullmetal Alchemist Vol. 1 (1st Printing),Fullmetal Alchemist Vol. 1 (1st Printing),2025-12-01,google_trends,15.6
Fullmetal Alchemist Vol. 1 (1st Printing),Fullmetal Alchemist Vol. 1 (1st Printing),2025-12-02,google_trends,14.2
Fullmetal Alchemist Vol. 1 (1st Printing),Fullmetal Alchemist Vol. 1 (1st Printing),2025-12-03,google_trends,16
Fullmetal Alchemist Vol. 1 (1st Printing),Fullmetal Alchemist Vol. 1 (1st Printing),2025-12-04,google_trends,17.5
Fullmetal Alchemist Vol. 1 (1st Printing),Fullmetal Alchemist Vol. 1 (1st Printing),2025-12-05,google_trends,16.3
Fullmetal Alchemist Vol. 1 (1st Printing),Fullmetal Alchemist Vol. 1 (1st Printing),2025-12-06,google_trends,16.3
Fullmetal Alchemist Vol. 1 (1st Printing),Fullmetal Alchemist Vol. 1 (1st Printing),2025-12-07,google_trends,17.9
Fullmetal Alchemist Vol. 1 (1st Printing),Fullmetal Alchemist Vol. 1 (1st Printing),2025-12-08,google_trends,14.2
Fullmetal Alchemist Vol. 1 (1st Printing),Fullmetal Alchemist Vol. 1 (1st Printing),2025-12-09,google_trends,17.2
Fullmetal Alchemist Vol. 1 (1st Printing),Fullmetal Alchemist Vol. 1 (1st Printing),2025-12-10,google_trends,14.6
Fullmetal Alchemist Vol. 1 (1st Printing),Fullmetal Alchemist Vol. 1 (1st Printing),2025-12-11,google_trends,15.9
Fullmetal Alchemist Vol. 1 (1st Printing),Fullmetal Alchemist Vol. 1 (1st Printing),2025-12-12,google_trends,15.5
Fullmetal Alchemist Vol. 1 (1st Printing),Fullmetal Alchemist Vol. 1 (1st Printing),2025-12-13,google_trends,15.8
Fullmetal Alchemist Vol. 1 (1st Printing),Fullmetal Alchemist Vol. 1 (1st Printing),2025-12-14,google_trends,17.2
Fullmetal Alchemist Vol. 1 (1st Printing),Fullmetal Alchemist Vol. 1 (1st Printing),2025-12-15,google_trends,16.5
Fullmetal Alchemist Vol. 1 (1st Printing),Fullmetal Alchemist Vol. 1 (1st Printing),2025-12-16,google_trends,14.3
Fullmetal Alchemist Vol. 1 (1st Printing),Fullmetal Alchemist Vol. 1 (1st Printing),2025-12-17,google_trends,15.9
Fullmetal Alchemist Vol. 1 (1st Printing),Fullmetal Alchemist Vol. 1 (1st Printing),2025-12-18,google_trends,17.2
Fullmetal Alchemist Vol. 1 (1st Printing),Fullmetal Alchemist Vol. 1 (1st Printing),2025-12-19,google_trends,15.6
Fullmetal Alchemist Vol. 1 (1st Printing),Fullmetal Alchemist Vol. 1 (1st Printing),2025-12-20,google_trends,15.3
Fullmetal Alchemist Vol. 1 (1st Printing),Fullmetal Alchemist Vol. 1 (1st Printing),2025-12-21,google_trends,17.3
Fullmetal Alchemist Vol. 1 (1st Printing),Fullmetal Alchemist Vol. 1 (1st Printing),2025-12-22,google_trends,17.2
Fullmetal Alchemist Vol. 1 (1st Printing),Fullmetal Alchemist Vol. 1 (1st Printing),2025-12-23,google_trends,17.5
Fullmetal Alchemist Vol. 1 (1st Printing),Fullmetal Alchemist Vol. 1 (1st Printing),2025-12-24,google_trends,17.9
Fullmetal Alchemist Vol. 1 (1st Printing),Fullmetal Alchemist Vol. 1 (1st Printing),2025-12-25,google_trends,14.8
Fullmetal Alchemist Vol. 1 (1st Printing),Fullmetal Alchemist Vol. 1 (1st Printing),2025-12-26,google_trends,17.9
Fullmetal Alchemist Vol. 1 (1st Printing),Fullmetal Alchemist Vol. 1 (1st Printing),2025-12-27,google_trends,18.3
Fullmetal Alchemist Vol. 1 (1st Printing),Fullmetal Alchemist Vol. 1 (1st Printing),2025-12-28,google_trends,15.9
Fullmetal Alchemist Vol. 1 (1st Printing),Fullmetal Alchemist Vol. 1 (1st Printing),2025-12-29,google_trends,16.3
Fullmetal Alchemist Vol. 1 (1st Printing),Fullmetal Alchemist Vol. 1 (1st Printing),2025-12-30,google_trends,15.8
Fullmetal Alchemist Vol. 1 (1st Printing),Fullmetal Alchemist Vol. 1 (1st Printing),2025-12-31,google_trends,16.7
Fullmetal Alchemist Vol. 1 (1st Printing),Fullmetal Alchemist Vol. 1 (1st Printing),2026-01-01,google_trends,16.2
Fullmetal Alchemist Vol. 1 (1st Printing),Fullmetal Alchemist Vol. 1 (1st Printing),2026-01-02,google_trends,18.5
Fullmetal Alchemist Vol. 1 (1st Printing),Fullmetal Alchemist Vol. 1 (1st Printing),2026-01-03,google_trends,17.9
Fullmetal Alchemist Vol. 1 (1st Printing),Fullmetal Alchemist Vol. 1 (1st Printing),2026-01-04,google_trends,16.4
Fullmetal Alchemist Vol. 1 (1st Printing),Fullmetal Alchemist Vol. 1 (1st Printing),2026-01-05,google_trends,15.1
Fullmetal Alchemist Vol. 1 (1st Printing),Fullmetal Alchemist Vol. 1 (1st Printing),2026-01-06,google_trends,15.3
Fullmetal Alchemist Vol. 1 (1st Printing),Fullmetal Alchemist Vol. 1 (1st Printing),2026-01-07,google_trends,18.7
Fullmetal Alchemist Vol. 1 (1st Printing),Fullmetal Alchemist Vol. 1 (1st Printing),2026-01-08,google_trends,16.3
Fullmetal Alchemist Vol. 1 (1st Printing),Fullmetal Alchemist Vol. 1 (1st Printing),2026-01-09,google_trends,18.2
Fullmetal Alchemist Vol. 1 (1st Printing),Fullmetal Alchemist Vol. 1 (1st Printing),2026-01-10,google_trends,15
Fullmetal Alchemist Vol. 1 (1st Printing),Fullmetal Alchemist Vol. 1 (1st Printing),2026-01-11,google_trends,15.3
Fullmetal Alchemist Vol. 1 (1st Printing),Fullmetal Alchemist Vol. 1 (1st Printing),2026-01-12,google_trends,17
Fullmetal Alchemist Vol. 1 (1st Printing),Fullmetal Alchemist Vol. 1 (1st Printing),2026-01-13,google_trends,16.1
Fullmetal Alchemist Vol. 1 (1st Printing),Fullmetal Alchemist Vol. 1 (1st Printing),2026-01-14,google_trends,19
Fullmetal Alchemist Vol. 1 (1st Printing),Fullmetal Alchemist Vol. 1 (1st Printing),2026-01-15,google_trends,18.5
Fullmetal Alchemist Vol. 1 (1st Printing),Fullmetal Alchemist Vol. 1 (1st Printing),2026-01-16,google_trends,18.8
Fullmetal Alchemist Vol. 1 (1st Printing),Fullmetal Alchemist Vol. 1 (1st Printing),2026-01-17,google_trends,18.8
Fullmetal Alchemist Vol. 1 (1st Printing),Fullmetal Alchemist Vol. 1 (1st Printing),2026-01-18,google_trends,15.7
Fullmetal Alchemist Vol. 1 (1st Printing),Fullmetal Alchemist Vol. 1 (1st Printing),2026-01-19,google_trends,16.5
Fullmetal Alchemist Vol. 1 (1st Printing),Fullmetal Alchemist Vol. 1 (1st Printing),2026-01-20,google_trends,15.8
Fullmetal Alchemist Vol. 1 (1st Printing),Fullmetal Alchemist Vol. 1 (1st Printing),2026-01-21,google_trends,18.8
Fullmetal Alchemist Vol. 1 (1st Printing),Fullmetal Alchemist Vol. 1 (1st Printing),2026-01-22,google_trends,18.5
Fullmetal Alchemist Vol. 1 (1st Printing),Fullmetal Alchemist Vol. 1 (1st Printing),2026-01-23,google_trends,16.4
Fullmetal Alchemist Vol. 1 (1st Printing),Fullmetal Alchemist Vol. 1 (1st Printing),2026-01-24,google_trends,17.8
Fullmetal Alchemist Vol. 1 (1st Printing),Fullmetal Alchemist Vol. 1 (1st Printing),2026-01-25,google_trends,19
Fullmetal Alchemist Vol. 1 (1st Printing),Fullmetal Alchemist Vol. 1 (1st Printing),2026-01-26,google_trends,17.2
Fullmetal Alchemist Vol. 1 (1st Printing),Fullmetal Alchemist Vol. 1 (1st Printing),2026-01-27,google_trends,18.6
Fullmetal Alchemist Vol. 1 (1st Printing),Fullmetal Alchemist Vol. 1 (1st Printing),2026-01-28,google_trends,18.5
Fullmetal Alchemist Vol. 1 (1st Printing),Fullmetal Alchemist Vol. 1 (1st Printing),2026-01-29,google_trends,18.3
Fullmetal Alchemist Vol. 1 (1st Printing),Fullmetal Alchemist Vol. 1 (1st Printing),2026-01-30,google_trends,19
Fullmetal Alchemist Vol. 1 (1st Printing),Fullmetal Alchemist Vol. 1 (1st Printing),2026-01-31,google_trends,17.2
Fullmetal Alchemist Vol. 1 (1st Printing),Fullmetal Alchemist Vol. 1 (1st Printing),2026-02-01,google_trends,18.9
Fullmetal Alchemist Vol. 1 (1st Printing),Fullmetal Alchemist Vol. 1 (1st Printing),2026-02-02,google_trends,17.4
Fullmetal Alchemist Vol. 1 (1st Printing),Fullmetal Alchemist Vol. 1 (1st Printing),2026-02-03,google_trends,19.1
Fullmetal Alchemist Vol. 1 (1st Printing),Fullmetal Alchemist Vol. 1 (1st Printing),2026-02-04,google_trends,15.9
Fullmetal Alchemist Vol. 1 (1st Printing),Fullmetal Alchemist Vol. 1 (1st Printing),2026-02-05,google_trends,17.3
Fullmetal Alchemist Vol. 1 (1st Printing),Fullmetal Alchemist Vol. 1 (1st Printing),2026-02-06,google_trends,16.7
Fullmetal Alchemist Vol. 1 (1st Printing),Fullmetal Alchemist Vol. 1 (1st Printing),2026-02-07,google_trends,19.6
Fullmetal Alchemist Vol. 1 (1st Printing),Fullmetal Alchemist Vol. 1 (1st Printing),2026-02-08,google_trends,17.4
Fullmetal Alchemist Vol. 1 (1st Printing),Fullmetal Alchemist Vol. 1 (1st Printing),2026-02-09,google_trends,19.6
Fullmetal Alchemist Vol. 1 (1st Printing),Fullmetal Alchemist Vol. 1 (1st Printing),2026-02-10,google_trends,16.7
Fullmetal Alchemist Vol. 1 (1st Printing),Fullmetal Alchemist Vol. 1 (1st Printing),2026-02-11,google_trends,18.5
Fullmetal Alchemist Vol. 1 (1st Printing),Fullmetal Alchemist Vol. 1 (1st Printing),2026-02-12,google_trends,17.9
Fullmetal Alchemist Vol. 1 (1st Printing),Fullmetal Alchemist Vol. 1 (1st Printing),2026-02-13,google_trends,17.2
Fullmetal Alchemist Vol. 1 (1st Printing),Fullmetal Alchemist Vol. 1 (1st Printing),2026-02-14,google_trends,17.9
Fullmetal Alchemist Vol. 1 (1st Printing),Fullmetal Alchemist Vol. 1 (1st Printing),2026-02-15,google_trends,19.2
Fullmetal Alchemist Vol. 1 (1st Printing),Fullmetal Alchemist Vol. 1 (1st Printing),2026-02-16,google_trends,18.3
Fullmetal Alchemist Vol. 1 (1st Printing),Fullmetal Alchemist Vol. 1 (1st Printing),2026-02-17,google_trends,17.7
Fullmetal Alchemist Vol. 1 (1st Printing),Fullmetal Alchemist Vol. 1 (1st Printing),2026-02-18,google_trends,18.3
Fullmetal Alchemist Vol. 1 (1st Printing),Fullmetal Alchemist Vol. 1 (1st Printing),2026-02-19,google_trends,16.1
Fullmetal Alchemist Vol. 1 (1st Printing),Fullmetal Alchemist Vol. 1 (1st Printing),2026-02-20,google_trends,19.6
Fullmetal Alchemist Vol. 1 (1st Printing),Fullmetal Alchemist Vol. 1 (1st Printing),2026-02-21,google_trends,19.8
Fullmetal Alchemist Vol. 1 (1st Printing),Fullmetal Alchemist Vol. 1 (1st Printing),2026-02-22,google_trends,16.7
Fullmetal Alchemist Vol. 1 (1st Printing),Fullmetal Alchemist Vol. 1 (1st Printing),2026-02-23,google_trends,16.6
Fullmetal Alchemist Vol. 1 (1st Printing),Fullmetal Alchemist Vol. 1 (1st Printing),2026-02-24,google_trends,16.6
Fullmetal Alchemist Vol. 1 (1st Printing),Fullmetal Alchemist Vol. 1 (1st Printing),2026-02-25,google_trends,20
Fullmetal Alchemist Vol. 1 (1st Printing),Fullmetal Alchemist Vol. 1 (1st Printing),2026-02-26,google_trends,17.9
Fullmetal Alchemist Vol. 1 (1st Printing),Fullmetal Alchemist Vol. 1 (1st Printing),2026-02-27,google_trends,17.9
Fullmetal Alchemist Vol. 1 (1st Printing),Fullmetal Alchemist Vol. 1 (1st Printing),2026-02-28,google_trends,17.9
Fullmetal Alchemist Vol. 1 (1st Printing),Fullmetal Alchemist Vol. 1 (1st Printing),2026-03-01,google_trends,19.3
Fullmetal Alchemist Vol. 1 (1st Printing),Fullmetal Alchemist Vol. 1 (1st Printing),2026-03-02,google_trends,18.1
Fullmetal Alchemist Vol. 1 (1st Printing),Fullmetal Alchemist Vol. 1 (1st Printing),2026-03-03,google_trends,19.5
Fullmetal Alchemist Vol. 1 (1st Printing),Fullmetal Alchemist Vol. 1 (1st Printing),2026-03-04,google_trends,19.7
Fullmetal Alchemist Vol. 1 (1st Printing),Fullmetal Alchemist Vol. 1 (1st Printing),2026-03-05,google_trends,16.9
Fullmetal Alchemist Vol. 1 (1st Printing),Fullmetal Alchemist Vol. 1 (1st Printing),2026-03-06,google_trends,16.8
Fullmetal Alchemist Vol. 1 (1st Printing),Fullmetal Alchemist Vol. 1 (1st Printing),2026-03-07,google_trends,17.4
Fullmetal Alchemist Vol. 1 (1st Printing),Fullmetal Alchemist Vol. 1 (1st Printing),2026-03-08,google_trends,17.5
Fullmetal Alchemist Vol. 1 (1st Printing),Fullmetal Alchemist Vol. 1 (1st Printing),2026-03-09,google_trends,19
Fullmetal Alchemist Vol. 1 (1st Printing),Fullmetal Alchemist Vol. 1 (1st Printing),2026-03-10,google_trends,19.3
Fullmetal Alchemist Vol. 1 (1st Printing),Fullmetal Alchemist Vol. 1 (1st Printing),2026-03-11,google_trends,17
Fullmetal Alchemist Vol. 1 (1st Printing),Fullmetal Alchemist Vol. 1 (1st Printing),2026-03-12,google_trends,20.2
Fullmetal Alchemist Vol. 1 (1st Printing),Fullmetal Alchemist Vol. 1 (1st Printing),2026-03-13,google_trends,17.5
Fullmetal Alchemist Vol. 1 (1st Printing),Fullmetal Alchemist Vol. 1 (1st Printing),2026-03-14,google_trends,17.2
Fullmetal Alchemist Vol. 1 (1st Printing),Fullmetal Alchemist Vol. 1 (1st Printing),2026-03-15,google_trends,17.1
Fullmetal Alchemist Vol. 1 (1st Printing),Fullmetal Alchemist Vol. 1 (1st Printing),2026-03-16,google_trends,18.4
Fullmetal Alchemist Vol. 1 (1st Printing),Fullmetal Alchemist Vol. 1 (1st Printing),2026-03-17,google_trends,20.1
Fullmetal Alchemist Vol. 1 (1st Printing),Fullmetal Alchemist Vol. 1 (1st Printing),2026-03-18,google_trends,17.3
Fullmetal Alchemist Vol. 1 (1st Printing),Fullmetal Alchemist Vol. 1 (1st Printing),2026-03-19,google_trends,17.9
Fullmetal Alchemist Vol. 1 (1st Printing),Fullmetal Alchemist Vol. 1 (1st Printing),2026-03-20,google_trends,20
Fullmetal Alchemist Vol. 1 (1st Printing),Fullmetal Alchemist Vol. 1 (1st Printing),2026-03-21,google_trends,17.6
Fullmetal Alchemist Vol. 1 (1st Printing),Fullmetal Alchemist Vol. 1 (1st Printing),2026-03-22,google_trends,17.8
Fullmetal Alchemist Vol. 1 (1st Printing),Fullmetal Alchemist Vol. 1 (1st Printing),2026-03-23,google_trends,20.7
Fullmetal Alchemist Vol. 1 (1st Printing),Fullmetal Alchemist Vol. 1 (1st Printing),2026-03-24,google_trends,20.7
Fullmetal Alchemist Vol. 1 (1st Printing),Fullmetal Alchemist Vol. 1 (1st Printing),2026-03-25,google_trends,19.1
Fullmetal Alchemist Vol. 1 (1st Printing),Fullmetal Alchemist Vol. 1 (1st Printing),2026-03-26,google_trends,17.2
Fullmetal Alchemist Vol. 1 (1st Printing),Fullmetal Alchemist Vol. 1 (1st Printing),2026-03-27,google_trends,17.9
Fullmetal Alchemist Vol. 1 (1st Printing),Fullmetal Alchemist Vol. 1 (1st Printing),2026-03-28,google_trends,17.6
Fullmetal Alchemist Vol. 1 (1st Printing),Fullmetal Alchemist Vol. 1 (1st Printing),2026-03-29,google_trends,20.7
Fullmetal Alchemist Vol. 1 (1st Printing),Fullmetal Alchemist Vol. 1 (1st Printing),2026-03-30,google_trends,19.2
Fullmetal Alchemist Vol. 1 (1st Printing),Fullmetal Alchemist Vol. 1 (1st Printing),2026-03-31,google_trends,19.6
Fullmetal Alchemist Vol. 1 (1st Printing),Fullmetal Alchemist Vol. 1 (1st Printing),2026-04-01,google_trends,17.6
Fullmetal Alchemist Vol. 1 (1st Printing),Fullmetal Alchemist Vol. 1 (1st Printing),2026-04-02,google_trends,20.6
Fullmetal Alchemist Vol. 1 (1st Printing),Fullmetal Alchemist Vol. 1 (1st Printing),2026-04-03,google_trends,17.2
Fullmetal Alchemist Vol. 1 (1st Printing),Fullmetal Alchemist Vol. 1 (1st Printing),2026-04-04,google_trends,20.5
Fullmetal Alchemist Vol. 1 (1st Printing),Fullmetal Alchemist Vol. 1 (1st Printing),2026-04-05,google_trends,20.7
Fullmetal Alchemist Vol. 1 (1st Printing),Fullmetal Alchemist Vol. 1 (1st Printing),2026-04-06,google_trends,18.4
Fullmetal Alchemist Vol. 1 (1st Printing),Fullmetal Alchemist Vol. 1 (1st Printing),2026-04-07,google_trends,20.7
Fullmetal Alchemist Vol. 1 (1st Printing),Fullmetal Alchemist Vol. 1 (1st Printing),2026-04-08,google_trends,19.7
Fullmetal Alchemist Vol. 1 (1st Printing),Fullmetal Alchemist Vol. 1 (1st Printing),2026-04-09,google_trends,18.4
Fullmetal Alchemist Vol. 1 (1st Printing),Fullmetal Alchemist Vol. 1 (1st Printing),2026-04-10,google_trends,18.5
Fullmetal Alchemist Vol. 1 (1st Printing),Fullmetal Alchemist Vol. 1 (1st Printing),2026-04-11,google_trends,17.8
Fullmetal Alchemist Vol. 1 (1st Printing),Fullmetal Alchemist Vol. 1 (1st Printing),2026-04-12,google_trends,18.9
Fullmetal Alchemist Vol. 1 (1st Printing),Fullmetal Alchemist Vol. 1 (1st Printing),2026-04-13,google_trends,18.6
Fullmetal Alchemist Vol. 1 (1st Printing),Fullmetal Alchemist Vol. 1 (1st Printing),2026-04-14,google_trends,20.1
Fullmetal Alchemist Vol. 1 (1st Printing),Fullmetal Alchemist Vol. 1 (1st Printing),2026-04-15,google_trends,18.6
Fullmetal Alchemist Vol. 1 (1st Printing),Fullmetal Alchemist Vol. 1 (1st Printing),2026-04-16,google_trends,20.6
Fullmetal Alchemist Vol. 1 (1st Printing),Fullmetal Alchemist Vol. 1 (1st Printing),2026-04-17,google_trends,21.2
Fullmetal Alchemist Vol. 1 (1st Printing),Fullmetal Alchemist Vol. 1 (1st Printing),2026-04-18,google_trends,19.7
Fullmetal Alchemist Vol. 1 (1st Printing),Fullmetal Alchemist Vol. 1 (1st Printing),2026-04-19,google_trends,18.7
Fullmetal Alchemist Vol. 1 (1st Printing),Fullmetal Alchemist Vol. 1 (1st Printing),2026-04-20,google_trends,19.8
Fullmetal Alchemist Vol. 1 (1st Printing),Fullmetal Alchemist Vol. 1 (1st Printing),2026-04-21,google_trends,18.3
Fullmetal Alchemist Vol. 1 (1st Printing),Fullmetal Alchemist Vol. 1 (1st Printing),2026-04-22,google_trends,21.2
Fullmetal Alchemist Vol. 1 (1st Printing),Fullmetal Alchemist Vol. 1 (1st Printing),2026-04-23,google_trends,21.1
Fullmetal Alchemist Vol. 1 (1st Printing),Fullmetal Alchemist Vol. 1 (1st Printing),2026-04-24,google_trends,17.7
Fullmetal Alchemist Vol. 1 (1st Printing),Fullmetal Alchemist Vol. 1 (1st Printing),2026-04-25,google_trends,21.1
Fullmetal Alchemist Vol. 1 (1st Printing),Fullmetal Alchemist Vol. 1 (1st Printing),2026-04-26,google_trends,21.2
Fullmetal Alchemist Vol. 1 (1st Printing),Fullmetal Alchemist Vol. 1 (1st Printing),2026-04-27,google_trends,19.5
Fullmetal Alchemist Vol. 1 (1st Printing),Fullmetal Alchemist Vol. 1 (1st Printing),2026-04-28,google_trends,19.9
Fullmetal Alchemist Vol. 1 (1st Printing),Fullmetal Alchemist Vol. 1 (1st Printing),2026-04-29,google_trends,18
Fullmetal Alchemist Vol. 1 (1st Printing),Fullmetal Alchemist Vol. 1 (1st Printing),2026-04-30,google_trends,21
Fullmetal Alchemist Vol. 1 (1st Printing),Fullmetal Alchemist Vol. 1 (1st Printing),2026-05-01,google_trends,19.8
Fullmetal Alchemist Vol. 1 (1st Printing),Fullmetal Alchemist Vol. 1 (1st Printing),2026-05-02,google_trends,21.2
Fullmetal Alchemist Vol. 1 (1st Printing),Fullmetal Alchemist Vol. 1 (1st Printing),2026-05-03,google_trends,20.2
Fullmetal Alchemist Vol. 1 (1st Printing),Fullmetal Alchemist Vol. 1 (1st Printing),2026-05-04,google_trends,21.6
Fullmetal Alchemist Vol. 1 (1st Printing),Fullmetal Alchemist Vol. 1 (1st Printing),2026-05-05,google_trends,20.4
Fullmetal Alchemist Vol. 1 (1st Printing),Fullmetal Alchemist Vol. 1 (1st Printing),2026-05-06,google_trends,18.6
Fullmetal Alchemist Vol. 1 (1st Printing),Fullmetal Alchemist Vol. 1 (1st Printing),2026-05-07,google_trends,18.7
Fullmetal Alchemist Vol. 1 (1st Printing),Fullmetal Alchemist Vol. 1 (1st Printing),2026-05-08,google_trends,19.5
Fullmetal Alchemist Vol. 1 (1st Printing),Fullmetal Alchemist Vol. 1 (1st Printing),2026-05-09,google_trends,20.3
Fullmetal Alchemist Vol. 1 (1st Printing),Fullmetal Alchemist Vol. 1 (1st Printing),2026-05-10,google_trends,18.2
Fullmetal Alchemist Vol. 1 (1st Printing),Fullmetal Alchemist Vol. 1 (1st Printing),2026-05-11,google_trends,21.9
Fullmetal Alchemist Vol. 1 (1st Printing),Fullmetal Alchemist Vol. 1 (1st Printing),2026-05-12,google_trends,21.2
Fullmetal Alchemist Vol. 1 (1st Printing),Fullmetal Alchemist Vol. 1 (1st Printing),2026-05-13,google_trends,21.4
Fullmetal Alchemist Vol. 1 (1st Printing),Fullmetal Alchemist Vol. 1 (1st Printing),2026-05-14,google_trends,20.7
Fullmetal Alchemist Vol. 1 (1st Printing),Fullmetal Alchemist Vol. 1 (1st Printing),2026-05-15,google_trends,18.7
Fullmetal Alchemist Vol. 1 (1st Printing),Fullmetal Alchemist Vol. 1 (1st Printing),2026-05-16,google_trends,18.8
Fullmetal Alchemist Vol. 1 (1st Printing),Fullmetal Alchemist Vol. 1 (1st Printing),2026-05-17,google_trends,20.1
Fullmetal Alchemist Vol. 1 (1st Printing),Fullmetal Alchemist Vol. 1 (1st Printing),2026-05-18,google_trends,19.8
Fullmetal Alchemist Vol. 1 (1st Printing),Fullmetal Alchemist Vol. 1 (1st Printing),2026-05-19,google_trends,21.1
Fullmetal Alchemist Vol. 1 (1st Printing),Fullmetal Alchemist Vol. 1 (1st Printing),2026-05-20,google_trends,18.6
Fullmetal Alchemist Vol. 1 (1st Printing),Fullmetal Alchemist Vol. 1 (1st Printing),2026-05-21,google_trends,18.8
Fullmetal Alchemist Vol. 1 (1st Printing),Fullmetal Alchemist Vol. 1 (1st Printing),2026-05-22,google_trends,18.4
Fullmetal Alchemist Vol. 1 (1st Printing),Fullmetal Alchemist Vol. 1 (1st Printing),2026-05-23,google_trends,20.6
Fullmetal Alchemist Vol. 1 (1st Printing),Fullmetal Alchemist Vol. 1 (1st Printing),2026-05-24,google_trends,19.4
Fullmetal Alchemist Vol. 1 (1st Printing),Fullmetal Alchemist Vol. 1 (1st Printing),2026-05-25,google_trends,20.4
Fullmetal Alchemist Vol. 1 (1st Printing),Fullmetal Alchemist Vol. 1 (1st Printing),2026-05-26,google_trends,18.9
Fullmetal Alchemist Vol. 1 (1st Printing),Fullmetal Alchemist Vol. 1 (1st Printing),2026-05-27,google_trends,19.4
Fullmetal Alchemist Vol. 1 (1st Printing),Fullmetal Alchemist Vol. 1 (1st Printing),2026-05-28,google_trends,19
Fullmetal Alchemist Vol. 1 (1st Printing),Fullmetal Alchemist Vol. 1 (1st Printing),2026-05-29,google_trends,20.3
Fullmetal Alchemist Vol. 1 (1st Printing),Fullmetal Alchemist Vol. 1 (1st Printing),2026-05-30,google_trends,22.5
Fullmetal Alchemist Vol. 1 (1st Printing),Fullmetal Alchemist Vol. 1 (1st Printing),2026-05-31,google_trends,20.5
Fullmetal Alchemist Vol. 1 (1st Printing),Fullmetal Alchemist Vol. 1 (1st Printing),2026-06-01,google_trends,20.9
Fullmetal Alchemist Vol. 1 (1st Printing),Fullmetal Alchemist Vol. 1 (1st Printing),2026-06-02,google_trends,20
Fullmetal Alchemist Vol. 1 (1st Printing),Fullmetal Alchemist Vol. 1 (1st Printing),2026-06-03,google_trends,20.3
Fullmetal Alchemist Vol. 1 (1st Printing),Fullmetal Alchemist Vol. 1 (1st Printing),2026-06-04,google_trends,18.9
Fullmetal Alchemist Vol. 1 (1st Printing),Fullmetal Alchemist Vol. 1 (1st Printing),2026-06-05,google_trends,19.1
Fullmetal Alchemist Vol. 1 (1st Printing),Fullmetal Alchemist Vol. 1 (1st Printing),2026-06-06,google_trends,20.6
Fullmetal Alchemist Vol. 1 (1st Printing),Fullmetal Alchemist Vol. 1 (1st Printing),2026-06-07,google_trends,19.5
Fullmetal Alchemist Vol. 1 (1st Printing),Fullmetal Alchemist Vol. 1 (1st Printing),2026-06-08,google_trends,20.5
Fullmetal Alchemist Vol. 1 (1st Printing),Fullmetal Alchemist Vol. 1 (1st Printing),2026-06-09,google_trends,19.3
Fullmetal Alchemist Vol. 1 (1st Printing),Fullmetal Alchemist Vol. 1 (1st Printing),2026-06-10,google_trends,20.3
Fullmetal Alchemist Vol. 1 (1st Printing),Fullmetal Alchemist Vol. 1 (1st Printing),2026-06-11,google_trends,21.8
Fullmetal Alchemist Vol. 1 (1st Printing),Fullmetal Alchemist Vol. 1 (1st Printing),2026-06-12,google_trends,22.2
Fullmetal Alchemist Vol. 1 (1st Printing),Fullmetal Alchemist Vol. 1 (1st Printing),2026-06-13,google_trends,20
Fullmetal Alchemist Vol. 1 (1st Printing),Fullmetal Alchemist Vol. 1 (1st Printing),2026-06-14,google_trends,20.3
Fullmetal Alchemist Vol. 1 (1st Printing),Fullmetal Alchemist Vol. 1 (1st Printing),2026-06-15,google_trends,22.8
Fullmetal Alchemist Vol. 1 (1st Printing),Fullmetal Alchemist Vol. 1 (1st Printing),2026-06-16,google_trends,21.1
Fullmetal Alchemist Vol. 1 (1st Printing),Fullmetal Alchemist Vol. 1 (1st Printing),2026-06-17,google_trends,22.5
Fullmetal Alchemist Vol. 1 (1st Printing),Fullmetal Alchemist Vol. 1 (1st Printing),2026-06-18,google_trends,19.5
Fullmetal Alchemist Vol. 1 (1st Printing),Fullmetal Alchemist Vol. 1 (1st Printing),2026-06-19,google_trends,21
Fullmetal Alchemist Vol. 1 (1st Printing),Fullmetal Alchemist Vol. 1 (1st Printing),2026-06-20,google_trends,19.2
Fullmetal Alchemist Vol. 1 (1st Printing),Fullmetal Alchemist Vol. 1 (1st Printing),2026-06-21,google_trends,20.4
Fullmetal Alchemist Vol. 1 (1st Printing),Fullmetal Alchemist Vol. 1 (1st Printing),2026-06-22,google_trends,20.3
Fullmetal Alchemist Vol. 1 (1st Printing),Fullmetal Alchemist Vol. 1 (1st Printing),2026-06-23,google_trends,21.2
Fullmetal Alchemist Vol. 1 (1st Printing),Fullmetal Alchemist Vol. 1 (1st Printing),2026-06-24,google_trends,20.2
Fullmetal Alchemist Vol. 1 (1st Printing),Fullmetal Alchemist Vol. 1 (1st Printing),2026-06-25,google_trends,22.3
Fullmetal Alchemist Vol. 1 (1st Printing),Fullmetal Alchemist Vol. 1 (1st Printing),2026-06-26,google_trends,20.6
Fullmetal Alchemist Vol. 1 (1st Printing),Fullmetal Alchemist Vol. 1 (1st Printing),2026-06-27,google_trends,21.3
Fullmetal Alchemist Vol. 1 (1st Printing),Fullmetal Alchemist Vol. 1 (1st Printing),2026-06-28,google_trends,19.7
Fullmetal Alchemist Vol. 1 (1st Printing),Fullmetal Alchemist Vol. 1 (1st Printing),2026-06-29,google_trends,22.9
Fullmetal Alchemist Vol. 1 (1st Printing),Fullmetal Alchemist Vol. 1 (1st Printing),2026-06-30,google_trends,21.6
Fullmetal Alchemist Vol. 1 (1st Printing),Fullmetal Alchemist Vol. 1 (1st Printing),2026-07-01,google_trends,20.6
Fullmetal Alchemist Vol. 1 (1st Printing),Fullmetal Alchemist Vol. 1 (1st Printing),2026-07-02,google_trends,22.7
Fullmetal Alchemist Vol. 1 (1st Printing),Fullmetal Alchemist Vol. 1 (1st Printing),2026-07-03,google_trends,23
Fullmetal Alchemist Vol. 1 (1st Printing),Fullmetal Alchemist Vol. 1 (1st Printing),2026-07-04,google_trends,20.2
Fullmetal Alchemist Vol. 1 (1st Printing),Fullmetal Alchemist Vol. 1 (1st Printing),2026-07-05,google_trends,22.8
Fullmetal Alchemist Vol. 1 (1st Printing),Fullmetal Alchemist Vol. 1 (1st Printing),2026-07-06,google_trends,21.5
Fullmetal Alchemist Vol. 1 (1st Printing),Fullmetal Alchemist Vol. 1 (1st Printing),2026-07-07,google_trends,22.9
Fullmetal Alchemist Vol. 1 (1st Printing),Fullmetal Alchemist Vol. 1 (1st Printing),2026-07-08,google_trends,20.5
Fullmetal Alchemist Vol. 1 (1st Printing),Fullmetal Alchemist Vol. 1 (1st Printing),2026-07-09,google_trends,20
Fullmetal Alchemist Vol. 1 (1st Printing),Fullmetal Alchemist Vol. 1 (1st Printing),2026-07-10,google_trends,23.2
Fullmetal Alchemist Vol. 1 (1st Printing),Fullmetal Alchemist Vol. 1 (1st Printing),2026-07-11,google_trends,21.9
Fullmetal Alchemist Vol. 1 (1st Printing),Fullmetal Alchemist Vol. 1 (1st Printing),2026-07-12,google_trends,23.3
Fullmetal Alchemist Vol. 1 (1st Printing),Fullmetal Alchemist Vol. 1 (1st Printing),2026-07-13,google_trends,22.9
Fullmetal Alchemist Vol. 1 (1st Printing),Fullmetal Alchemist Vol. 1 (1st Printing),2026-07-14,google_trends,23.4
Fullmetal Alchemist Vol. 1 (1st Printing),Fullmetal Alchemist Vol. 1 (1st Printing),2026-07-15,google_trends,22.9
Fullmetal Alchemist Vol. 1 (1st Printing),Fullmetal Alchemist Vol. 1 (1st Printing),2026-07-16,google_trends,19.9
Fullmetal Alchemist Vol. 1 (1st Printing),Fullmetal Alchemist Vol. 1 (1st Printing),2026-07-17,google_trends,20.7
Fullmetal Alchemist Vol. 1 (1st Printing),Fullmetal Alchemist Vol. 1 (1st Printing),2026-07-18,google_trends,20.2
Fullmetal Alchemist Vol. 1 (1st Printing),Fullmetal Alchemist Vol. 1 (1st Printing),2026-07-19,google_trends,21.2
Fullmetal Alchemist Vol. 1 (1st Printing),Fullmetal Alchemist Vol. 1 (1st Printing),2026-07-20,google_trends,20.9
Fullmetal Alchemist Vol. 1 (1st Printing),Fullmetal Alchemist Vol. 1 (1st Printing),2026-07-21,google_trends,21.8
Fullmetal Alchemist Vol. 1 (1st Printing),Fullmetal Alchemist Vol. 1 (1st Printing),2026-07-22,google_trends,21.9
Fullmetal Alchemist Vol. 1 (1st Printing),Fullmetal Alchemist Vol. 1 (1st Printing),2026-07-23,google_trends,22.5
Fullmetal Alchemist Vol. 1 (1st Printing),Fullmetal Alchemist Vol. 1 (1st Printing),2026-07-24,google_trends,21.1
Fullmetal Alchemist Vol. 1 (1st Printing),Fullmetal Alchemist Vol. 1 (1st Printing),2026-07-25,google_trends,21.9
Death Note Vol. 1 (1st Printing),Death Note Vol. 1 (1st Printing),2025-10-29,google_trends,17.9
Death Note Vol. 1 (1st Printing),Death Note Vol. 1 (1st Printing),2025-10-30,google_trends,16
Death Note Vol. 1 (1st Printing),Death Note Vol. 1 (1st Printing),2025-10-31,google_trends,17.4
Death Note Vol. 1 (1st Printing),Death Note Vol. 1 (1st Printing),2025-11-01,google_trends,18.8
Death Note Vol. 1 (1st Printing),Death Note Vol. 1 (1st Printing),2025-11-02,google_trends,17.7
Death Note Vol. 1 (1st Printing),Death Note Vol. 1 (1st Printing),2025-11-03,google_trends,15.8
Death Note Vol. 1 (1st Printing),Death Note Vol. 1 (1st Printing),2025-11-04,google_trends,17.2
Death Note Vol. 1 (1st Printing),Death Note Vol. 1 (1st Printing),2025-11-05,google_trends,17.5
Death Note Vol. 1 (1st Printing),Death Note Vol. 1 (1st Printing),2025-11-06,google_trends,17.2
Death Note Vol. 1 (1st Printing),Death Note Vol. 1 (1st Printing),2025-11-07,google_trends,18.8
Death Note Vol. 1 (1st Printing),Death Note Vol. 1 (1st Printing),2025-11-08,google_trends,18.6
Death Note Vol. 1 (1st Printing),Death Note Vol. 1 (1st Printing),2025-11-09,google_trends,15.7
Death Note Vol. 1 (1st Printing),Death Note Vol. 1 (1st Printing),2025-11-10,google_trends,16.6
Death Note Vol. 1 (1st Printing),Death Note Vol. 1 (1st Printing),2025-11-11,google_trends,15.6
Death Note Vol. 1 (1st Printing),Death Note Vol. 1 (1st Printing),2025-11-12,google_trends,17.6
Death Note Vol. 1 (1st Printing),Death Note Vol. 1 (1st Printing),2025-11-13,google_trends,16
Death Note Vol. 1 (1st Printing),Death Note Vol. 1 (1st Printing),2025-11-14,google_trends,16
Death Note Vol. 1 (1st Printing),Death Note Vol. 1 (1st Printing),2025-11-15,google_trends,17.5
Death Note Vol. 1 (1st Printing),Death Note Vol. 1 (1st Printing),2025-11-16,google_trends,16.3
Death Note Vol. 1 (1st Printing),Death Note Vol. 1 (1st Printing),2025-11-17,google_trends,18.3
Death Note Vol. 1 (1st Printing),Death Note Vol. 1 (1st Printing),2025-11-18,google_trends,15
Death Note Vol. 1 (1st Printing),Death Note Vol. 1 (1st Printing),2025-11-19,google_trends,17.2
Death Note Vol. 1 (1st Printing),Death Note Vol. 1 (1st Printing),2025-11-20,google_trends,17.4
Death Note Vol. 1 (1st Printing),Death Note Vol. 1 (1st Printing),2025-11-21,google_trends,16.7
Death Note Vol. 1 (1st Printing),Death Note Vol. 1 (1st Printing),2025-11-22,google_trends,18.7
Death Note Vol. 1 (1st Printing),Death Note Vol. 1 (1st Printing),2025-11-23,google_trends,17.2
Death Note Vol. 1 (1st Printing),Death Note Vol. 1 (1st Printing),2025-11-24,google_trends,16.2
Death Note Vol. 1 (1st Printing),Death Note Vol. 1 (1st Printing),2025-11-25,google_trends,16.7
Death Note Vol. 1 (1st Printing),Death Note Vol. 1 (1st Printing),2025-11-26,google_trends,17.2
Death Note Vol. 1 (1st Printing),Death Note Vol. 1 (1st Printing),2025-11-27,google_trends,17.5
Death Note Vol. 1 (1st Printing),Death Note Vol. 1 (1st Printing),2025-11-28,google_trends,16.6
Death Note Vol. 1 (1st Printing),Death Note Vol. 1 (1st Printing),2025-11-29,google_trends,18.9
Death Note Vol. 1 (1st Printing),Death Note Vol. 1 (1st Printing),2025-11-30,google_trends,17.9
Death Note Vol. 1 (1st Printing),Death Note Vol. 1 (1st Printing),2025-12-01,google_trends,16.1
Death Note Vol. 1 (1st Printing),Death Note Vol. 1 (1st Printing),2025-12-02,google_trends,16.3
Death Note Vol. 1 (1st Printing),Death Note Vol. 1 (1st Printing),2025-12-03,google_trends,17.1
Death Note Vol. 1 (1st Printing),Death Note Vol. 1 (1st Printing),2025-12-04,google_trends,18.4
Death Note Vol. 1 (1st Printing),Death Note Vol. 1 (1st Printing),2025-12-05,google_trends,15.8
Death Note Vol. 1 (1st Printing),Death Note Vol. 1 (1st Printing),2025-12-06,google_trends,17.1
Death Note Vol. 1 (1st Printing),Death Note Vol. 1 (1st Printing),2025-12-07,google_trends,16.4
Death Note Vol. 1 (1st Printing),Death Note Vol. 1 (1st Printing),2025-12-08,google_trends,18.2
Death Note Vol. 1 (1st Printing),Death Note Vol. 1 (1st Printing),2025-12-09,google_trends,16.4
Death Note Vol. 1 (1st Printing),Death Note Vol. 1 (1st Printing),2025-12-10,google_trends,15.5
Death Note Vol. 1 (1st Printing),Death Note Vol. 1 (1st Printing),2025-12-11,google_trends,16.7
Death Note Vol. 1 (1st Printing),Death Note Vol. 1 (1st Printing),2025-12-12,google_trends,17.9
Death Note Vol. 1 (1st Printing),Death Note Vol. 1 (1st Printing),2025-12-13,google_trends,16.2
Death Note Vol. 1 (1st Printing),Death Note Vol. 1 (1st Printing),2025-12-14,google_trends,15.1
Death Note Vol. 1 (1st Printing),Death Note Vol. 1 (1st Printing),2025-12-15,google_trends,18.2
Death Note Vol. 1 (1st Printing),Death Note Vol. 1 (1st Printing),2025-12-16,google_trends,15.3
Death Note Vol. 1 (1st Printing),Death Note Vol. 1 (1st Printing),2025-12-17,google_trends,18.6
Death Note Vol. 1 (1st Printing),Death Note Vol. 1 (1st Printing),2025-12-18,google_trends,16.3
Death Note Vol. 1 (1st Printing),Death Note Vol. 1 (1st Printing),2025-12-19,google_trends,18.1
Death Note Vol. 1 (1st Printing),Death Note Vol. 1 (1st Printing),2025-12-20,google_trends,18.8
Death Note Vol. 1 (1st Printing),Death Note Vol. 1 (1st Printing),2025-12-21,google_trends,15
Death Note Vol. 1 (1st Printing),Death Note Vol. 1 (1st Printing),2025-12-22,google_trends,17.9
Death Note Vol. 1 (1st Printing),Death Note Vol. 1 (1st Printing),2025-12-23,google_trends,15.6
Death Note Vol. 1 (1st Printing),Death Note Vol. 1 (1st Printing),2025-12-24,google_trends,16.4
Death Note Vol. 1 (1st Printing),Death Note Vol. 1 (1st Printing),2025-12-25,google_trends,17.2
Death Note Vol. 1 (1st Printing),Death Note Vol. 1 (1st Printing),2025-12-26,google_trends,18.3
Death Note Vol. 1 (1st Printing),Death Note Vol. 1 (1st Printing),2025-12-27,google_trends,17
Death Note Vol. 1 (1st Printing),Death Note Vol. 1 (1st Printing),2025-12-28,google_trends,18.9
Death Note Vol. 1 (1st Printing),Death Note Vol. 1 (1st Printing),2025-12-29,google_trends,18.8
Death Note Vol. 1 (1st Printing),Death Note Vol. 1 (1st Printing),2025-12-30,google_trends,18.3
Death Note Vol. 1 (1st Printing),Death Note Vol. 1 (1st Printing),2025-12-31,google_trends,16.9
Death Note Vol. 1 (1st Printing),Death Note Vol. 1 (1st Printing),2026-01-01,google_trends,17.4
Death Note Vol. 1 (1st Printing),Death Note Vol. 1 (1st Printing),2026-01-02,google_trends,16
Death Note Vol. 1 (1st Printing),Death Note Vol. 1 (1st Printing),2026-01-03,google_trends,15.9
Death Note Vol. 1 (1st Printing),Death Note Vol. 1 (1st Printing),2026-01-04,google_trends,17
Death Note Vol. 1 (1st Printing),Death Note Vol. 1 (1st Printing),2026-01-05,google_trends,15.6
Death Note Vol. 1 (1st Printing),Death Note Vol. 1 (1st Printing),2026-01-06,google_trends,15.5
Death Note Vol. 1 (1st Printing),Death Note Vol. 1 (1st Printing),2026-01-07,google_trends,16.7
Death Note Vol. 1 (1st Printing),Death Note Vol. 1 (1st Printing),2026-01-08,google_trends,17.4
Death Note Vol. 1 (1st Printing),Death Note Vol. 1 (1st Printing),2026-01-09,google_trends,15.5
Death Note Vol. 1 (1st Printing),Death Note Vol. 1 (1st Printing),2026-01-10,google_trends,18.8
Death Note Vol. 1 (1st Printing),Death Note Vol. 1 (1st Printing),2026-01-11,google_trends,15.5
Death Note Vol. 1 (1st Printing),Death Note Vol. 1 (1st Printing),2026-01-12,google_trends,16.7
Death Note Vol. 1 (1st Printing),Death Note Vol. 1 (1st Printing),2026-01-13,google_trends,17.6
Death Note Vol. 1 (1st Printing),Death Note Vol. 1 (1st Printing),2026-01-14,google_trends,18.1
Death Note Vol. 1 (1st Printing),Death Note Vol. 1 (1st Printing),2026-01-15,google_trends,15.9
Death Note Vol. 1 (1st Printing),Death Note Vol. 1 (1st Printing),2026-01-16,google_trends,17.3
Death Note Vol. 1 (1st Printing),Death Note Vol. 1 (1st Printing),2026-01-17,google_trends,15.3
Death Note Vol. 1 (1st Printing),Death Note Vol. 1 (1st Printing),2026-01-18,google_trends,15.6
Death Note Vol. 1 (1st Printing),Death Note Vol. 1 (1st Printing),2026-01-19,google_trends,17.9
Death Note Vol. 1 (1st Printing),Death Note Vol. 1 (1st Printing),2026-01-20,google_trends,16.4
Death Note Vol. 1 (1st Printing),Death Note Vol. 1 (1st Printing),2026-01-21,google_trends,15.4
Death Note Vol. 1 (1st Printing),Death Note Vol. 1 (1st Printing),2026-01-22,google_trends,16.7
Death Note Vol. 1 (1st Printing),Death Note Vol. 1 (1st Printing),2026-01-23,google_trends,15.1
Death Note Vol. 1 (1st Printing),Death Note Vol. 1 (1st Printing),2026-01-24,google_trends,16.8
Death Note Vol. 1 (1st Printing),Death Note Vol. 1 (1st Printing),2026-01-25,google_trends,18.1
Death Note Vol. 1 (1st Printing),Death Note Vol. 1 (1st Printing),2026-01-26,google_trends,17.6
Death Note Vol. 1 (1st Printing),Death Note Vol. 1 (1st Printing),2026-01-27,google_trends,18.9
Death Note Vol. 1 (1st Printing),Death Note Vol. 1 (1st Printing),2026-01-28,google_trends,17.9
Death Note Vol. 1 (1st Printing),Death Note Vol. 1 (1st Printing),2026-01-29,google_trends,16.7
Death Note Vol. 1 (1st Printing),Death Note Vol. 1 (1st Printing),2026-01-30,google_trends,15.8
Death Note Vol. 1 (1st Printing),Death Note Vol. 1 (1st Printing),2026-01-31,google_trends,16.5
Death Note Vol. 1 (1st Printing),Death Note Vol. 1 (1st Printing),2026-02-01,google_trends,15.7
Death Note Vol. 1 (1st Printing),Death Note Vol. 1 (1st Printing),2026-02-02,google_trends,16
Death Note Vol. 1 (1st Printing),Death Note Vol. 1 (1st Printing),2026-02-03,google_trends,18.3
Death Note Vol. 1 (1st Printing),Death Note Vol. 1 (1st Printing),2026-02-04,google_trends,15.1
Death Note Vol. 1 (1st Printing),Death Note Vol. 1 (1st Printing),2026-02-05,google_trends,16.5
Death Note Vol. 1 (1st Printing),Death Note Vol. 1 (1st Printing),2026-02-06,google_trends,17.4
Death Note Vol. 1 (1st Printing),Death Note Vol. 1 (1st Printing),2026-02-07,google_trends,18.6
Death Note Vol. 1 (1st Printing),Death Note Vol. 1 (1st Printing),2026-02-08,google_trends,18.6
Death Note Vol. 1 (1st Printing),Death Note Vol. 1 (1st Printing),2026-02-09,google_trends,15.8
Death Note Vol. 1 (1st Printing),Death Note Vol. 1 (1st Printing),2026-02-10,google_trends,17.7
Death Note Vol. 1 (1st Printing),Death Note Vol. 1 (1st Printing),2026-02-11,google_trends,18.5
Death Note Vol. 1 (1st Printing),Death Note Vol. 1 (1st Printing),2026-02-12,google_trends,18.6
Death Note Vol. 1 (1st Printing),Death Note Vol. 1 (1st Printing),2026-02-13,google_trends,16.4
Death Note Vol. 1 (1st Printing),Death Note Vol. 1 (1st Printing),2026-02-14,google_trends,16
Death Note Vol. 1 (1st Printing),Death Note Vol. 1 (1st Printing),2026-02-15,google_trends,15.2
Death Note Vol. 1 (1st Printing),Death Note Vol. 1 (1st Printing),2026-02-16,google_trends,16.1
Death Note Vol. 1 (1st Printing),Death Note Vol. 1 (1st Printing),2026-02-17,google_trends,18.5
Death Note Vol. 1 (1st Printing),Death Note Vol. 1 (1st Printing),2026-02-18,google_trends,15.8
Death Note Vol. 1 (1st Printing),Death Note Vol. 1 (1st Printing),2026-02-19,google_trends,17.7
Death Note Vol. 1 (1st Printing),Death Note Vol. 1 (1st Printing),2026-02-20,google_trends,16.4
Death Note Vol. 1 (1st Printing),Death Note Vol. 1 (1st Printing),2026-02-21,google_trends,15.9
Death Note Vol. 1 (1st Printing),Death Note Vol. 1 (1st Printing),2026-02-22,google_trends,17.6
Death Note Vol. 1 (1st Printing),Death Note Vol. 1 (1st Printing),2026-02-23,google_trends,18.8
Death Note Vol. 1 (1st Printing),Death Note Vol. 1 (1st Printing),2026-02-24,google_trends,15.5
Death Note Vol. 1 (1st Printing),Death Note Vol. 1 (1st Printing),2026-02-25,google_trends,15.9
Death Note Vol. 1 (1st Printing),Death Note Vol. 1 (1st Printing),2026-02-26,google_trends,16.7
Death Note Vol. 1 (1st Printing),Death Note Vol. 1 (1st Printing),2026-02-27,google_trends,17.3
Death Note Vol. 1 (1st Printing),Death Note Vol. 1 (1st Printing),2026-02-28,google_trends,18.1
Death Note Vol. 1 (1st Printing),Death Note Vol. 1 (1st Printing),2026-03-01,google_trends,17.8
Death Note Vol. 1 (1st Printing),Death Note Vol. 1 (1st Printing),2026-03-02,google_trends,16.6
Death Note Vol. 1 (1st Printing),Death Note Vol. 1 (1st Printing),2026-03-03,google_trends,18.7
Death Note Vol. 1 (1st Printing),Death Note Vol. 1 (1st Printing),2026-03-04,google_trends,18.3
Death Note Vol. 1 (1st Printing),Death Note Vol. 1 (1st Printing),2026-03-05,google_trends,16.4
Death Note Vol. 1 (1st Printing),Death Note Vol. 1 (1st Printing),2026-03-06,google_trends,15
Death Note Vol. 1 (1st Printing),Death Note Vol. 1 (1st Printing),2026-03-07,google_trends,16.1
Death Note Vol. 1 (1st Printing),Death Note Vol. 1 (1st Printing),2026-03-08,google_trends,17.8
Death Note Vol. 1 (1st Printing),Death Note Vol. 1 (1st Printing),2026-03-09,google_trends,16.2
Death Note Vol. 1 (1st Printing),Death Note Vol. 1 (1st Printing),2026-03-10,google_trends,15.6
Death Note Vol. 1 (1st Printing),Death Note Vol. 1 (1st Printing),2026-03-11,google_trends,17.7
Death Note Vol. 1 (1st Printing),Death Note Vol. 1 (1st Printing),2026-03-12,google_trends,15.1
Death Note Vol. 1 (1st Printing),Death Note Vol. 1 (1st Printing),2026-03-13,google_trends,17.7
Death Note Vol. 1 (1st Printing),Death Note Vol. 1 (1st Printing),2026-03-14,google_trends,15.7
Death Note Vol. 1 (1st Printing),Death Note Vol. 1 (1st Printing),2026-03-15,google_trends,16.3
Death Note Vol. 1 (1st Printing),Death Note Vol. 1 (1st Printing),2026-03-16,google_trends,15.6
Death Note Vol. 1 (1st Printing),Death Note Vol. 1 (1st Printing),2026-03-17,google_trends,18.4
Death Note Vol. 1 (1st Printing),Death Note Vol. 1 (1st Printing),2026-03-18,google_trends,16.6
Death Note Vol. 1 (1st Printing),Death Note Vol. 1 (1st Printing),2026-03-19,google_trends,17.2
Death Note Vol. 1 (1st Printing),Death Note Vol. 1 (1st Printing),2026-03-20,google_trends,15.3
Death Note Vol. 1 (1st Printing),Death Note Vol. 1 (1st Printing),2026-03-21,google_trends,16.9
Death Note Vol. 1 (1st Printing),Death Note Vol. 1 (1st Printing),2026-03-22,google_trends,15.5
Death Note Vol. 1 (1st Printing),Death Note Vol. 1 (1st Printing),2026-03-23,google_trends,17
Death Note Vol. 1 (1st Printing),Death Note Vol. 1 (1st Printing),2026-03-24,google_trends,18.7
Death Note Vol. 1 (1st Printing),Death Note Vol. 1 (1st Printing),2026-03-25,google_trends,17.7
Death Note Vol. 1 (1st Printing),Death Note Vol. 1 (1st Printing),2026-03-26,google_trends,15.2
Death Note Vol. 1 (1st Printing),Death Note Vol. 1 (1st Printing),2026-03-27,google_trends,15
Death Note Vol. 1 (1st Printing),Death Note Vol. 1 (1st Printing),2026-03-28,google_trends,15.4
Death Note Vol. 1 (1st Printing),Death Note Vol. 1 (1st Printing),2026-03-29,google_trends,15.2
Death Note Vol. 1 (1st Printing),Death Note Vol. 1 (1st Printing),2026-03-30,google_trends,16.6
Death Note Vol. 1 (1st Printing),Death Note Vol. 1 (1st Printing),2026-03-31,google_trends,15.9
Death Note Vol. 1 (1st Printing),Death Note Vol. 1 (1st Printing),2026-04-01,google_trends,17.9
Death Note Vol. 1 (1st Printing),Death Note Vol. 1 (1st Printing),2026-04-02,google_trends,15.7
Death Note Vol. 1 (1st Printing),Death Note Vol. 1 (1st Printing),2026-04-03,google_trends,16.5
Death Note Vol. 1 (1st Printing),Death Note Vol. 1 (1st Printing),2026-04-04,google_trends,16.4
Death Note Vol. 1 (1st Printing),Death Note Vol. 1 (1st Printing),2026-04-05,google_trends,18.8
Death Note Vol. 1 (1st Printing),Death Note Vol. 1 (1st Printing),2026-04-06,google_trends,15.7
Death Note Vol. 1 (1st Printing),Death Note Vol. 1 (1st Printing),2026-04-07,google_trends,15.2
Death Note Vol. 1 (1st Printing),Death Note Vol. 1 (1st Printing),2026-04-08,google_trends,19
Death Note Vol. 1 (1st Printing),Death Note Vol. 1 (1st Printing),2026-04-09,google_trends,15.6
Death Note Vol. 1 (1st Printing),Death Note Vol. 1 (1st Printing),2026-04-10,google_trends,16.3
Death Note Vol. 1 (1st Printing),Death Note Vol. 1 (1st Printing),2026-04-11,google_trends,16.2
Death Note Vol. 1 (1st Printing),Death Note Vol. 1 (1st Printing),2026-04-12,google_trends,16.9
Death Note Vol. 1 (1st Printing),Death Note Vol. 1 (1st Printing),2026-04-13,google_trends,18.8
Death Note Vol. 1 (1st Printing),Death Note Vol. 1 (1st Printing),2026-04-14,google_trends,19
Death Note Vol. 1 (1st Printing),Death Note Vol. 1 (1st Printing),2026-04-15,google_trends,15.3
Death Note Vol. 1 (1st Printing),Death Note Vol. 1 (1st Printing),2026-04-16,google_trends,18.8
Death Note Vol. 1 (1st Printing),Death Note Vol. 1 (1st Printing),2026-04-17,google_trends,15.9
Death Note Vol. 1 (1st Printing),Death Note Vol. 1 (1st Printing),2026-04-18,google_trends,16.1
Death Note Vol. 1 (1st Printing),Death Note Vol. 1 (1st Printing),2026-04-19,google_trends,17.2
Death Note Vol. 1 (1st Printing),Death Note Vol. 1 (1st Printing),2026-04-20,google_trends,16.1
Death Note Vol. 1 (1st Printing),Death Note Vol. 1 (1st Printing),2026-04-21,google_trends,16.2
Death Note Vol. 1 (1st Printing),Death Note Vol. 1 (1st Printing),2026-04-22,google_trends,15
Death Note Vol. 1 (1st Printing),Death Note Vol. 1 (1st Printing),2026-04-23,google_trends,15.3
Death Note Vol. 1 (1st Printing),Death Note Vol. 1 (1st Printing),2026-04-24,google_trends,17
Death Note Vol. 1 (1st Printing),Death Note Vol. 1 (1st Printing),2026-04-25,google_trends,17.6
Death Note Vol. 1 (1st Printing),Death Note Vol. 1 (1st Printing),2026-04-26,google_trends,16
Death Note Vol. 1 (1st Printing),Death Note Vol. 1 (1st Printing),2026-04-27,google_trends,18.2
Death Note Vol. 1 (1st Printing),Death Note Vol. 1 (1st Printing),2026-04-28,google_trends,16.6
Death Note Vol. 1 (1st Printing),Death Note Vol. 1 (1st Printing),2026-04-29,google_trends,15.4
Death Note Vol. 1 (1st Printing),Death Note Vol. 1 (1st Printing),2026-04-30,google_trends,15.1
Death Note Vol. 1 (1st Printing),Death Note Vol. 1 (1st Printing),2026-05-01,google_trends,18.9
Death Note Vol. 1 (1st Printing),Death Note Vol. 1 (1st Printing),2026-05-02,google_trends,15.9
Death Note Vol. 1 (1st Printing),Death Note Vol. 1 (1st Printing),2026-05-03,google_trends,18.9
Death Note Vol. 1 (1st Printing),Death Note Vol. 1 (1st Printing),2026-05-04,google_trends,15.7
Death Note Vol. 1 (1st Printing),Death Note Vol. 1 (1st Printing),2026-05-05,google_trends,17.7
Death Note Vol. 1 (1st Printing),Death Note Vol. 1 (1st Printing),2026-05-06,google_trends,16.9
Death Note Vol. 1 (1st Printing),Death Note Vol. 1 (1st Printing),2026-05-07,google_trends,17.9
Death Note Vol. 1 (1st Printing),Death Note Vol. 1 (1st Printing),2026-05-08,google_trends,16.8
Death Note Vol. 1 (1st Printing),Death Note Vol. 1 (1st Printing),2026-05-09,google_trends,15.7
Death Note Vol. 1 (1st Printing),Death Note Vol. 1 (1st Printing),2026-05-10,google_trends,17.3
Death Note Vol. 1 (1st Printing),Death Note Vol. 1 (1st Printing),2026-05-11,google_trends,18.9
Death Note Vol. 1 (1st Printing),Death Note Vol. 1 (1st Printing),2026-05-12,google_trends,15
Death Note Vol. 1 (1st Printing),Death Note Vol. 1 (1st Printing),2026-05-13,google_trends,16.2
Death Note Vol. 1 (1st Printing),Death Note Vol. 1 (1st Printing),2026-05-14,google_trends,15.2
Death Note Vol. 1 (1st Printing),Death Note Vol. 1 (1st Printing),2026-05-15,google_trends,16.7
Death Note Vol. 1 (1st Printing),Death Note Vol. 1 (1st Printing),2026-05-16,google_trends,16.3
Death Note Vol. 1 (1st Printing),Death Note Vol. 1 (1st Printing),2026-05-17,google_trends,17.4
Death Note Vol. 1 (1st Printing),Death Note Vol. 1 (1st Printing),2026-05-18,google_trends,17.5
Death Note Vol. 1 (1st Printing),Death Note Vol. 1 (1st Printing),2026-05-19,google_trends,18.5
Death Note Vol. 1 (1st Printing),Death Note Vol. 1 (1st Printing),2026-05-20,google_trends,15.6
Death Note Vol. 1 (1st Printing),Death Note Vol. 1 (1st Printing),2026-05-21,google_trends,16.3
Death Note Vol. 1 (1st Printing),Death Note Vol. 1 (1st Printing),2026-05-22,google_trends,15.4
Death Note Vol. 1 (1st Printing),Death Note Vol. 1 (1st Printing),2026-05-23,google_trends,18.9
Death Note Vol. 1 (1st Printing),Death Note Vol. 1 (1st Printing),2026-05-24,google_trends,16.7
Death Note Vol. 1 (1st Printing),Death Note Vol. 1 (1st Printing),2026-05-25,google_trends,18.4
Death Note Vol. 1 (1st Printing),Death Note Vol. 1 (1st Printing),2026-05-26,google_trends,18.8
Death Note Vol. 1 (1st Printing),Death Note Vol. 1 (1st Printing),2026-05-27,google_trends,17.7
Death Note Vol. 1 (1st Printing),Death Note Vol. 1 (1st Printing),2026-05-28,google_trends,16.1
Death Note Vol. 1 (1st Printing),Death Note Vol. 1 (1st Printing),2026-05-29,google_trends,17.5
Death Note Vol. 1 (1st Printing),Death Note Vol. 1 (1st Printing),2026-05-30,google_trends,18.2
Death Note Vol. 1 (1st Printing),Death Note Vol. 1 (1st Printing),2026-05-31,google_trends,18.4
Death Note Vol. 1 (1st Printing),Death Note Vol. 1 (1st Printing),2026-06-01,google_trends,18.5
Death Note Vol. 1 (1st Printing),Death Note Vol. 1 (1st Printing),2026-06-02,google_trends,17.1
Death Note Vol. 1 (1st Printing),Death Note Vol. 1 (1st Printing),2026-06-03,google_trends,16.5
Death Note Vol. 1 (1st Printing),Death Note Vol. 1 (1st Printing),2026-06-04,google_trends,18
Death Note Vol. 1 (1st Printing),Death Note Vol. 1 (1st Printing),2026-06-05,google_trends,16.4
Death Note Vol. 1 (1st Printing),Death Note Vol. 1 (1st Printing),2026-06-06,google_trends,16.5
Death Note Vol. 1 (1st Printing),Death Note Vol. 1 (1st Printing),2026-06-07,google_trends,18
Death Note Vol. 1 (1st Printing),Death Note Vol. 1 (1st Printing),2026-06-08,google_trends,18
Death Note Vol. 1 (1st Printing),Death Note Vol. 1 (1st Printing),2026-06-09,google_trends,18.5
Death Note Vol. 1 (1st Printing),Death Note Vol. 1 (1st Printing),2026-06-10,google_trends,17.8
Death Note Vol. 1 (1st Printing),Death Note Vol. 1 (1st Printing),2026-06-11,google_trends,15.4
Death Note Vol. 1 (1st Printing),Death Note Vol. 1 (1st Printing),2026-06-12,google_trends,18.2
Death Note Vol. 1 (1st Printing),Death Note Vol. 1 (1st Printing),2026-06-13,google_trends,18.2
Death Note Vol. 1 (1st Printing),Death Note Vol. 1 (1st Printing),2026-06-14,google_trends,17.4
Death Note Vol. 1 (1st Printing),Death Note Vol. 1 (1st Printing),2026-06-15,google_trends,16.7
Death Note Vol. 1 (1st Printing),Death Note Vol. 1 (1st Printing),2026-06-16,google_trends,18.6
Death Note Vol. 1 (1st Printing),Death Note Vol. 1 (1st Printing),2026-06-17,google_trends,16.7
Death Note Vol. 1 (1st Printing),Death Note Vol. 1 (1st Printing),2026-06-18,google_trends,18
Death Note Vol. 1 (1st Printing),Death Note Vol. 1 (1st Printing),2026-06-19,google_trends,15.7
Death Note Vol. 1 (1st Printing),Death Note Vol. 1 (1st Printing),2026-06-20,google_trends,15.6
Death Note Vol. 1 (1st Printing),Death Note Vol. 1 (1st Printing),2026-06-21,google_trends,15.8
Death Note Vol. 1 (1st Printing),Death Note Vol. 1 (1st Printing),2026-06-22,google_trends,15.8
Death Note Vol. 1 (1st Printing),Death Note Vol. 1 (1st Printing),2026-06-23,google_trends,16.8
Death Note Vol. 1 (1st Printing),Death Note Vol. 1 (1st Printing),2026-06-24,google_trends,16.8
Death Note Vol. 1 (1st Printing),Death Note Vol. 1 (1st Printing),2026-06-25,google_trends,15.2
Death Note Vol. 1 (1st Printing),Death Note Vol. 1 (1st Printing),2026-06-26,google_trends,16
Death Note Vol. 1 (1st Printing),Death Note Vol. 1 (1st Printing),2026-06-27,google_trends,18.9
Death Note Vol. 1 (1st Printing),Death Note Vol. 1 (1st Printing),2026-06-28,google_trends,17.9
Death Note Vol. 1 (1st Printing),Death Note Vol. 1 (1st Printing),2026-06-29,google_trends,15.1
Death Note Vol. 1 (1st Printing),Death Note Vol. 1 (1st Printing),2026-06-30,google_trends,17
Death Note Vol. 1 (1st Printing),Death Note Vol. 1 (1st Printing),2026-07-01,google_trends,17.2
Death Note Vol. 1 (1st Printing),Death Note Vol. 1 (1st Printing),2026-07-02,google_trends,15.4
Death Note Vol. 1 (1st Printing),Death Note Vol. 1 (1st Printing),2026-07-03,google_trends,18.4
Death Note Vol. 1 (1st Printing),Death Note Vol. 1 (1st Printing),2026-07-04,google_trends,18.2
Death Note Vol. 1 (1st Printing),Death Note Vol. 1 (1st Printing),2026-07-05,google_trends,16.3
Death Note Vol. 1 (1st Printing),Death Note Vol. 1 (1st Printing),2026-07-06,google_trends,15.5
Death Note Vol. 1 (1st Printing),Death Note Vol. 1 (1st Printing),2026-07-07,google_trends,17.5
Death Note Vol. 1 (1st Printing),Death Note Vol. 1 (1st Printing),2026-07-08,google_trends,15
Death Note Vol. 1 (1st Printing),Death Note Vol. 1 (1st Printing),2026-07-09,google_trends,18.4
Death Note Vol. 1 (1st Printing),Death Note Vol. 1 (1st Printing),2026-07-10,google_trends,16.6
Death Note Vol. 1 (1st Printing),Death Note Vol. 1 (1st Printing),2026-07-11,google_trends,16.2
Death Note Vol. 1 (1st Printing),Death Note Vol. 1 (1st Printing),2026-07-12,google_trends,15.2
Death Note Vol. 1 (1st Printing),Death Note Vol. 1 (1st Printing),2026-07-13,google_trends,16.2
Death Note Vol. 1 (1st Printing),Death Note Vol. 1 (1st Printing),2026-07-14,google_trends,16.1
Death Note Vol. 1 (1st Printing),Death Note Vol. 1 (1st Printing),2026-07-15,google_trends,15.6
Death Note Vol. 1 (1st Printing),Death Note Vol. 1 (1st Printing),2026-07-16,google_trends,16.1
Death Note Vol. 1 (1st Printing),Death Note Vol. 1 (1st Printing),2026-07-17,google_trends,16.7
Death Note Vol. 1 (1st Printing),Death Note Vol. 1 (1st Printing),2026-07-18,google_trends,18.1
Death Note Vol. 1 (1st Printing),Death Note Vol. 1 (1st Printing),2026-07-19,google_trends,15.7
Death Note Vol. 1 (1st Printing),Death Note Vol. 1 (1st Printing),2026-07-20,google_trends,17.3
Death Note Vol. 1 (1st Printing),Death Note Vol. 1 (1st Printing),2026-07-21,google_trends,17.3
Death Note Vol. 1 (1st Printing),Death Note Vol. 1 (1st Printing),2026-07-22,google_trends,15.4
Death Note Vol. 1 (1st Printing),Death Note Vol. 1 (1st Printing),2026-07-23,google_trends,18.7
Death Note Vol. 1 (1st Printing),Death Note Vol. 1 (1st Printing),2026-07-24,google_trends,16.8
Death Note Vol. 1 (1st Printing),Death Note Vol. 1 (1st Printing),2026-07-25,google_trends,17.9
Slam Dunk Vol. 1 (1st Printing),Slam Dunk Vol. 1 (1st Printing),2025-10-29,google_trends,17.1
Slam Dunk Vol. 1 (1st Printing),Slam Dunk Vol. 1 (1st Printing),2025-10-30,google_trends,16.2
Slam Dunk Vol. 1 (1st Printing),Slam Dunk Vol. 1 (1st Printing),2025-10-31,google_trends,15.4
Slam Dunk Vol. 1 (1st Printing),Slam Dunk Vol. 1 (1st Printing),2025-11-01,google_trends,16.7
Slam Dunk Vol. 1 (1st Printing),Slam Dunk Vol. 1 (1st Printing),2025-11-02,google_trends,16.2
Slam Dunk Vol. 1 (1st Printing),Slam Dunk Vol. 1 (1st Printing),2025-11-03,google_trends,15.4
Slam Dunk Vol. 1 (1st Printing),Slam Dunk Vol. 1 (1st Printing),2025-11-04,google_trends,15.9
Slam Dunk Vol. 1 (1st Printing),Slam Dunk Vol. 1 (1st Printing),2025-11-05,google_trends,17.4
Slam Dunk Vol. 1 (1st Printing),Slam Dunk Vol. 1 (1st Printing),2025-11-06,google_trends,17.3
Slam Dunk Vol. 1 (1st Printing),Slam Dunk Vol. 1 (1st Printing),2025-11-07,google_trends,15.9
Slam Dunk Vol. 1 (1st Printing),Slam Dunk Vol. 1 (1st Printing),2025-11-08,google_trends,15.7
Slam Dunk Vol. 1 (1st Printing),Slam Dunk Vol. 1 (1st Printing),2025-11-09,google_trends,17.9
Slam Dunk Vol. 1 (1st Printing),Slam Dunk Vol. 1 (1st Printing),2025-11-10,google_trends,18.8
Slam Dunk Vol. 1 (1st Printing),Slam Dunk Vol. 1 (1st Printing),2025-11-11,google_trends,17.5
Slam Dunk Vol. 1 (1st Printing),Slam Dunk Vol. 1 (1st Printing),2025-11-12,google_trends,16.9
Slam Dunk Vol. 1 (1st Printing),Slam Dunk Vol. 1 (1st Printing),2025-11-13,google_trends,16.9
Slam Dunk Vol. 1 (1st Printing),Slam Dunk Vol. 1 (1st Printing),2025-11-14,google_trends,15.1
Slam Dunk Vol. 1 (1st Printing),Slam Dunk Vol. 1 (1st Printing),2025-11-15,google_trends,16.8
Slam Dunk Vol. 1 (1st Printing),Slam Dunk Vol. 1 (1st Printing),2025-11-16,google_trends,17.2
Slam Dunk Vol. 1 (1st Printing),Slam Dunk Vol. 1 (1st Printing),2025-11-17,google_trends,19
Slam Dunk Vol. 1 (1st Printing),Slam Dunk Vol. 1 (1st Printing),2025-11-18,google_trends,17
Slam Dunk Vol. 1 (1st Printing),Slam Dunk Vol. 1 (1st Printing),2025-11-19,google_trends,17.2
Slam Dunk Vol. 1 (1st Printing),Slam Dunk Vol. 1 (1st Printing),2025-11-20,google_trends,18.7
Slam Dunk Vol. 1 (1st Printing),Slam Dunk Vol. 1 (1st Printing),2025-11-21,google_trends,15.5
Slam Dunk Vol. 1 (1st Printing),Slam Dunk Vol. 1 (1st Printing),2025-11-22,google_trends,18
Slam Dunk Vol. 1 (1st Printing),Slam Dunk Vol. 1 (1st Printing),2025-11-23,google_trends,16.1
Slam Dunk Vol. 1 (1st Printing),Slam Dunk Vol. 1 (1st Printing),2025-11-24,google_trends,15.1
Slam Dunk Vol. 1 (1st Printing),Slam Dunk Vol. 1 (1st Printing),2025-11-25,google_trends,16.4
Slam Dunk Vol. 1 (1st Printing),Slam Dunk Vol. 1 (1st Printing),2025-11-26,google_trends,15.1
Slam Dunk Vol. 1 (1st Printing),Slam Dunk Vol. 1 (1st Printing),2025-11-27,google_trends,18.6
Slam Dunk Vol. 1 (1st Printing),Slam Dunk Vol. 1 (1st Printing),2025-11-28,google_trends,15.6
Slam Dunk Vol. 1 (1st Printing),Slam Dunk Vol. 1 (1st Printing),2025-11-29,google_trends,17.9
Slam Dunk Vol. 1 (1st Printing),Slam Dunk Vol. 1 (1st Printing),2025-11-30,google_trends,18
Slam Dunk Vol. 1 (1st Printing),Slam Dunk Vol. 1 (1st Printing),2025-12-01,google_trends,17
Slam Dunk Vol. 1 (1st Printing),Slam Dunk Vol. 1 (1st Printing),2025-12-02,google_trends,16.8
Slam Dunk Vol. 1 (1st Printing),Slam Dunk Vol. 1 (1st Printing),2025-12-03,google_trends,16
Slam Dunk Vol. 1 (1st Printing),Slam Dunk Vol. 1 (1st Printing),2025-12-04,google_trends,18.9
Slam Dunk Vol. 1 (1st Printing),Slam Dunk Vol. 1 (1st Printing),2025-12-05,google_trends,17.5
Slam Dunk Vol. 1 (1st Printing),Slam Dunk Vol. 1 (1st Printing),2025-12-06,google_trends,15.1
Slam Dunk Vol. 1 (1st Printing),Slam Dunk Vol. 1 (1st Printing),2025-12-07,google_trends,16.2
Slam Dunk Vol. 1 (1st Printing),Slam Dunk Vol. 1 (1st Printing),2025-12-08,google_trends,16.3
Slam Dunk Vol. 1 (1st Printing),Slam Dunk Vol. 1 (1st Printing),2025-12-09,google_trends,15.6
Slam Dunk Vol. 1 (1st Printing),Slam Dunk Vol. 1 (1st Printing),2025-12-10,google_trends,17.3
Slam Dunk Vol. 1 (1st Printing),Slam Dunk Vol. 1 (1st Printing),2025-12-11,google_trends,16.4
Slam Dunk Vol. 1 (1st Printing),Slam Dunk Vol. 1 (1st Printing),2025-12-12,google_trends,15.2
Slam Dunk Vol. 1 (1st Printing),Slam Dunk Vol. 1 (1st Printing),2025-12-13,google_trends,18.1
Slam Dunk Vol. 1 (1st Printing),Slam Dunk Vol. 1 (1st Printing),2025-12-14,google_trends,15.3
Slam Dunk Vol. 1 (1st Printing),Slam Dunk Vol. 1 (1st Printing),2025-12-15,google_trends,16.4
Slam Dunk Vol. 1 (1st Printing),Slam Dunk Vol. 1 (1st Printing),2025-12-16,google_trends,17.4
Slam Dunk Vol. 1 (1st Printing),Slam Dunk Vol. 1 (1st Printing),2025-12-17,google_trends,18.7
Slam Dunk Vol. 1 (1st Printing),Slam Dunk Vol. 1 (1st Printing),2025-12-18,google_trends,15.7
Slam Dunk Vol. 1 (1st Printing),Slam Dunk Vol. 1 (1st Printing),2025-12-19,google_trends,17.6
Slam Dunk Vol. 1 (1st Printing),Slam Dunk Vol. 1 (1st Printing),2025-12-20,google_trends,18.5
Slam Dunk Vol. 1 (1st Printing),Slam Dunk Vol. 1 (1st Printing),2025-12-21,google_trends,17.1
Slam Dunk Vol. 1 (1st Printing),Slam Dunk Vol. 1 (1st Printing),2025-12-22,google_trends,15.4
Slam Dunk Vol. 1 (1st Printing),Slam Dunk Vol. 1 (1st Printing),2025-12-23,google_trends,17
Slam Dunk Vol. 1 (1st Printing),Slam Dunk Vol. 1 (1st Printing),2025-12-24,google_trends,15.4
Slam Dunk Vol. 1 (1st Printing),Slam Dunk Vol. 1 (1st Printing),2025-12-25,google_trends,17.1
Slam Dunk Vol. 1 (1st Printing),Slam Dunk Vol. 1 (1st Printing),2025-12-26,google_trends,16.1
Slam Dunk Vol. 1 (1st Printing),Slam Dunk Vol. 1 (1st Printing),2025-12-27,google_trends,17.2
Slam Dunk Vol. 1 (1st Printing),Slam Dunk Vol. 1 (1st Printing),2025-12-28,google_trends,16.4
Slam Dunk Vol. 1 (1st Printing),Slam Dunk Vol. 1 (1st Printing),2025-12-29,google_trends,16.4
Slam Dunk Vol. 1 (1st Printing),Slam Dunk Vol. 1 (1st Printing),2025-12-30,google_trends,15.6
Slam Dunk Vol. 1 (1st Printing),Slam Dunk Vol. 1 (1st Printing),2025-12-31,google_trends,17.6
Slam Dunk Vol. 1 (1st Printing),Slam Dunk Vol. 1 (1st Printing),2026-01-01,google_trends,15.1
Slam Dunk Vol. 1 (1st Printing),Slam Dunk Vol. 1 (1st Printing),2026-01-02,google_trends,18.9
Slam Dunk Vol. 1 (1st Printing),Slam Dunk Vol. 1 (1st Printing),2026-01-03,google_trends,16.9
Slam Dunk Vol. 1 (1st Printing),Slam Dunk Vol. 1 (1st Printing),2026-01-04,google_trends,15.2
Slam Dunk Vol. 1 (1st Printing),Slam Dunk Vol. 1 (1st Printing),2026-01-05,google_trends,17.6
Slam Dunk Vol. 1 (1st Printing),Slam Dunk Vol. 1 (1st Printing),2026-01-06,google_trends,17.6
Slam Dunk Vol. 1 (1st Printing),Slam Dunk Vol. 1 (1st Printing),2026-01-07,google_trends,16.7
Slam Dunk Vol. 1 (1st Printing),Slam Dunk Vol. 1 (1st Printing),2026-01-08,google_trends,15.6
Slam Dunk Vol. 1 (1st Printing),Slam Dunk Vol. 1 (1st Printing),2026-01-09,google_trends,17
Slam Dunk Vol. 1 (1st Printing),Slam Dunk Vol. 1 (1st Printing),2026-01-10,google_trends,17.1
Slam Dunk Vol. 1 (1st Printing),Slam Dunk Vol. 1 (1st Printing),2026-01-11,google_trends,15.6
Slam Dunk Vol. 1 (1st Printing),Slam Dunk Vol. 1 (1st Printing),2026-01-12,google_trends,17.1
Slam Dunk Vol. 1 (1st Printing),Slam Dunk Vol. 1 (1st Printing),2026-01-13,google_trends,15.2
Slam Dunk Vol. 1 (1st Printing),Slam Dunk Vol. 1 (1st Printing),2026-01-14,google_trends,17
Slam Dunk Vol. 1 (1st Printing),Slam Dunk Vol. 1 (1st Printing),2026-01-15,google_trends,15.1
Slam Dunk Vol. 1 (1st Printing),Slam Dunk Vol. 1 (1st Printing),2026-01-16,google_trends,15.6
Slam Dunk Vol. 1 (1st Printing),Slam Dunk Vol. 1 (1st Printing),2026-01-17,google_trends,18
Slam Dunk Vol. 1 (1st Printing),Slam Dunk Vol. 1 (1st Printing),2026-01-18,google_trends,16.4
Slam Dunk Vol. 1 (1st Printing),Slam Dunk Vol. 1 (1st Printing),2026-01-19,google_trends,17.4
Slam Dunk Vol. 1 (1st Printing),Slam Dunk Vol. 1 (1st Printing),2026-01-20,google_trends,17.1
Slam Dunk Vol. 1 (1st Printing),Slam Dunk Vol. 1 (1st Printing),2026-01-21,google_trends,17.3
Slam Dunk Vol. 1 (1st Printing),Slam Dunk Vol. 1 (1st Printing),2026-01-22,google_trends,19
Slam Dunk Vol. 1 (1st Printing),Slam Dunk Vol. 1 (1st Printing),2026-01-23,google_trends,17.6
Slam Dunk Vol. 1 (1st Printing),Slam Dunk Vol. 1 (1st Printing),2026-01-24,google_trends,15.1
Slam Dunk Vol. 1 (1st Printing),Slam Dunk Vol. 1 (1st Printing),2026-01-25,google_trends,16
Slam Dunk Vol. 1 (1st Printing),Slam Dunk Vol. 1 (1st Printing),2026-01-26,google_trends,17.6
Slam Dunk Vol. 1 (1st Printing),Slam Dunk Vol. 1 (1st Printing),2026-01-27,google_trends,18.3
Slam Dunk Vol. 1 (1st Printing),Slam Dunk Vol. 1 (1st Printing),2026-01-28,google_trends,15.8
Slam Dunk Vol. 1 (1st Printing),Slam Dunk Vol. 1 (1st Printing),2026-01-29,google_trends,16.6
Slam Dunk Vol. 1 (1st Printing),Slam Dunk Vol. 1 (1st Printing),2026-01-30,google_trends,16
Slam Dunk Vol. 1 (1st Printing),Slam Dunk Vol. 1 (1st Printing),2026-01-31,google_trends,17.5
Slam Dunk Vol. 1 (1st Printing),Slam Dunk Vol. 1 (1st Printing),2026-02-01,google_trends,15.9
Slam Dunk Vol. 1 (1st Printing),Slam Dunk Vol. 1 (1st Printing),2026-02-02,google_trends,17.1
Slam Dunk Vol. 1 (1st Printing),Slam Dunk Vol. 1 (1st Printing),2026-02-03,google_trends,16.8
Slam Dunk Vol. 1 (1st Printing),Slam Dunk Vol. 1 (1st Printing),2026-02-04,google_trends,18.6
Slam Dunk Vol. 1 (1st Printing),Slam Dunk Vol. 1 (1st Printing),2026-02-05,google_trends,15.7
Slam Dunk Vol. 1 (1st Printing),Slam Dunk Vol. 1 (1st Printing),2026-02-06,google_trends,16.1
Slam Dunk Vol. 1 (1st Printing),Slam Dunk Vol. 1 (1st Printing),2026-02-07,google_trends,18.6
Slam Dunk Vol. 1 (1st Printing),Slam Dunk Vol. 1 (1st Printing),2026-02-08,google_trends,17.1
Slam Dunk Vol. 1 (1st Printing),Slam Dunk Vol. 1 (1st Printing),2026-02-09,google_trends,16.9
Slam Dunk Vol. 1 (1st Printing),Slam Dunk Vol. 1 (1st Printing),2026-02-10,google_trends,15.3
Slam Dunk Vol. 1 (1st Printing),Slam Dunk Vol. 1 (1st Printing),2026-02-11,google_trends,18.4
Slam Dunk Vol. 1 (1st Printing),Slam Dunk Vol. 1 (1st Printing),2026-02-12,google_trends,17.3
Slam Dunk Vol. 1 (1st Printing),Slam Dunk Vol. 1 (1st Printing),2026-02-13,google_trends,17.1
Slam Dunk Vol. 1 (1st Printing),Slam Dunk Vol. 1 (1st Printing),2026-02-14,google_trends,17.4
Slam Dunk Vol. 1 (1st Printing),Slam Dunk Vol. 1 (1st Printing),2026-02-15,google_trends,16.3
Slam Dunk Vol. 1 (1st Printing),Slam Dunk Vol. 1 (1st Printing),2026-02-16,google_trends,16.9
Slam Dunk Vol. 1 (1st Printing),Slam Dunk Vol. 1 (1st Printing),2026-02-17,google_trends,15.4
Slam Dunk Vol. 1 (1st Printing),Slam Dunk Vol. 1 (1st Printing),2026-02-18,google_trends,16.4
Slam Dunk Vol. 1 (1st Printing),Slam Dunk Vol. 1 (1st Printing),2026-02-19,google_trends,17.6
Slam Dunk Vol. 1 (1st Printing),Slam Dunk Vol. 1 (1st Printing),2026-02-20,google_trends,17
Slam Dunk Vol. 1 (1st Printing),Slam Dunk Vol. 1 (1st Printing),2026-02-21,google_trends,17.4
Slam Dunk Vol. 1 (1st Printing),Slam Dunk Vol. 1 (1st Printing),2026-02-22,google_trends,16
Slam Dunk Vol. 1 (1st Printing),Slam Dunk Vol. 1 (1st Printing),2026-02-23,google_trends,18.2
Slam Dunk Vol. 1 (1st Printing),Slam Dunk Vol. 1 (1st Printing),2026-02-24,google_trends,18.7
Slam Dunk Vol. 1 (1st Printing),Slam Dunk Vol. 1 (1st Printing),2026-02-25,google_trends,15.1
Slam Dunk Vol. 1 (1st Printing),Slam Dunk Vol. 1 (1st Printing),2026-02-26,google_trends,15.5
Slam Dunk Vol. 1 (1st Printing),Slam Dunk Vol. 1 (1st Printing),2026-02-27,google_trends,15
Slam Dunk Vol. 1 (1st Printing),Slam Dunk Vol. 1 (1st Printing),2026-02-28,google_trends,18
Slam Dunk Vol. 1 (1st Printing),Slam Dunk Vol. 1 (1st Printing),2026-03-01,google_trends,16.9
Slam Dunk Vol. 1 (1st Printing),Slam Dunk Vol. 1 (1st Printing),2026-03-02,google_trends,16.9
Slam Dunk Vol. 1 (1st Printing),Slam Dunk Vol. 1 (1st Printing),2026-03-03,google_trends,16.7
Slam Dunk Vol. 1 (1st Printing),Slam Dunk Vol. 1 (1st Printing),2026-03-04,google_trends,16.7
Slam Dunk Vol. 1 (1st Printing),Slam Dunk Vol. 1 (1st Printing),2026-03-05,google_trends,15.6
Slam Dunk Vol. 1 (1st Printing),Slam Dunk Vol. 1 (1st Printing),2026-03-06,google_trends,16.2
Slam Dunk Vol. 1 (1st Printing),Slam Dunk Vol. 1 (1st Printing),2026-03-07,google_trends,16.7
Slam Dunk Vol. 1 (1st Printing),Slam Dunk Vol. 1 (1st Printing),2026-03-08,google_trends,15.7
Slam Dunk Vol. 1 (1st Printing),Slam Dunk Vol. 1 (1st Printing),2026-03-09,google_trends,15.1
Slam Dunk Vol. 1 (1st Printing),Slam Dunk Vol. 1 (1st Printing),2026-03-10,google_trends,15.7
Slam Dunk Vol. 1 (1st Printing),Slam Dunk Vol. 1 (1st Printing),2026-03-11,google_trends,16.7
Slam Dunk Vol. 1 (1st Printing),Slam Dunk Vol. 1 (1st Printing),2026-03-12,google_trends,16.9
Slam Dunk Vol. 1 (1st Printing),Slam Dunk Vol. 1 (1st Printing),2026-03-13,google_trends,16.2
Slam Dunk Vol. 1 (1st Printing),Slam Dunk Vol. 1 (1st Printing),2026-03-14,google_trends,17.7
Slam Dunk Vol. 1 (1st Printing),Slam Dunk Vol. 1 (1st Printing),2026-03-15,google_trends,17
Slam Dunk Vol. 1 (1st Printing),Slam Dunk Vol. 1 (1st Printing),2026-03-16,google_trends,18.1
Slam Dunk Vol. 1 (1st Printing),Slam Dunk Vol. 1 (1st Printing),2026-03-17,google_trends,16.5
Slam Dunk Vol. 1 (1st Printing),Slam Dunk Vol. 1 (1st Printing),2026-03-18,google_trends,17.1
Slam Dunk Vol. 1 (1st Printing),Slam Dunk Vol. 1 (1st Printing),2026-03-19,google_trends,15.6
Slam Dunk Vol. 1 (1st Printing),Slam Dunk Vol. 1 (1st Printing),2026-03-20,google_trends,15.7
Slam Dunk Vol. 1 (1st Printing),Slam Dunk Vol. 1 (1st Printing),2026-03-21,google_trends,17.4
Slam Dunk Vol. 1 (1st Printing),Slam Dunk Vol. 1 (1st Printing),2026-03-22,google_trends,16
Slam Dunk Vol. 1 (1st Printing),Slam Dunk Vol. 1 (1st Printing),2026-03-23,google_trends,17.9
Slam Dunk Vol. 1 (1st Printing),Slam Dunk Vol. 1 (1st Printing),2026-03-24,google_trends,18.2
Slam Dunk Vol. 1 (1st Printing),Slam Dunk Vol. 1 (1st Printing),2026-03-25,google_trends,17.8
Slam Dunk Vol. 1 (1st Printing),Slam Dunk Vol. 1 (1st Printing),2026-03-26,google_trends,16.6
Slam Dunk Vol. 1 (1st Printing),Slam Dunk Vol. 1 (1st Printing),2026-03-27,google_trends,17.1
Slam Dunk Vol. 1 (1st Printing),Slam Dunk Vol. 1 (1st Printing),2026-03-28,google_trends,16.1
Slam Dunk Vol. 1 (1st Printing),Slam Dunk Vol. 1 (1st Printing),2026-03-29,google_trends,16.6
Slam Dunk Vol. 1 (1st Printing),Slam Dunk Vol. 1 (1st Printing),2026-03-30,google_trends,18.6
Slam Dunk Vol. 1 (1st Printing),Slam Dunk Vol. 1 (1st Printing),2026-03-31,google_trends,17.5
Slam Dunk Vol. 1 (1st Printing),Slam Dunk Vol. 1 (1st Printing),2026-04-01,google_trends,18.1
Slam Dunk Vol. 1 (1st Printing),Slam Dunk Vol. 1 (1st Printing),2026-04-02,google_trends,18.6
Slam Dunk Vol. 1 (1st Printing),Slam Dunk Vol. 1 (1st Printing),2026-04-03,google_trends,16.5
Slam Dunk Vol. 1 (1st Printing),Slam Dunk Vol. 1 (1st Printing),2026-04-04,google_trends,17.4
Slam Dunk Vol. 1 (1st Printing),Slam Dunk Vol. 1 (1st Printing),2026-04-05,google_trends,16.4
Slam Dunk Vol. 1 (1st Printing),Slam Dunk Vol. 1 (1st Printing),2026-04-06,google_trends,16.9
Slam Dunk Vol. 1 (1st Printing),Slam Dunk Vol. 1 (1st Printing),2026-04-07,google_trends,18.5
Slam Dunk Vol. 1 (1st Printing),Slam Dunk Vol. 1 (1st Printing),2026-04-08,google_trends,17.6
Slam Dunk Vol. 1 (1st Printing),Slam Dunk Vol. 1 (1st Printing),2026-04-09,google_trends,15.3
Slam Dunk Vol. 1 (1st Printing),Slam Dunk Vol. 1 (1st Printing),2026-04-10,google_trends,16.8
Slam Dunk Vol. 1 (1st Printing),Slam Dunk Vol. 1 (1st Printing),2026-04-11,google_trends,17.8
Slam Dunk Vol. 1 (1st Printing),Slam Dunk Vol. 1 (1st Printing),2026-04-12,google_trends,18.9
Slam Dunk Vol. 1 (1st Printing),Slam Dunk Vol. 1 (1st Printing),2026-04-13,google_trends,15.5
Slam Dunk Vol. 1 (1st Printing),Slam Dunk Vol. 1 (1st Printing),2026-04-14,google_trends,16.8
Slam Dunk Vol. 1 (1st Printing),Slam Dunk Vol. 1 (1st Printing),2026-04-15,google_trends,18.5
Slam Dunk Vol. 1 (1st Printing),Slam Dunk Vol. 1 (1st Printing),2026-04-16,google_trends,17.1
Slam Dunk Vol. 1 (1st Printing),Slam Dunk Vol. 1 (1st Printing),2026-04-17,google_trends,16.7
Slam Dunk Vol. 1 (1st Printing),Slam Dunk Vol. 1 (1st Printing),2026-04-18,google_trends,15.6
Slam Dunk Vol. 1 (1st Printing),Slam Dunk Vol. 1 (1st Printing),2026-04-19,google_trends,17.2
Slam Dunk Vol. 1 (1st Printing),Slam Dunk Vol. 1 (1st Printing),2026-04-20,google_trends,17.2
Slam Dunk Vol. 1 (1st Printing),Slam Dunk Vol. 1 (1st Printing),2026-04-21,google_trends,18
Slam Dunk Vol. 1 (1st Printing),Slam Dunk Vol. 1 (1st Printing),2026-04-22,google_trends,16.1
Slam Dunk Vol. 1 (1st Printing),Slam Dunk Vol. 1 (1st Printing),2026-04-23,google_trends,15.7
Slam Dunk Vol. 1 (1st Printing),Slam Dunk Vol. 1 (1st Printing),2026-04-24,google_trends,17.7
Slam Dunk Vol. 1 (1st Printing),Slam Dunk Vol. 1 (1st Printing),2026-04-25,google_trends,15.5
Slam Dunk Vol. 1 (1st Printing),Slam Dunk Vol. 1 (1st Printing),2026-04-26,google_trends,16.5
Slam Dunk Vol. 1 (1st Printing),Slam Dunk Vol. 1 (1st Printing),2026-04-27,google_trends,16.2
Slam Dunk Vol. 1 (1st Printing),Slam Dunk Vol. 1 (1st Printing),2026-04-28,google_trends,16.6
Slam Dunk Vol. 1 (1st Printing),Slam Dunk Vol. 1 (1st Printing),2026-04-29,google_trends,17.1
Slam Dunk Vol. 1 (1st Printing),Slam Dunk Vol. 1 (1st Printing),2026-04-30,google_trends,16.2
Slam Dunk Vol. 1 (1st Printing),Slam Dunk Vol. 1 (1st Printing),2026-05-01,google_trends,16
Slam Dunk Vol. 1 (1st Printing),Slam Dunk Vol. 1 (1st Printing),2026-05-02,google_trends,18.3
Slam Dunk Vol. 1 (1st Printing),Slam Dunk Vol. 1 (1st Printing),2026-05-03,google_trends,18.4
Slam Dunk Vol. 1 (1st Printing),Slam Dunk Vol. 1 (1st Printing),2026-05-04,google_trends,16.9
Slam Dunk Vol. 1 (1st Printing),Slam Dunk Vol. 1 (1st Printing),2026-05-05,google_trends,15.2
Slam Dunk Vol. 1 (1st Printing),Slam Dunk Vol. 1 (1st Printing),2026-05-06,google_trends,17.6
Slam Dunk Vol. 1 (1st Printing),Slam Dunk Vol. 1 (1st Printing),2026-05-07,google_trends,15.2
Slam Dunk Vol. 1 (1st Printing),Slam Dunk Vol. 1 (1st Printing),2026-05-08,google_trends,18.4
Slam Dunk Vol. 1 (1st Printing),Slam Dunk Vol. 1 (1st Printing),2026-05-09,google_trends,16.6
Slam Dunk Vol. 1 (1st Printing),Slam Dunk Vol. 1 (1st Printing),2026-05-10,google_trends,16.8
Slam Dunk Vol. 1 (1st Printing),Slam Dunk Vol. 1 (1st Printing),2026-05-11,google_trends,16.1
Slam Dunk Vol. 1 (1st Printing),Slam Dunk Vol. 1 (1st Printing),2026-05-12,google_trends,16.9
Slam Dunk Vol. 1 (1st Printing),Slam Dunk Vol. 1 (1st Printing),2026-05-13,google_trends,15.2
Slam Dunk Vol. 1 (1st Printing),Slam Dunk Vol. 1 (1st Printing),2026-05-14,google_trends,18.4
Slam Dunk Vol. 1 (1st Printing),Slam Dunk Vol. 1 (1st Printing),2026-05-15,google_trends,17.3
Slam Dunk Vol. 1 (1st Printing),Slam Dunk Vol. 1 (1st Printing),2026-05-16,google_trends,16.6
Slam Dunk Vol. 1 (1st Printing),Slam Dunk Vol. 1 (1st Printing),2026-05-17,google_trends,16.5
Slam Dunk Vol. 1 (1st Printing),Slam Dunk Vol. 1 (1st Printing),2026-05-18,google_trends,16.6
Slam Dunk Vol. 1 (1st Printing),Slam Dunk Vol. 1 (1st Printing),2026-05-19,google_trends,16.8
Slam Dunk Vol. 1 (1st Printing),Slam Dunk Vol. 1 (1st Printing),2026-05-20,google_trends,16.5
Slam Dunk Vol. 1 (1st Printing),Slam Dunk Vol. 1 (1st Printing),2026-05-21,google_trends,17.2
Slam Dunk Vol. 1 (1st Printing),Slam Dunk Vol. 1 (1st Printing),2026-05-22,google_trends,18.5
Slam Dunk Vol. 1 (1st Printing),Slam Dunk Vol. 1 (1st Printing),2026-05-23,google_trends,17
Slam Dunk Vol. 1 (1st Printing),Slam Dunk Vol. 1 (1st Printing),2026-05-24,google_trends,15.7
Slam Dunk Vol. 1 (1st Printing),Slam Dunk Vol. 1 (1st Printing),2026-05-25,google_trends,18.4
Slam Dunk Vol. 1 (1st Printing),Slam Dunk Vol. 1 (1st Printing),2026-05-26,google_trends,18.9
Slam Dunk Vol. 1 (1st Printing),Slam Dunk Vol. 1 (1st Printing),2026-05-27,google_trends,16.4
Slam Dunk Vol. 1 (1st Printing),Slam Dunk Vol. 1 (1st Printing),2026-05-28,google_trends,18.2
Slam Dunk Vol. 1 (1st Printing),Slam Dunk Vol. 1 (1st Printing),2026-05-29,google_trends,16.6
Slam Dunk Vol. 1 (1st Printing),Slam Dunk Vol. 1 (1st Printing),2026-05-30,google_trends,16.6
Slam Dunk Vol. 1 (1st Printing),Slam Dunk Vol. 1 (1st Printing),2026-05-31,google_trends,16.4
Slam Dunk Vol. 1 (1st Printing),Slam Dunk Vol. 1 (1st Printing),2026-06-01,google_trends,15.3
Slam Dunk Vol. 1 (1st Printing),Slam Dunk Vol. 1 (1st Printing),2026-06-02,google_trends,18.1
Slam Dunk Vol. 1 (1st Printing),Slam Dunk Vol. 1 (1st Printing),2026-06-03,google_trends,16.8
Slam Dunk Vol. 1 (1st Printing),Slam Dunk Vol. 1 (1st Printing),2026-06-04,google_trends,15.6
Slam Dunk Vol. 1 (1st Printing),Slam Dunk Vol. 1 (1st Printing),2026-06-05,google_trends,18.9
Slam Dunk Vol. 1 (1st Printing),Slam Dunk Vol. 1 (1st Printing),2026-06-06,google_trends,19
Slam Dunk Vol. 1 (1st Printing),Slam Dunk Vol. 1 (1st Printing),2026-06-07,google_trends,18
Slam Dunk Vol. 1 (1st Printing),Slam Dunk Vol. 1 (1st Printing),2026-06-08,google_trends,18.7
Slam Dunk Vol. 1 (1st Printing),Slam Dunk Vol. 1 (1st Printing),2026-06-09,google_trends,18.4
Slam Dunk Vol. 1 (1st Printing),Slam Dunk Vol. 1 (1st Printing),2026-06-10,google_trends,19
Slam Dunk Vol. 1 (1st Printing),Slam Dunk Vol. 1 (1st Printing),2026-06-11,google_trends,18.9
Slam Dunk Vol. 1 (1st Printing),Slam Dunk Vol. 1 (1st Printing),2026-06-12,google_trends,15.4
Slam Dunk Vol. 1 (1st Printing),Slam Dunk Vol. 1 (1st Printing),2026-06-13,google_trends,18.3
Slam Dunk Vol. 1 (1st Printing),Slam Dunk Vol. 1 (1st Printing),2026-06-14,google_trends,17.1
Slam Dunk Vol. 1 (1st Printing),Slam Dunk Vol. 1 (1st Printing),2026-06-15,google_trends,15.4
Slam Dunk Vol. 1 (1st Printing),Slam Dunk Vol. 1 (1st Printing),2026-06-16,google_trends,18.4
Slam Dunk Vol. 1 (1st Printing),Slam Dunk Vol. 1 (1st Printing),2026-06-17,google_trends,15.2
Slam Dunk Vol. 1 (1st Printing),Slam Dunk Vol. 1 (1st Printing),2026-06-18,google_trends,15.4
Slam Dunk Vol. 1 (1st Printing),Slam Dunk Vol. 1 (1st Printing),2026-06-19,google_trends,18.5
Slam Dunk Vol. 1 (1st Printing),Slam Dunk Vol. 1 (1st Printing),2026-06-20,google_trends,17.6
Slam Dunk Vol. 1 (1st Printing),Slam Dunk Vol. 1 (1st Printing),2026-06-21,google_trends,15.6
Slam Dunk Vol. 1 (1st Printing),Slam Dunk Vol. 1 (1st Printing),2026-06-22,google_trends,15.8
Slam Dunk Vol. 1 (1st Printing),Slam Dunk Vol. 1 (1st Printing),2026-06-23,google_trends,19
Slam Dunk Vol. 1 (1st Printing),Slam Dunk Vol. 1 (1st Printing),2026-06-24,google_trends,18.4
Slam Dunk Vol. 1 (1st Printing),Slam Dunk Vol. 1 (1st Printing),2026-06-25,google_trends,17.4
Slam Dunk Vol. 1 (1st Printing),Slam Dunk Vol. 1 (1st Printing),2026-06-26,google_trends,18.5
Slam Dunk Vol. 1 (1st Printing),Slam Dunk Vol. 1 (1st Printing),2026-06-27,google_trends,18.2
Slam Dunk Vol. 1 (1st Printing),Slam Dunk Vol. 1 (1st Printing),2026-06-28,google_trends,16.8
Slam Dunk Vol. 1 (1st Printing),Slam Dunk Vol. 1 (1st Printing),2026-06-29,google_trends,16
Slam Dunk Vol. 1 (1st Printing),Slam Dunk Vol. 1 (1st Printing),2026-06-30,google_trends,15.3
Slam Dunk Vol. 1 (1st Printing),Slam Dunk Vol. 1 (1st Printing),2026-07-01,google_trends,16.1
Slam Dunk Vol. 1 (1st Printing),Slam Dunk Vol. 1 (1st Printing),2026-07-02,google_trends,15.6
Slam Dunk Vol. 1 (1st Printing),Slam Dunk Vol. 1 (1st Printing),2026-07-03,google_trends,15.2
Slam Dunk Vol. 1 (1st Printing),Slam Dunk Vol. 1 (1st Printing),2026-07-04,google_trends,17.1
Slam Dunk Vol. 1 (1st Printing),Slam Dunk Vol. 1 (1st Printing),2026-07-05,google_trends,19
Slam Dunk Vol. 1 (1st Printing),Slam Dunk Vol. 1 (1st Printing),2026-07-06,google_trends,18.9
Slam Dunk Vol. 1 (1st Printing),Slam Dunk Vol. 1 (1st Printing),2026-07-07,google_trends,18.8
Slam Dunk Vol. 1 (1st Printing),Slam Dunk Vol. 1 (1st Printing),2026-07-08,google_trends,17.9
Slam Dunk Vol. 1 (1st Printing),Slam Dunk Vol. 1 (1st Printing),2026-07-09,google_trends,17
Slam Dunk Vol. 1 (1st Printing),Slam Dunk Vol. 1 (1st Printing),2026-07-10,google_trends,18
Slam Dunk Vol. 1 (1st Printing),Slam Dunk Vol. 1 (1st Printing),2026-07-11,google_trends,17.8
Slam Dunk Vol. 1 (1st Printing),Slam Dunk Vol. 1 (1st Printing),2026-07-12,google_trends,16.1
Slam Dunk Vol. 1 (1st Printing),Slam Dunk Vol. 1 (1st Printing),2026-07-13,google_trends,15.1
Slam Dunk Vol. 1 (1st Printing),Slam Dunk Vol. 1 (1st Printing),2026-07-14,google_trends,15.1
Slam Dunk Vol. 1 (1st Printing),Slam Dunk Vol. 1 (1st Printing),2026-07-15,google_trends,15.9
Slam Dunk Vol. 1 (1st Printing),Slam Dunk Vol. 1 (1st Printing),2026-07-16,google_trends,18.4
Slam Dunk Vol. 1 (1st Printing),Slam Dunk Vol. 1 (1st Printing),2026-07-17,google_trends,18.6
Slam Dunk Vol. 1 (1st Printing),Slam Dunk Vol. 1 (1st Printing),2026-07-18,google_trends,17.8
Slam Dunk Vol. 1 (1st Printing),Slam Dunk Vol. 1 (1st Printing),2026-07-19,google_trends,18.7
Slam Dunk Vol. 1 (1st Printing),Slam Dunk Vol. 1 (1st Printing),2026-07-20,google_trends,15.8
Slam Dunk Vol. 1 (1st Printing),Slam Dunk Vol. 1 (1st Printing),2026-07-21,google_trends,15.4
Slam Dunk Vol. 1 (1st Printing),Slam Dunk Vol. 1 (1st Printing),2026-07-22,google_trends,18.8
Slam Dunk Vol. 1 (1st Printing),Slam Dunk Vol. 1 (1st Printing),2026-07-23,google_trends,15.8
Slam Dunk Vol. 1 (1st Printing),Slam Dunk Vol. 1 (1st Printing),2026-07-24,google_trends,17.5
Slam Dunk Vol. 1 (1st Printing),Slam Dunk Vol. 1 (1st Printing),2026-07-25,google_trends,17.5
Dragon Ball Carddass Hondan Part 1 No.1 Son Goku (Prism),Dragon Ball Carddass Hondan Part 1 No.1 Son Goku (Prism),2025-10-29,google_trends,16.4
Dragon Ball Carddass Hondan Part 1 No.1 Son Goku (Prism),Dragon Ball Carddass Hondan Part 1 No.1 Son Goku (Prism),2025-10-30,google_trends,17.7
Dragon Ball Carddass Hondan Part 1 No.1 Son Goku (Prism),Dragon Ball Carddass Hondan Part 1 No.1 Son Goku (Prism),2025-10-31,google_trends,14.9
Dragon Ball Carddass Hondan Part 1 No.1 Son Goku (Prism),Dragon Ball Carddass Hondan Part 1 No.1 Son Goku (Prism),2025-11-01,google_trends,14.8
Dragon Ball Carddass Hondan Part 1 No.1 Son Goku (Prism),Dragon Ball Carddass Hondan Part 1 No.1 Son Goku (Prism),2025-11-02,google_trends,16
Dragon Ball Carddass Hondan Part 1 No.1 Son Goku (Prism),Dragon Ball Carddass Hondan Part 1 No.1 Son Goku (Prism),2025-11-03,google_trends,15.1
Dragon Ball Carddass Hondan Part 1 No.1 Son Goku (Prism),Dragon Ball Carddass Hondan Part 1 No.1 Son Goku (Prism),2025-11-04,google_trends,16.1
Dragon Ball Carddass Hondan Part 1 No.1 Son Goku (Prism),Dragon Ball Carddass Hondan Part 1 No.1 Son Goku (Prism),2025-11-05,google_trends,14.6
Dragon Ball Carddass Hondan Part 1 No.1 Son Goku (Prism),Dragon Ball Carddass Hondan Part 1 No.1 Son Goku (Prism),2025-11-06,google_trends,16.9
Dragon Ball Carddass Hondan Part 1 No.1 Son Goku (Prism),Dragon Ball Carddass Hondan Part 1 No.1 Son Goku (Prism),2025-11-07,google_trends,16.5
Dragon Ball Carddass Hondan Part 1 No.1 Son Goku (Prism),Dragon Ball Carddass Hondan Part 1 No.1 Son Goku (Prism),2025-11-08,google_trends,15.9
Dragon Ball Carddass Hondan Part 1 No.1 Son Goku (Prism),Dragon Ball Carddass Hondan Part 1 No.1 Son Goku (Prism),2025-11-09,google_trends,14.4
Dragon Ball Carddass Hondan Part 1 No.1 Son Goku (Prism),Dragon Ball Carddass Hondan Part 1 No.1 Son Goku (Prism),2025-11-10,google_trends,16.4
Dragon Ball Carddass Hondan Part 1 No.1 Son Goku (Prism),Dragon Ball Carddass Hondan Part 1 No.1 Son Goku (Prism),2025-11-11,google_trends,16.2
Dragon Ball Carddass Hondan Part 1 No.1 Son Goku (Prism),Dragon Ball Carddass Hondan Part 1 No.1 Son Goku (Prism),2025-11-12,google_trends,16
Dragon Ball Carddass Hondan Part 1 No.1 Son Goku (Prism),Dragon Ball Carddass Hondan Part 1 No.1 Son Goku (Prism),2025-11-13,google_trends,14.9
Dragon Ball Carddass Hondan Part 1 No.1 Son Goku (Prism),Dragon Ball Carddass Hondan Part 1 No.1 Son Goku (Prism),2025-11-14,google_trends,15.6
Dragon Ball Carddass Hondan Part 1 No.1 Son Goku (Prism),Dragon Ball Carddass Hondan Part 1 No.1 Son Goku (Prism),2025-11-15,google_trends,14.3
Dragon Ball Carddass Hondan Part 1 No.1 Son Goku (Prism),Dragon Ball Carddass Hondan Part 1 No.1 Son Goku (Prism),2025-11-16,google_trends,16.3
Dragon Ball Carddass Hondan Part 1 No.1 Son Goku (Prism),Dragon Ball Carddass Hondan Part 1 No.1 Son Goku (Prism),2025-11-17,google_trends,14.5
Dragon Ball Carddass Hondan Part 1 No.1 Son Goku (Prism),Dragon Ball Carddass Hondan Part 1 No.1 Son Goku (Prism),2025-11-18,google_trends,14.1
Dragon Ball Carddass Hondan Part 1 No.1 Son Goku (Prism),Dragon Ball Carddass Hondan Part 1 No.1 Son Goku (Prism),2025-11-19,google_trends,16.3
Dragon Ball Carddass Hondan Part 1 No.1 Son Goku (Prism),Dragon Ball Carddass Hondan Part 1 No.1 Son Goku (Prism),2025-11-20,google_trends,17.7
Dragon Ball Carddass Hondan Part 1 No.1 Son Goku (Prism),Dragon Ball Carddass Hondan Part 1 No.1 Son Goku (Prism),2025-11-21,google_trends,16.2
Dragon Ball Carddass Hondan Part 1 No.1 Son Goku (Prism),Dragon Ball Carddass Hondan Part 1 No.1 Son Goku (Prism),2025-11-22,google_trends,15.9
Dragon Ball Carddass Hondan Part 1 No.1 Son Goku (Prism),Dragon Ball Carddass Hondan Part 1 No.1 Son Goku (Prism),2025-11-23,google_trends,16.3
Dragon Ball Carddass Hondan Part 1 No.1 Son Goku (Prism),Dragon Ball Carddass Hondan Part 1 No.1 Son Goku (Prism),2025-11-24,google_trends,16.2
Dragon Ball Carddass Hondan Part 1 No.1 Son Goku (Prism),Dragon Ball Carddass Hondan Part 1 No.1 Son Goku (Prism),2025-11-25,google_trends,14.8
Dragon Ball Carddass Hondan Part 1 No.1 Son Goku (Prism),Dragon Ball Carddass Hondan Part 1 No.1 Son Goku (Prism),2025-11-26,google_trends,14.9
Dragon Ball Carddass Hondan Part 1 No.1 Son Goku (Prism),Dragon Ball Carddass Hondan Part 1 No.1 Son Goku (Prism),2025-11-27,google_trends,17.4
Dragon Ball Carddass Hondan Part 1 No.1 Son Goku (Prism),Dragon Ball Carddass Hondan Part 1 No.1 Son Goku (Prism),2025-11-28,google_trends,16.5
Dragon Ball Carddass Hondan Part 1 No.1 Son Goku (Prism),Dragon Ball Carddass Hondan Part 1 No.1 Son Goku (Prism),2025-11-29,google_trends,14.1
Dragon Ball Carddass Hondan Part 1 No.1 Son Goku (Prism),Dragon Ball Carddass Hondan Part 1 No.1 Son Goku (Prism),2025-11-30,google_trends,17.5
Dragon Ball Carddass Hondan Part 1 No.1 Son Goku (Prism),Dragon Ball Carddass Hondan Part 1 No.1 Son Goku (Prism),2025-12-01,google_trends,16.9
Dragon Ball Carddass Hondan Part 1 No.1 Son Goku (Prism),Dragon Ball Carddass Hondan Part 1 No.1 Son Goku (Prism),2025-12-02,google_trends,16.2
Dragon Ball Carddass Hondan Part 1 No.1 Son Goku (Prism),Dragon Ball Carddass Hondan Part 1 No.1 Son Goku (Prism),2025-12-03,google_trends,15.5
Dragon Ball Carddass Hondan Part 1 No.1 Son Goku (Prism),Dragon Ball Carddass Hondan Part 1 No.1 Son Goku (Prism),2025-12-04,google_trends,15
Dragon Ball Carddass Hondan Part 1 No.1 Son Goku (Prism),Dragon Ball Carddass Hondan Part 1 No.1 Son Goku (Prism),2025-12-05,google_trends,16.4
Dragon Ball Carddass Hondan Part 1 No.1 Son Goku (Prism),Dragon Ball Carddass Hondan Part 1 No.1 Son Goku (Prism),2025-12-06,google_trends,17
Dragon Ball Carddass Hondan Part 1 No.1 Son Goku (Prism),Dragon Ball Carddass Hondan Part 1 No.1 Son Goku (Prism),2025-12-07,google_trends,15.8
Dragon Ball Carddass Hondan Part 1 No.1 Son Goku (Prism),Dragon Ball Carddass Hondan Part 1 No.1 Son Goku (Prism),2025-12-08,google_trends,16.7
Dragon Ball Carddass Hondan Part 1 No.1 Son Goku (Prism),Dragon Ball Carddass Hondan Part 1 No.1 Son Goku (Prism),2025-12-09,google_trends,17.9
Dragon Ball Carddass Hondan Part 1 No.1 Son Goku (Prism),Dragon Ball Carddass Hondan Part 1 No.1 Son Goku (Prism),2025-12-10,google_trends,16.1
Dragon Ball Carddass Hondan Part 1 No.1 Son Goku (Prism),Dragon Ball Carddass Hondan Part 1 No.1 Son Goku (Prism),2025-12-11,google_trends,15.2
Dragon Ball Carddass Hondan Part 1 No.1 Son Goku (Prism),Dragon Ball Carddass Hondan Part 1 No.1 Son Goku (Prism),2025-12-12,google_trends,18
Dragon Ball Carddass Hondan Part 1 No.1 Son Goku (Prism),Dragon Ball Carddass Hondan Part 1 No.1 Son Goku (Prism),2025-12-13,google_trends,16.4
Dragon Ball Carddass Hondan Part 1 No.1 Son Goku (Prism),Dragon Ball Carddass Hondan Part 1 No.1 Son Goku (Prism),2025-12-14,google_trends,14.6
Dragon Ball Carddass Hondan Part 1 No.1 Son Goku (Prism),Dragon Ball Carddass Hondan Part 1 No.1 Son Goku (Prism),2025-12-15,google_trends,16.9
Dragon Ball Carddass Hondan Part 1 No.1 Son Goku (Prism),Dragon Ball Carddass Hondan Part 1 No.1 Son Goku (Prism),2025-12-16,google_trends,15.8
Dragon Ball Carddass Hondan Part 1 No.1 Son Goku (Prism),Dragon Ball Carddass Hondan Part 1 No.1 Son Goku (Prism),2025-12-17,google_trends,15.6
Dragon Ball Carddass Hondan Part 1 No.1 Son Goku (Prism),Dragon Ball Carddass Hondan Part 1 No.1 Son Goku (Prism),2025-12-18,google_trends,15.5
Dragon Ball Carddass Hondan Part 1 No.1 Son Goku (Prism),Dragon Ball Carddass Hondan Part 1 No.1 Son Goku (Prism),2025-12-19,google_trends,17
Dragon Ball Carddass Hondan Part 1 No.1 Son Goku (Prism),Dragon Ball Carddass Hondan Part 1 No.1 Son Goku (Prism),2025-12-20,google_trends,15.4
Dragon Ball Carddass Hondan Part 1 No.1 Son Goku (Prism),Dragon Ball Carddass Hondan Part 1 No.1 Son Goku (Prism),2025-12-21,google_trends,15.8
Dragon Ball Carddass Hondan Part 1 No.1 Son Goku (Prism),Dragon Ball Carddass Hondan Part 1 No.1 Son Goku (Prism),2025-12-22,google_trends,15.6
Dragon Ball Carddass Hondan Part 1 No.1 Son Goku (Prism),Dragon Ball Carddass Hondan Part 1 No.1 Son Goku (Prism),2025-12-23,google_trends,14.3
Dragon Ball Carddass Hondan Part 1 No.1 Son Goku (Prism),Dragon Ball Carddass Hondan Part 1 No.1 Son Goku (Prism),2025-12-24,google_trends,17
Dragon Ball Carddass Hondan Part 1 No.1 Son Goku (Prism),Dragon Ball Carddass Hondan Part 1 No.1 Son Goku (Prism),2025-12-25,google_trends,17.7
Dragon Ball Carddass Hondan Part 1 No.1 Son Goku (Prism),Dragon Ball Carddass Hondan Part 1 No.1 Son Goku (Prism),2025-12-26,google_trends,17.6
Dragon Ball Carddass Hondan Part 1 No.1 Son Goku (Prism),Dragon Ball Carddass Hondan Part 1 No.1 Son Goku (Prism),2025-12-27,google_trends,17.2
Dragon Ball Carddass Hondan Part 1 No.1 Son Goku (Prism),Dragon Ball Carddass Hondan Part 1 No.1 Son Goku (Prism),2025-12-28,google_trends,16
Dragon Ball Carddass Hondan Part 1 No.1 Son Goku (Prism),Dragon Ball Carddass Hondan Part 1 No.1 Son Goku (Prism),2025-12-29,google_trends,15.8
Dragon Ball Carddass Hondan Part 1 No.1 Son Goku (Prism),Dragon Ball Carddass Hondan Part 1 No.1 Son Goku (Prism),2025-12-30,google_trends,16.4
Dragon Ball Carddass Hondan Part 1 No.1 Son Goku (Prism),Dragon Ball Carddass Hondan Part 1 No.1 Son Goku (Prism),2025-12-31,google_trends,17.3
Dragon Ball Carddass Hondan Part 1 No.1 Son Goku (Prism),Dragon Ball Carddass Hondan Part 1 No.1 Son Goku (Prism),2026-01-01,google_trends,15.9
Dragon Ball Carddass Hondan Part 1 No.1 Son Goku (Prism),Dragon Ball Carddass Hondan Part 1 No.1 Son Goku (Prism),2026-01-02,google_trends,14.2
Dragon Ball Carddass Hondan Part 1 No.1 Son Goku (Prism),Dragon Ball Carddass Hondan Part 1 No.1 Son Goku (Prism),2026-01-03,google_trends,14.6
Dragon Ball Carddass Hondan Part 1 No.1 Son Goku (Prism),Dragon Ball Carddass Hondan Part 1 No.1 Son Goku (Prism),2026-01-04,google_trends,15.5
Dragon Ball Carddass Hondan Part 1 No.1 Son Goku (Prism),Dragon Ball Carddass Hondan Part 1 No.1 Son Goku (Prism),2026-01-05,google_trends,15
Dragon Ball Carddass Hondan Part 1 No.1 Son Goku (Prism),Dragon Ball Carddass Hondan Part 1 No.1 Son Goku (Prism),2026-01-06,google_trends,14
Dragon Ball Carddass Hondan Part 1 No.1 Son Goku (Prism),Dragon Ball Carddass Hondan Part 1 No.1 Son Goku (Prism),2026-01-07,google_trends,17.8
Dragon Ball Carddass Hondan Part 1 No.1 Son Goku (Prism),Dragon Ball Carddass Hondan Part 1 No.1 Son Goku (Prism),2026-01-08,google_trends,16.6
Dragon Ball Carddass Hondan Part 1 No.1 Son Goku (Prism),Dragon Ball Carddass Hondan Part 1 No.1 Son Goku (Prism),2026-01-09,google_trends,14.7
Dragon Ball Carddass Hondan Part 1 No.1 Son Goku (Prism),Dragon Ball Carddass Hondan Part 1 No.1 Son Goku (Prism),2026-01-10,google_trends,15.4
Dragon Ball Carddass Hondan Part 1 No.1 Son Goku (Prism),Dragon Ball Carddass Hondan Part 1 No.1 Son Goku (Prism),2026-01-11,google_trends,16.8
Dragon Ball Carddass Hondan Part 1 No.1 Son Goku (Prism),Dragon Ball Carddass Hondan Part 1 No.1 Son Goku (Prism),2026-01-12,google_trends,17.8
Dragon Ball Carddass Hondan Part 1 No.1 Son Goku (Prism),Dragon Ball Carddass Hondan Part 1 No.1 Son Goku (Prism),2026-01-13,google_trends,17.4
Dragon Ball Carddass Hondan Part 1 No.1 Son Goku (Prism),Dragon Ball Carddass Hondan Part 1 No.1 Son Goku (Prism),2026-01-14,google_trends,14.4
Dragon Ball Carddass Hondan Part 1 No.1 Son Goku (Prism),Dragon Ball Carddass Hondan Part 1 No.1 Son Goku (Prism),2026-01-15,google_trends,16.2
Dragon Ball Carddass Hondan Part 1 No.1 Son Goku (Prism),Dragon Ball Carddass Hondan Part 1 No.1 Son Goku (Prism),2026-01-16,google_trends,14.8
Dragon Ball Carddass Hondan Part 1 No.1 Son Goku (Prism),Dragon Ball Carddass Hondan Part 1 No.1 Son Goku (Prism),2026-01-17,google_trends,17.7
Dragon Ball Carddass Hondan Part 1 No.1 Son Goku (Prism),Dragon Ball Carddass Hondan Part 1 No.1 Son Goku (Prism),2026-01-18,google_trends,17.1
Dragon Ball Carddass Hondan Part 1 No.1 Son Goku (Prism),Dragon Ball Carddass Hondan Part 1 No.1 Son Goku (Prism),2026-01-19,google_trends,16.7
Dragon Ball Carddass Hondan Part 1 No.1 Son Goku (Prism),Dragon Ball Carddass Hondan Part 1 No.1 Son Goku (Prism),2026-01-20,google_trends,17
Dragon Ball Carddass Hondan Part 1 No.1 Son Goku (Prism),Dragon Ball Carddass Hondan Part 1 No.1 Son Goku (Prism),2026-01-21,google_trends,14.5
Dragon Ball Carddass Hondan Part 1 No.1 Son Goku (Prism),Dragon Ball Carddass Hondan Part 1 No.1 Son Goku (Prism),2026-01-22,google_trends,15.7
Dragon Ball Carddass Hondan Part 1 No.1 Son Goku (Prism),Dragon Ball Carddass Hondan Part 1 No.1 Son Goku (Prism),2026-01-23,google_trends,16.9
Dragon Ball Carddass Hondan Part 1 No.1 Son Goku (Prism),Dragon Ball Carddass Hondan Part 1 No.1 Son Goku (Prism),2026-01-24,google_trends,16.9
Dragon Ball Carddass Hondan Part 1 No.1 Son Goku (Prism),Dragon Ball Carddass Hondan Part 1 No.1 Son Goku (Prism),2026-01-25,google_trends,17.3
Dragon Ball Carddass Hondan Part 1 No.1 Son Goku (Prism),Dragon Ball Carddass Hondan Part 1 No.1 Son Goku (Prism),2026-01-26,google_trends,16.9
Dragon Ball Carddass Hondan Part 1 No.1 Son Goku (Prism),Dragon Ball Carddass Hondan Part 1 No.1 Son Goku (Prism),2026-01-27,google_trends,14.7
Dragon Ball Carddass Hondan Part 1 No.1 Son Goku (Prism),Dragon Ball Carddass Hondan Part 1 No.1 Son Goku (Prism),2026-01-28,google_trends,16.9
Dragon Ball Carddass Hondan Part 1 No.1 Son Goku (Prism),Dragon Ball Carddass Hondan Part 1 No.1 Son Goku (Prism),2026-01-29,google_trends,15.5
Dragon Ball Carddass Hondan Part 1 No.1 Son Goku (Prism),Dragon Ball Carddass Hondan Part 1 No.1 Son Goku (Prism),2026-01-30,google_trends,15.3
Dragon Ball Carddass Hondan Part 1 No.1 Son Goku (Prism),Dragon Ball Carddass Hondan Part 1 No.1 Son Goku (Prism),2026-01-31,google_trends,15
Dragon Ball Carddass Hondan Part 1 No.1 Son Goku (Prism),Dragon Ball Carddass Hondan Part 1 No.1 Son Goku (Prism),2026-02-01,google_trends,15.5
Dragon Ball Carddass Hondan Part 1 No.1 Son Goku (Prism),Dragon Ball Carddass Hondan Part 1 No.1 Son Goku (Prism),2026-02-02,google_trends,14.8
Dragon Ball Carddass Hondan Part 1 No.1 Son Goku (Prism),Dragon Ball Carddass Hondan Part 1 No.1 Son Goku (Prism),2026-02-03,google_trends,14.2
Dragon Ball Carddass Hondan Part 1 No.1 Son Goku (Prism),Dragon Ball Carddass Hondan Part 1 No.1 Son Goku (Prism),2026-02-04,google_trends,14.1
Dragon Ball Carddass Hondan Part 1 No.1 Son Goku (Prism),Dragon Ball Carddass Hondan Part 1 No.1 Son Goku (Prism),2026-02-05,google_trends,16
Dragon Ball Carddass Hondan Part 1 No.1 Son Goku (Prism),Dragon Ball Carddass Hondan Part 1 No.1 Son Goku (Prism),2026-02-06,google_trends,15.5
Dragon Ball Carddass Hondan Part 1 No.1 Son Goku (Prism),Dragon Ball Carddass Hondan Part 1 No.1 Son Goku (Prism),2026-02-07,google_trends,17.1
Dragon Ball Carddass Hondan Part 1 No.1 Son Goku (Prism),Dragon Ball Carddass Hondan Part 1 No.1 Son Goku (Prism),2026-02-08,google_trends,15.7
Dragon Ball Carddass Hondan Part 1 No.1 Son Goku (Prism),Dragon Ball Carddass Hondan Part 1 No.1 Son Goku (Prism),2026-02-09,google_trends,17.9
Dragon Ball Carddass Hondan Part 1 No.1 Son Goku (Prism),Dragon Ball Carddass Hondan Part 1 No.1 Son Goku (Prism),2026-02-10,google_trends,16.6
Dragon Ball Carddass Hondan Part 1 No.1 Son Goku (Prism),Dragon Ball Carddass Hondan Part 1 No.1 Son Goku (Prism),2026-02-11,google_trends,15.4
Dragon Ball Carddass Hondan Part 1 No.1 Son Goku (Prism),Dragon Ball Carddass Hondan Part 1 No.1 Son Goku (Prism),2026-02-12,google_trends,14.5
Dragon Ball Carddass Hondan Part 1 No.1 Son Goku (Prism),Dragon Ball Carddass Hondan Part 1 No.1 Son Goku (Prism),2026-02-13,google_trends,15.9
Dragon Ball Carddass Hondan Part 1 No.1 Son Goku (Prism),Dragon Ball Carddass Hondan Part 1 No.1 Son Goku (Prism),2026-02-14,google_trends,16.1
Dragon Ball Carddass Hondan Part 1 No.1 Son Goku (Prism),Dragon Ball Carddass Hondan Part 1 No.1 Son Goku (Prism),2026-02-15,google_trends,15.3
Dragon Ball Carddass Hondan Part 1 No.1 Son Goku (Prism),Dragon Ball Carddass Hondan Part 1 No.1 Son Goku (Prism),2026-02-16,google_trends,15.8
Dragon Ball Carddass Hondan Part 1 No.1 Son Goku (Prism),Dragon Ball Carddass Hondan Part 1 No.1 Son Goku (Prism),2026-02-17,google_trends,17.1
Dragon Ball Carddass Hondan Part 1 No.1 Son Goku (Prism),Dragon Ball Carddass Hondan Part 1 No.1 Son Goku (Prism),2026-02-18,google_trends,17.7
Dragon Ball Carddass Hondan Part 1 No.1 Son Goku (Prism),Dragon Ball Carddass Hondan Part 1 No.1 Son Goku (Prism),2026-02-19,google_trends,14.3
Dragon Ball Carddass Hondan Part 1 No.1 Son Goku (Prism),Dragon Ball Carddass Hondan Part 1 No.1 Son Goku (Prism),2026-02-20,google_trends,15.2
Dragon Ball Carddass Hondan Part 1 No.1 Son Goku (Prism),Dragon Ball Carddass Hondan Part 1 No.1 Son Goku (Prism),2026-02-21,google_trends,15.8
Dragon Ball Carddass Hondan Part 1 No.1 Son Goku (Prism),Dragon Ball Carddass Hondan Part 1 No.1 Son Goku (Prism),2026-02-22,google_trends,15.9
Dragon Ball Carddass Hondan Part 1 No.1 Son Goku (Prism),Dragon Ball Carddass Hondan Part 1 No.1 Son Goku (Prism),2026-02-23,google_trends,16.5
Dragon Ball Carddass Hondan Part 1 No.1 Son Goku (Prism),Dragon Ball Carddass Hondan Part 1 No.1 Son Goku (Prism),2026-02-24,google_trends,14.6
Dragon Ball Carddass Hondan Part 1 No.1 Son Goku (Prism),Dragon Ball Carddass Hondan Part 1 No.1 Son Goku (Prism),2026-02-25,google_trends,16.1
Dragon Ball Carddass Hondan Part 1 No.1 Son Goku (Prism),Dragon Ball Carddass Hondan Part 1 No.1 Son Goku (Prism),2026-02-26,google_trends,16.6
Dragon Ball Carddass Hondan Part 1 No.1 Son Goku (Prism),Dragon Ball Carddass Hondan Part 1 No.1 Son Goku (Prism),2026-02-27,google_trends,15.1
Dragon Ball Carddass Hondan Part 1 No.1 Son Goku (Prism),Dragon Ball Carddass Hondan Part 1 No.1 Son Goku (Prism),2026-02-28,google_trends,15.6
Dragon Ball Carddass Hondan Part 1 No.1 Son Goku (Prism),Dragon Ball Carddass Hondan Part 1 No.1 Son Goku (Prism),2026-03-01,google_trends,17.1
Dragon Ball Carddass Hondan Part 1 No.1 Son Goku (Prism),Dragon Ball Carddass Hondan Part 1 No.1 Son Goku (Prism),2026-03-02,google_trends,17.5
Dragon Ball Carddass Hondan Part 1 No.1 Son Goku (Prism),Dragon Ball Carddass Hondan Part 1 No.1 Son Goku (Prism),2026-03-03,google_trends,14.2
Dragon Ball Carddass Hondan Part 1 No.1 Son Goku (Prism),Dragon Ball Carddass Hondan Part 1 No.1 Son Goku (Prism),2026-03-04,google_trends,16.8
Dragon Ball Carddass Hondan Part 1 No.1 Son Goku (Prism),Dragon Ball Carddass Hondan Part 1 No.1 Son Goku (Prism),2026-03-05,google_trends,16
Dragon Ball Carddass Hondan Part 1 No.1 Son Goku (Prism),Dragon Ball Carddass Hondan Part 1 No.1 Son Goku (Prism),2026-03-06,google_trends,14.2
Dragon Ball Carddass Hondan Part 1 No.1 Son Goku (Prism),Dragon Ball Carddass Hondan Part 1 No.1 Son Goku (Prism),2026-03-07,google_trends,15.6
Dragon Ball Carddass Hondan Part 1 No.1 Son Goku (Prism),Dragon Ball Carddass Hondan Part 1 No.1 Son Goku (Prism),2026-03-08,google_trends,17.5
Dragon Ball Carddass Hondan Part 1 No.1 Son Goku (Prism),Dragon Ball Carddass Hondan Part 1 No.1 Son Goku (Prism),2026-03-09,google_trends,16.2
Dragon Ball Carddass Hondan Part 1 No.1 Son Goku (Prism),Dragon Ball Carddass Hondan Part 1 No.1 Son Goku (Prism),2026-03-10,google_trends,15.7
Dragon Ball Carddass Hondan Part 1 No.1 Son Goku (Prism),Dragon Ball Carddass Hondan Part 1 No.1 Son Goku (Prism),2026-03-11,google_trends,15.1
Dragon Ball Carddass Hondan Part 1 No.1 Son Goku (Prism),Dragon Ball Carddass Hondan Part 1 No.1 Son Goku (Prism),2026-03-12,google_trends,14.9
Dragon Ball Carddass Hondan Part 1 No.1 Son Goku (Prism),Dragon Ball Carddass Hondan Part 1 No.1 Son Goku (Prism),2026-03-13,google_trends,14.2
Dragon Ball Carddass Hondan Part 1 No.1 Son Goku (Prism),Dragon Ball Carddass Hondan Part 1 No.1 Son Goku (Prism),2026-03-14,google_trends,16.4
Dragon Ball Carddass Hondan Part 1 No.1 Son Goku (Prism),Dragon Ball Carddass Hondan Part 1 No.1 Son Goku (Prism),2026-03-15,google_trends,15.1
Dragon Ball Carddass Hondan Part 1 No.1 Son Goku (Prism),Dragon Ball Carddass Hondan Part 1 No.1 Son Goku (Prism),2026-03-16,google_trends,16.6
Dragon Ball Carddass Hondan Part 1 No.1 Son Goku (Prism),Dragon Ball Carddass Hondan Part 1 No.1 Son Goku (Prism),2026-03-17,google_trends,17.2
Dragon Ball Carddass Hondan Part 1 No.1 Son Goku (Prism),Dragon Ball Carddass Hondan Part 1 No.1 Son Goku (Prism),2026-03-18,google_trends,16
Dragon Ball Carddass Hondan Part 1 No.1 Son Goku (Prism),Dragon Ball Carddass Hondan Part 1 No.1 Son Goku (Prism),2026-03-19,google_trends,14.8
Dragon Ball Carddass Hondan Part 1 No.1 Son Goku (Prism),Dragon Ball Carddass Hondan Part 1 No.1 Son Goku (Prism),2026-03-20,google_trends,14.2
Dragon Ball Carddass Hondan Part 1 No.1 Son Goku (Prism),Dragon Ball Carddass Hondan Part 1 No.1 Son Goku (Prism),2026-03-21,google_trends,14.6
Dragon Ball Carddass Hondan Part 1 No.1 Son Goku (Prism),Dragon Ball Carddass Hondan Part 1 No.1 Son Goku (Prism),2026-03-22,google_trends,14.2
Dragon Ball Carddass Hondan Part 1 No.1 Son Goku (Prism),Dragon Ball Carddass Hondan Part 1 No.1 Son Goku (Prism),2026-03-23,google_trends,18
Dragon Ball Carddass Hondan Part 1 No.1 Son Goku (Prism),Dragon Ball Carddass Hondan Part 1 No.1 Son Goku (Prism),2026-03-24,google_trends,15.3
Dragon Ball Carddass Hondan Part 1 No.1 Son Goku (Prism),Dragon Ball Carddass Hondan Part 1 No.1 Son Goku (Prism),2026-03-25,google_trends,17.8
Dragon Ball Carddass Hondan Part 1 No.1 Son Goku (Prism),Dragon Ball Carddass Hondan Part 1 No.1 Son Goku (Prism),2026-03-26,google_trends,14.8
Dragon Ball Carddass Hondan Part 1 No.1 Son Goku (Prism),Dragon Ball Carddass Hondan Part 1 No.1 Son Goku (Prism),2026-03-27,google_trends,16.2
Dragon Ball Carddass Hondan Part 1 No.1 Son Goku (Prism),Dragon Ball Carddass Hondan Part 1 No.1 Son Goku (Prism),2026-03-28,google_trends,14.6
Dragon Ball Carddass Hondan Part 1 No.1 Son Goku (Prism),Dragon Ball Carddass Hondan Part 1 No.1 Son Goku (Prism),2026-03-29,google_trends,15.4
Dragon Ball Carddass Hondan Part 1 No.1 Son Goku (Prism),Dragon Ball Carddass Hondan Part 1 No.1 Son Goku (Prism),2026-03-30,google_trends,17
Dragon Ball Carddass Hondan Part 1 No.1 Son Goku (Prism),Dragon Ball Carddass Hondan Part 1 No.1 Son Goku (Prism),2026-03-31,google_trends,15.6
Dragon Ball Carddass Hondan Part 1 No.1 Son Goku (Prism),Dragon Ball Carddass Hondan Part 1 No.1 Son Goku (Prism),2026-04-01,google_trends,14.1
Dragon Ball Carddass Hondan Part 1 No.1 Son Goku (Prism),Dragon Ball Carddass Hondan Part 1 No.1 Son Goku (Prism),2026-04-02,google_trends,17.8
Dragon Ball Carddass Hondan Part 1 No.1 Son Goku (Prism),Dragon Ball Carddass Hondan Part 1 No.1 Son Goku (Prism),2026-04-03,google_trends,14.9
Dragon Ball Carddass Hondan Part 1 No.1 Son Goku (Prism),Dragon Ball Carddass Hondan Part 1 No.1 Son Goku (Prism),2026-04-04,google_trends,14.5
Dragon Ball Carddass Hondan Part 1 No.1 Son Goku (Prism),Dragon Ball Carddass Hondan Part 1 No.1 Son Goku (Prism),2026-04-05,google_trends,14.1
Dragon Ball Carddass Hondan Part 1 No.1 Son Goku (Prism),Dragon Ball Carddass Hondan Part 1 No.1 Son Goku (Prism),2026-04-06,google_trends,14.3
Dragon Ball Carddass Hondan Part 1 No.1 Son Goku (Prism),Dragon Ball Carddass Hondan Part 1 No.1 Son Goku (Prism),2026-04-07,google_trends,16
Dragon Ball Carddass Hondan Part 1 No.1 Son Goku (Prism),Dragon Ball Carddass Hondan Part 1 No.1 Son Goku (Prism),2026-04-08,google_trends,15.1
Dragon Ball Carddass Hondan Part 1 No.1 Son Goku (Prism),Dragon Ball Carddass Hondan Part 1 No.1 Son Goku (Prism),2026-04-09,google_trends,14.6
Dragon Ball Carddass Hondan Part 1 No.1 Son Goku (Prism),Dragon Ball Carddass Hondan Part 1 No.1 Son Goku (Prism),2026-04-10,google_trends,15.6
Dragon Ball Carddass Hondan Part 1 No.1 Son Goku (Prism),Dragon Ball Carddass Hondan Part 1 No.1 Son Goku (Prism),2026-04-11,google_trends,14.2
Dragon Ball Carddass Hondan Part 1 No.1 Son Goku (Prism),Dragon Ball Carddass Hondan Part 1 No.1 Son Goku (Prism),2026-04-12,google_trends,14.2
Dragon Ball Carddass Hondan Part 1 No.1 Son Goku (Prism),Dragon Ball Carddass Hondan Part 1 No.1 Son Goku (Prism),2026-04-13,google_trends,14.9
Dragon Ball Carddass Hondan Part 1 No.1 Son Goku (Prism),Dragon Ball Carddass Hondan Part 1 No.1 Son Goku (Prism),2026-04-14,google_trends,15.9
Dragon Ball Carddass Hondan Part 1 No.1 Son Goku (Prism),Dragon Ball Carddass Hondan Part 1 No.1 Son Goku (Prism),2026-04-15,google_trends,17.8
Dragon Ball Carddass Hondan Part 1 No.1 Son Goku (Prism),Dragon Ball Carddass Hondan Part 1 No.1 Son Goku (Prism),2026-04-16,google_trends,16
Dragon Ball Carddass Hondan Part 1 No.1 Son Goku (Prism),Dragon Ball Carddass Hondan Part 1 No.1 Son Goku (Prism),2026-04-17,google_trends,16.2
Dragon Ball Carddass Hondan Part 1 No.1 Son Goku (Prism),Dragon Ball Carddass Hondan Part 1 No.1 Son Goku (Prism),2026-04-18,google_trends,17.4
Dragon Ball Carddass Hondan Part 1 No.1 Son Goku (Prism),Dragon Ball Carddass Hondan Part 1 No.1 Son Goku (Prism),2026-04-19,google_trends,16.9
Dragon Ball Carddass Hondan Part 1 No.1 Son Goku (Prism),Dragon Ball Carddass Hondan Part 1 No.1 Son Goku (Prism),2026-04-20,google_trends,14.7
Dragon Ball Carddass Hondan Part 1 No.1 Son Goku (Prism),Dragon Ball Carddass Hondan Part 1 No.1 Son Goku (Prism),2026-04-21,google_trends,16.2
Dragon Ball Carddass Hondan Part 1 No.1 Son Goku (Prism),Dragon Ball Carddass Hondan Part 1 No.1 Son Goku (Prism),2026-04-22,google_trends,15.2
Dragon Ball Carddass Hondan Part 1 No.1 Son Goku (Prism),Dragon Ball Carddass Hondan Part 1 No.1 Son Goku (Prism),2026-04-23,google_trends,14.2
Dragon Ball Carddass Hondan Part 1 No.1 Son Goku (Prism),Dragon Ball Carddass Hondan Part 1 No.1 Son Goku (Prism),2026-04-24,google_trends,17.4
Dragon Ball Carddass Hondan Part 1 No.1 Son Goku (Prism),Dragon Ball Carddass Hondan Part 1 No.1 Son Goku (Prism),2026-04-25,google_trends,14.2
Dragon Ball Carddass Hondan Part 1 No.1 Son Goku (Prism),Dragon Ball Carddass Hondan Part 1 No.1 Son Goku (Prism),2026-04-26,google_trends,17.4
Dragon Ball Carddass Hondan Part 1 No.1 Son Goku (Prism),Dragon Ball Carddass Hondan Part 1 No.1 Son Goku (Prism),2026-04-27,google_trends,15.7
Dragon Ball Carddass Hondan Part 1 No.1 Son Goku (Prism),Dragon Ball Carddass Hondan Part 1 No.1 Son Goku (Prism),2026-04-28,google_trends,17.2
Dragon Ball Carddass Hondan Part 1 No.1 Son Goku (Prism),Dragon Ball Carddass Hondan Part 1 No.1 Son Goku (Prism),2026-04-29,google_trends,14.4
Dragon Ball Carddass Hondan Part 1 No.1 Son Goku (Prism),Dragon Ball Carddass Hondan Part 1 No.1 Son Goku (Prism),2026-04-30,google_trends,15.6
Dragon Ball Carddass Hondan Part 1 No.1 Son Goku (Prism),Dragon Ball Carddass Hondan Part 1 No.1 Son Goku (Prism),2026-05-01,google_trends,15.6
Dragon Ball Carddass Hondan Part 1 No.1 Son Goku (Prism),Dragon Ball Carddass Hondan Part 1 No.1 Son Goku (Prism),2026-05-02,google_trends,16.8
Dragon Ball Carddass Hondan Part 1 No.1 Son Goku (Prism),Dragon Ball Carddass Hondan Part 1 No.1 Son Goku (Prism),2026-05-03,google_trends,14.5
Dragon Ball Carddass Hondan Part 1 No.1 Son Goku (Prism),Dragon Ball Carddass Hondan Part 1 No.1 Son Goku (Prism),2026-05-04,google_trends,15
Dragon Ball Carddass Hondan Part 1 No.1 Son Goku (Prism),Dragon Ball Carddass Hondan Part 1 No.1 Son Goku (Prism),2026-05-05,google_trends,17.8
Dragon Ball Carddass Hondan Part 1 No.1 Son Goku (Prism),Dragon Ball Carddass Hondan Part 1 No.1 Son Goku (Prism),2026-05-06,google_trends,17.9
Dragon Ball Carddass Hondan Part 1 No.1 Son Goku (Prism),Dragon Ball Carddass Hondan Part 1 No.1 Son Goku (Prism),2026-05-07,google_trends,16.4
Dragon Ball Carddass Hondan Part 1 No.1 Son Goku (Prism),Dragon Ball Carddass Hondan Part 1 No.1 Son Goku (Prism),2026-05-08,google_trends,18
Dragon Ball Carddass Hondan Part 1 No.1 Son Goku (Prism),Dragon Ball Carddass Hondan Part 1 No.1 Son Goku (Prism),2026-05-09,google_trends,16.2
Dragon Ball Carddass Hondan Part 1 No.1 Son Goku (Prism),Dragon Ball Carddass Hondan Part 1 No.1 Son Goku (Prism),2026-05-10,google_trends,14.3
Dragon Ball Carddass Hondan Part 1 No.1 Son Goku (Prism),Dragon Ball Carddass Hondan Part 1 No.1 Son Goku (Prism),2026-05-11,google_trends,14.2
Dragon Ball Carddass Hondan Part 1 No.1 Son Goku (Prism),Dragon Ball Carddass Hondan Part 1 No.1 Son Goku (Prism),2026-05-12,google_trends,14.2
Dragon Ball Carddass Hondan Part 1 No.1 Son Goku (Prism),Dragon Ball Carddass Hondan Part 1 No.1 Son Goku (Prism),2026-05-13,google_trends,14.5
Dragon Ball Carddass Hondan Part 1 No.1 Son Goku (Prism),Dragon Ball Carddass Hondan Part 1 No.1 Son Goku (Prism),2026-05-14,google_trends,16.1
Dragon Ball Carddass Hondan Part 1 No.1 Son Goku (Prism),Dragon Ball Carddass Hondan Part 1 No.1 Son Goku (Prism),2026-05-15,google_trends,15.7
Dragon Ball Carddass Hondan Part 1 No.1 Son Goku (Prism),Dragon Ball Carddass Hondan Part 1 No.1 Son Goku (Prism),2026-05-16,google_trends,14.2
Dragon Ball Carddass Hondan Part 1 No.1 Son Goku (Prism),Dragon Ball Carddass Hondan Part 1 No.1 Son Goku (Prism),2026-05-17,google_trends,16.8
Dragon Ball Carddass Hondan Part 1 No.1 Son Goku (Prism),Dragon Ball Carddass Hondan Part 1 No.1 Son Goku (Prism),2026-05-18,google_trends,16.1
Dragon Ball Carddass Hondan Part 1 No.1 Son Goku (Prism),Dragon Ball Carddass Hondan Part 1 No.1 Son Goku (Prism),2026-05-19,google_trends,15.3
Dragon Ball Carddass Hondan Part 1 No.1 Son Goku (Prism),Dragon Ball Carddass Hondan Part 1 No.1 Son Goku (Prism),2026-05-20,google_trends,17.9
Dragon Ball Carddass Hondan Part 1 No.1 Son Goku (Prism),Dragon Ball Carddass Hondan Part 1 No.1 Son Goku (Prism),2026-05-21,google_trends,14.1
Dragon Ball Carddass Hondan Part 1 No.1 Son Goku (Prism),Dragon Ball Carddass Hondan Part 1 No.1 Son Goku (Prism),2026-05-22,google_trends,16.2
Dragon Ball Carddass Hondan Part 1 No.1 Son Goku (Prism),Dragon Ball Carddass Hondan Part 1 No.1 Son Goku (Prism),2026-05-23,google_trends,15.5
Dragon Ball Carddass Hondan Part 1 No.1 Son Goku (Prism),Dragon Ball Carddass Hondan Part 1 No.1 Son Goku (Prism),2026-05-24,google_trends,17.2
Dragon Ball Carddass Hondan Part 1 No.1 Son Goku (Prism),Dragon Ball Carddass Hondan Part 1 No.1 Son Goku (Prism),2026-05-25,google_trends,15
Dragon Ball Carddass Hondan Part 1 No.1 Son Goku (Prism),Dragon Ball Carddass Hondan Part 1 No.1 Son Goku (Prism),2026-05-26,google_trends,15.9
Dragon Ball Carddass Hondan Part 1 No.1 Son Goku (Prism),Dragon Ball Carddass Hondan Part 1 No.1 Son Goku (Prism),2026-05-27,google_trends,14.3
Dragon Ball Carddass Hondan Part 1 No.1 Son Goku (Prism),Dragon Ball Carddass Hondan Part 1 No.1 Son Goku (Prism),2026-05-28,google_trends,16.4
Dragon Ball Carddass Hondan Part 1 No.1 Son Goku (Prism),Dragon Ball Carddass Hondan Part 1 No.1 Son Goku (Prism),2026-05-29,google_trends,16.8
Dragon Ball Carddass Hondan Part 1 No.1 Son Goku (Prism),Dragon Ball Carddass Hondan Part 1 No.1 Son Goku (Prism),2026-05-30,google_trends,14
Dragon Ball Carddass Hondan Part 1 No.1 Son Goku (Prism),Dragon Ball Carddass Hondan Part 1 No.1 Son Goku (Prism),2026-05-31,google_trends,15.4
Dragon Ball Carddass Hondan Part 1 No.1 Son Goku (Prism),Dragon Ball Carddass Hondan Part 1 No.1 Son Goku (Prism),2026-06-01,google_trends,16.2
Dragon Ball Carddass Hondan Part 1 No.1 Son Goku (Prism),Dragon Ball Carddass Hondan Part 1 No.1 Son Goku (Prism),2026-06-02,google_trends,16.9
Dragon Ball Carddass Hondan Part 1 No.1 Son Goku (Prism),Dragon Ball Carddass Hondan Part 1 No.1 Son Goku (Prism),2026-06-03,google_trends,14.7
Dragon Ball Carddass Hondan Part 1 No.1 Son Goku (Prism),Dragon Ball Carddass Hondan Part 1 No.1 Son Goku (Prism),2026-06-04,google_trends,14.8
Dragon Ball Carddass Hondan Part 1 No.1 Son Goku (Prism),Dragon Ball Carddass Hondan Part 1 No.1 Son Goku (Prism),2026-06-05,google_trends,16.1
Dragon Ball Carddass Hondan Part 1 No.1 Son Goku (Prism),Dragon Ball Carddass Hondan Part 1 No.1 Son Goku (Prism),2026-06-06,google_trends,14.4
Dragon Ball Carddass Hondan Part 1 No.1 Son Goku (Prism),Dragon Ball Carddass Hondan Part 1 No.1 Son Goku (Prism),2026-06-07,google_trends,17.8
Dragon Ball Carddass Hondan Part 1 No.1 Son Goku (Prism),Dragon Ball Carddass Hondan Part 1 No.1 Son Goku (Prism),2026-06-08,google_trends,17
Dragon Ball Carddass Hondan Part 1 No.1 Son Goku (Prism),Dragon Ball Carddass Hondan Part 1 No.1 Son Goku (Prism),2026-06-09,google_trends,16.1
Dragon Ball Carddass Hondan Part 1 No.1 Son Goku (Prism),Dragon Ball Carddass Hondan Part 1 No.1 Son Goku (Prism),2026-06-10,google_trends,17.2
Dragon Ball Carddass Hondan Part 1 No.1 Son Goku (Prism),Dragon Ball Carddass Hondan Part 1 No.1 Son Goku (Prism),2026-06-11,google_trends,14.4
Dragon Ball Carddass Hondan Part 1 No.1 Son Goku (Prism),Dragon Ball Carddass Hondan Part 1 No.1 Son Goku (Prism),2026-06-12,google_trends,16.6
Dragon Ball Carddass Hondan Part 1 No.1 Son Goku (Prism),Dragon Ball Carddass Hondan Part 1 No.1 Son Goku (Prism),2026-06-13,google_trends,14.7
Dragon Ball Carddass Hondan Part 1 No.1 Son Goku (Prism),Dragon Ball Carddass Hondan Part 1 No.1 Son Goku (Prism),2026-06-14,google_trends,17.4
Dragon Ball Carddass Hondan Part 1 No.1 Son Goku (Prism),Dragon Ball Carddass Hondan Part 1 No.1 Son Goku (Prism),2026-06-15,google_trends,14
Dragon Ball Carddass Hondan Part 1 No.1 Son Goku (Prism),Dragon Ball Carddass Hondan Part 1 No.1 Son Goku (Prism),2026-06-16,google_trends,14.1
Dragon Ball Carddass Hondan Part 1 No.1 Son Goku (Prism),Dragon Ball Carddass Hondan Part 1 No.1 Son Goku (Prism),2026-06-17,google_trends,15.9
Dragon Ball Carddass Hondan Part 1 No.1 Son Goku (Prism),Dragon Ball Carddass Hondan Part 1 No.1 Son Goku (Prism),2026-06-18,google_trends,14.8
Dragon Ball Carddass Hondan Part 1 No.1 Son Goku (Prism),Dragon Ball Carddass Hondan Part 1 No.1 Son Goku (Prism),2026-06-19,google_trends,14
Dragon Ball Carddass Hondan Part 1 No.1 Son Goku (Prism),Dragon Ball Carddass Hondan Part 1 No.1 Son Goku (Prism),2026-06-20,google_trends,15.6
Dragon Ball Carddass Hondan Part 1 No.1 Son Goku (Prism),Dragon Ball Carddass Hondan Part 1 No.1 Son Goku (Prism),2026-06-21,google_trends,16.4
Dragon Ball Carddass Hondan Part 1 No.1 Son Goku (Prism),Dragon Ball Carddass Hondan Part 1 No.1 Son Goku (Prism),2026-06-22,google_trends,16.9
Dragon Ball Carddass Hondan Part 1 No.1 Son Goku (Prism),Dragon Ball Carddass Hondan Part 1 No.1 Son Goku (Prism),2026-06-23,google_trends,17
Dragon Ball Carddass Hondan Part 1 No.1 Son Goku (Prism),Dragon Ball Carddass Hondan Part 1 No.1 Son Goku (Prism),2026-06-24,google_trends,16.6
Dragon Ball Carddass Hondan Part 1 No.1 Son Goku (Prism),Dragon Ball Carddass Hondan Part 1 No.1 Son Goku (Prism),2026-06-25,google_trends,16.4
Dragon Ball Carddass Hondan Part 1 No.1 Son Goku (Prism),Dragon Ball Carddass Hondan Part 1 No.1 Son Goku (Prism),2026-06-26,google_trends,17.5
Dragon Ball Carddass Hondan Part 1 No.1 Son Goku (Prism),Dragon Ball Carddass Hondan Part 1 No.1 Son Goku (Prism),2026-06-27,google_trends,16.7
Dragon Ball Carddass Hondan Part 1 No.1 Son Goku (Prism),Dragon Ball Carddass Hondan Part 1 No.1 Son Goku (Prism),2026-06-28,google_trends,15.7
Dragon Ball Carddass Hondan Part 1 No.1 Son Goku (Prism),Dragon Ball Carddass Hondan Part 1 No.1 Son Goku (Prism),2026-06-29,google_trends,17.6
Dragon Ball Carddass Hondan Part 1 No.1 Son Goku (Prism),Dragon Ball Carddass Hondan Part 1 No.1 Son Goku (Prism),2026-06-30,google_trends,16.4
Dragon Ball Carddass Hondan Part 1 No.1 Son Goku (Prism),Dragon Ball Carddass Hondan Part 1 No.1 Son Goku (Prism),2026-07-01,google_trends,17
Dragon Ball Carddass Hondan Part 1 No.1 Son Goku (Prism),Dragon Ball Carddass Hondan Part 1 No.1 Son Goku (Prism),2026-07-02,google_trends,17.9
Dragon Ball Carddass Hondan Part 1 No.1 Son Goku (Prism),Dragon Ball Carddass Hondan Part 1 No.1 Son Goku (Prism),2026-07-03,google_trends,14.1
Dragon Ball Carddass Hondan Part 1 No.1 Son Goku (Prism),Dragon Ball Carddass Hondan Part 1 No.1 Son Goku (Prism),2026-07-04,google_trends,15.9
Dragon Ball Carddass Hondan Part 1 No.1 Son Goku (Prism),Dragon Ball Carddass Hondan Part 1 No.1 Son Goku (Prism),2026-07-05,google_trends,17.6
Dragon Ball Carddass Hondan Part 1 No.1 Son Goku (Prism),Dragon Ball Carddass Hondan Part 1 No.1 Son Goku (Prism),2026-07-06,google_trends,17.4
Dragon Ball Carddass Hondan Part 1 No.1 Son Goku (Prism),Dragon Ball Carddass Hondan Part 1 No.1 Son Goku (Prism),2026-07-07,google_trends,16.2
Dragon Ball Carddass Hondan Part 1 No.1 Son Goku (Prism),Dragon Ball Carddass Hondan Part 1 No.1 Son Goku (Prism),2026-07-08,google_trends,16.2
Dragon Ball Carddass Hondan Part 1 No.1 Son Goku (Prism),Dragon Ball Carddass Hondan Part 1 No.1 Son Goku (Prism),2026-07-09,google_trends,16.6
Dragon Ball Carddass Hondan Part 1 No.1 Son Goku (Prism),Dragon Ball Carddass Hondan Part 1 No.1 Son Goku (Prism),2026-07-10,google_trends,17.1
Dragon Ball Carddass Hondan Part 1 No.1 Son Goku (Prism),Dragon Ball Carddass Hondan Part 1 No.1 Son Goku (Prism),2026-07-11,google_trends,17
Dragon Ball Carddass Hondan Part 1 No.1 Son Goku (Prism),Dragon Ball Carddass Hondan Part 1 No.1 Son Goku (Prism),2026-07-12,google_trends,15.9
Dragon Ball Carddass Hondan Part 1 No.1 Son Goku (Prism),Dragon Ball Carddass Hondan Part 1 No.1 Son Goku (Prism),2026-07-13,google_trends,16.7
Dragon Ball Carddass Hondan Part 1 No.1 Son Goku (Prism),Dragon Ball Carddass Hondan Part 1 No.1 Son Goku (Prism),2026-07-14,google_trends,14
Dragon Ball Carddass Hondan Part 1 No.1 Son Goku (Prism),Dragon Ball Carddass Hondan Part 1 No.1 Son Goku (Prism),2026-07-15,google_trends,15.7
Dragon Ball Carddass Hondan Part 1 No.1 Son Goku (Prism),Dragon Ball Carddass Hondan Part 1 No.1 Son Goku (Prism),2026-07-16,google_trends,16.3
Dragon Ball Carddass Hondan Part 1 No.1 Son Goku (Prism),Dragon Ball Carddass Hondan Part 1 No.1 Son Goku (Prism),2026-07-17,google_trends,17.6
Dragon Ball Carddass Hondan Part 1 No.1 Son Goku (Prism),Dragon Ball Carddass Hondan Part 1 No.1 Son Goku (Prism),2026-07-18,google_trends,16.2
Dragon Ball Carddass Hondan Part 1 No.1 Son Goku (Prism),Dragon Ball Carddass Hondan Part 1 No.1 Son Goku (Prism),2026-07-19,google_trends,17.7
Dragon Ball Carddass Hondan Part 1 No.1 Son Goku (Prism),Dragon Ball Carddass Hondan Part 1 No.1 Son Goku (Prism),2026-07-20,google_trends,15.5
Dragon Ball Carddass Hondan Part 1 No.1 Son Goku (Prism),Dragon Ball Carddass Hondan Part 1 No.1 Son Goku (Prism),2026-07-21,google_trends,17.3
Dragon Ball Carddass Hondan Part 1 No.1 Son Goku (Prism),Dragon Ball Carddass Hondan Part 1 No.1 Son Goku (Prism),2026-07-22,google_trends,17.6
Dragon Ball Carddass Hondan Part 1 No.1 Son Goku (Prism),Dragon Ball Carddass Hondan Part 1 No.1 Son Goku (Prism),2026-07-23,google_trends,14.8
Dragon Ball Carddass Hondan Part 1 No.1 Son Goku (Prism),Dragon Ball Carddass Hondan Part 1 No.1 Son Goku (Prism),2026-07-24,google_trends,17.8
Dragon Ball Carddass Hondan Part 1 No.1 Son Goku (Prism),Dragon Ball Carddass Hondan Part 1 No.1 Son Goku (Prism),2026-07-25,google_trends,14.8
Dragon Ball Carddass Hondan Part 1 No.18 Son Gohan,Dragon Ball Carddass Hondan Part 1 No.18 Son Gohan,2025-10-29,google_trends,17.7
Dragon Ball Carddass Hondan Part 1 No.18 Son Gohan,Dragon Ball Carddass Hondan Part 1 No.18 Son Gohan,2025-10-30,google_trends,18.9
Dragon Ball Carddass Hondan Part 1 No.18 Son Gohan,Dragon Ball Carddass Hondan Part 1 No.18 Son Gohan,2025-10-31,google_trends,18.5
Dragon Ball Carddass Hondan Part 1 No.18 Son Gohan,Dragon Ball Carddass Hondan Part 1 No.18 Son Gohan,2025-11-01,google_trends,16.2
Dragon Ball Carddass Hondan Part 1 No.18 Son Gohan,Dragon Ball Carddass Hondan Part 1 No.18 Son Gohan,2025-11-02,google_trends,18.9
Dragon Ball Carddass Hondan Part 1 No.18 Son Gohan,Dragon Ball Carddass Hondan Part 1 No.18 Son Gohan,2025-11-03,google_trends,18.1
Dragon Ball Carddass Hondan Part 1 No.18 Son Gohan,Dragon Ball Carddass Hondan Part 1 No.18 Son Gohan,2025-11-04,google_trends,18.9
Dragon Ball Carddass Hondan Part 1 No.18 Son Gohan,Dragon Ball Carddass Hondan Part 1 No.18 Son Gohan,2025-11-05,google_trends,15.4
Dragon Ball Carddass Hondan Part 1 No.18 Son Gohan,Dragon Ball Carddass Hondan Part 1 No.18 Son Gohan,2025-11-06,google_trends,19
Dragon Ball Carddass Hondan Part 1 No.18 Son Gohan,Dragon Ball Carddass Hondan Part 1 No.18 Son Gohan,2025-11-07,google_trends,15.3
Dragon Ball Carddass Hondan Part 1 No.18 Son Gohan,Dragon Ball Carddass Hondan Part 1 No.18 Son Gohan,2025-11-08,google_trends,16.5
Dragon Ball Carddass Hondan Part 1 No.18 Son Gohan,Dragon Ball Carddass Hondan Part 1 No.18 Son Gohan,2025-11-09,google_trends,15.3
Dragon Ball Carddass Hondan Part 1 No.18 Son Gohan,Dragon Ball Carddass Hondan Part 1 No.18 Son Gohan,2025-11-10,google_trends,18.1
Dragon Ball Carddass Hondan Part 1 No.18 Son Gohan,Dragon Ball Carddass Hondan Part 1 No.18 Son Gohan,2025-11-11,google_trends,18.9
Dragon Ball Carddass Hondan Part 1 No.18 Son Gohan,Dragon Ball Carddass Hondan Part 1 No.18 Son Gohan,2025-11-12,google_trends,17.1
Dragon Ball Carddass Hondan Part 1 No.18 Son Gohan,Dragon Ball Carddass Hondan Part 1 No.18 Son Gohan,2025-11-13,google_trends,16.4
Dragon Ball Carddass Hondan Part 1 No.18 Son Gohan,Dragon Ball Carddass Hondan Part 1 No.18 Son Gohan,2025-11-14,google_trends,17.7
Dragon Ball Carddass Hondan Part 1 No.18 Son Gohan,Dragon Ball Carddass Hondan Part 1 No.18 Son Gohan,2025-11-15,google_trends,17.6
Dragon Ball Carddass Hondan Part 1 No.18 Son Gohan,Dragon Ball Carddass Hondan Part 1 No.18 Son Gohan,2025-11-16,google_trends,15.1
Dragon Ball Carddass Hondan Part 1 No.18 Son Gohan,Dragon Ball Carddass Hondan Part 1 No.18 Son Gohan,2025-11-17,google_trends,17.3
Dragon Ball Carddass Hondan Part 1 No.18 Son Gohan,Dragon Ball Carddass Hondan Part 1 No.18 Son Gohan,2025-11-18,google_trends,18.5
Dragon Ball Carddass Hondan Part 1 No.18 Son Gohan,Dragon Ball Carddass Hondan Part 1 No.18 Son Gohan,2025-11-19,google_trends,16.8
Dragon Ball Carddass Hondan Part 1 No.18 Son Gohan,Dragon Ball Carddass Hondan Part 1 No.18 Son Gohan,2025-11-20,google_trends,17.1
Dragon Ball Carddass Hondan Part 1 No.18 Son Gohan,Dragon Ball Carddass Hondan Part 1 No.18 Son Gohan,2025-11-21,google_trends,16.2
Dragon Ball Carddass Hondan Part 1 No.18 Son Gohan,Dragon Ball Carddass Hondan Part 1 No.18 Son Gohan,2025-11-22,google_trends,18.7
Dragon Ball Carddass Hondan Part 1 No.18 Son Gohan,Dragon Ball Carddass Hondan Part 1 No.18 Son Gohan,2025-11-23,google_trends,15.7
Dragon Ball Carddass Hondan Part 1 No.18 Son Gohan,Dragon Ball Carddass Hondan Part 1 No.18 Son Gohan,2025-11-24,google_trends,15.9
Dragon Ball Carddass Hondan Part 1 No.18 Son Gohan,Dragon Ball Carddass Hondan Part 1 No.18 Son Gohan,2025-11-25,google_trends,15
Dragon Ball Carddass Hondan Part 1 No.18 Son Gohan,Dragon Ball Carddass Hondan Part 1 No.18 Son Gohan,2025-11-26,google_trends,15.2
Dragon Ball Carddass Hondan Part 1 No.18 Son Gohan,Dragon Ball Carddass Hondan Part 1 No.18 Son Gohan,2025-11-27,google_trends,17.9
Dragon Ball Carddass Hondan Part 1 No.18 Son Gohan,Dragon Ball Carddass Hondan Part 1 No.18 Son Gohan,2025-11-28,google_trends,16.8
Dragon Ball Carddass Hondan Part 1 No.18 Son Gohan,Dragon Ball Carddass Hondan Part 1 No.18 Son Gohan,2025-11-29,google_trends,16
Dragon Ball Carddass Hondan Part 1 No.18 Son Gohan,Dragon Ball Carddass Hondan Part 1 No.18 Son Gohan,2025-11-30,google_trends,17.8
Dragon Ball Carddass Hondan Part 1 No.18 Son Gohan,Dragon Ball Carddass Hondan Part 1 No.18 Son Gohan,2025-12-01,google_trends,19
Dragon Ball Carddass Hondan Part 1 No.18 Son Gohan,Dragon Ball Carddass Hondan Part 1 No.18 Son Gohan,2025-12-02,google_trends,17.7
Dragon Ball Carddass Hondan Part 1 No.18 Son Gohan,Dragon Ball Carddass Hondan Part 1 No.18 Son Gohan,2025-12-03,google_trends,15.8
Dragon Ball Carddass Hondan Part 1 No.18 Son Gohan,Dragon Ball Carddass Hondan Part 1 No.18 Son Gohan,2025-12-04,google_trends,17.3
Dragon Ball Carddass Hondan Part 1 No.18 Son Gohan,Dragon Ball Carddass Hondan Part 1 No.18 Son Gohan,2025-12-05,google_trends,16.4
Dragon Ball Carddass Hondan Part 1 No.18 Son Gohan,Dragon Ball Carddass Hondan Part 1 No.18 Son Gohan,2025-12-06,google_trends,18.4
Dragon Ball Carddass Hondan Part 1 No.18 Son Gohan,Dragon Ball Carddass Hondan Part 1 No.18 Son Gohan,2025-12-07,google_trends,18.5
Dragon Ball Carddass Hondan Part 1 No.18 Son Gohan,Dragon Ball Carddass Hondan Part 1 No.18 Son Gohan,2025-12-08,google_trends,17.1
Dragon Ball Carddass Hondan Part 1 No.18 Son Gohan,Dragon Ball Carddass Hondan Part 1 No.18 Son Gohan,2025-12-09,google_trends,17.8
Dragon Ball Carddass Hondan Part 1 No.18 Son Gohan,Dragon Ball Carddass Hondan Part 1 No.18 Son Gohan,2025-12-10,google_trends,17
Dragon Ball Carddass Hondan Part 1 No.18 Son Gohan,Dragon Ball Carddass Hondan Part 1 No.18 Son Gohan,2025-12-11,google_trends,18.6
Dragon Ball Carddass Hondan Part 1 No.18 Son Gohan,Dragon Ball Carddass Hondan Part 1 No.18 Son Gohan,2025-12-12,google_trends,17.6
Dragon Ball Carddass Hondan Part 1 No.18 Son Gohan,Dragon Ball Carddass Hondan Part 1 No.18 Son Gohan,2025-12-13,google_trends,16.7
Dragon Ball Carddass Hondan Part 1 No.18 Son Gohan,Dragon Ball Carddass Hondan Part 1 No.18 Son Gohan,2025-12-14,google_trends,17.6
Dragon Ball Carddass Hondan Part 1 No.18 Son Gohan,Dragon Ball Carddass Hondan Part 1 No.18 Son Gohan,2025-12-15,google_trends,15.1
Dragon Ball Carddass Hondan Part 1 No.18 Son Gohan,Dragon Ball Carddass Hondan Part 1 No.18 Son Gohan,2025-12-16,google_trends,17.6
Dragon Ball Carddass Hondan Part 1 No.18 Son Gohan,Dragon Ball Carddass Hondan Part 1 No.18 Son Gohan,2025-12-17,google_trends,18.9
Dragon Ball Carddass Hondan Part 1 No.18 Son Gohan,Dragon Ball Carddass Hondan Part 1 No.18 Son Gohan,2025-12-18,google_trends,15.9
Dragon Ball Carddass Hondan Part 1 No.18 Son Gohan,Dragon Ball Carddass Hondan Part 1 No.18 Son Gohan,2025-12-19,google_trends,16.5
Dragon Ball Carddass Hondan Part 1 No.18 Son Gohan,Dragon Ball Carddass Hondan Part 1 No.18 Son Gohan,2025-12-20,google_trends,17.7
Dragon Ball Carddass Hondan Part 1 No.18 Son Gohan,Dragon Ball Carddass Hondan Part 1 No.18 Son Gohan,2025-12-21,google_trends,16.4
Dragon Ball Carddass Hondan Part 1 No.18 Son Gohan,Dragon Ball Carddass Hondan Part 1 No.18 Son Gohan,2025-12-22,google_trends,18.1
Dragon Ball Carddass Hondan Part 1 No.18 Son Gohan,Dragon Ball Carddass Hondan Part 1 No.18 Son Gohan,2025-12-23,google_trends,15.2
Dragon Ball Carddass Hondan Part 1 No.18 Son Gohan,Dragon Ball Carddass Hondan Part 1 No.18 Son Gohan,2025-12-24,google_trends,15.3
Dragon Ball Carddass Hondan Part 1 No.18 Son Gohan,Dragon Ball Carddass Hondan Part 1 No.18 Son Gohan,2025-12-25,google_trends,15.4
Dragon Ball Carddass Hondan Part 1 No.18 Son Gohan,Dragon Ball Carddass Hondan Part 1 No.18 Son Gohan,2025-12-26,google_trends,16.6
Dragon Ball Carddass Hondan Part 1 No.18 Son Gohan,Dragon Ball Carddass Hondan Part 1 No.18 Son Gohan,2025-12-27,google_trends,16.9
Dragon Ball Carddass Hondan Part 1 No.18 Son Gohan,Dragon Ball Carddass Hondan Part 1 No.18 Son Gohan,2025-12-28,google_trends,18.6
Dragon Ball Carddass Hondan Part 1 No.18 Son Gohan,Dragon Ball Carddass Hondan Part 1 No.18 Son Gohan,2025-12-29,google_trends,17.1
Dragon Ball Carddass Hondan Part 1 No.18 Son Gohan,Dragon Ball Carddass Hondan Part 1 No.18 Son Gohan,2025-12-30,google_trends,16.2
Dragon Ball Carddass Hondan Part 1 No.18 Son Gohan,Dragon Ball Carddass Hondan Part 1 No.18 Son Gohan,2025-12-31,google_trends,17.2
Dragon Ball Carddass Hondan Part 1 No.18 Son Gohan,Dragon Ball Carddass Hondan Part 1 No.18 Son Gohan,2026-01-01,google_trends,16.8
Dragon Ball Carddass Hondan Part 1 No.18 Son Gohan,Dragon Ball Carddass Hondan Part 1 No.18 Son Gohan,2026-01-02,google_trends,16
Dragon Ball Carddass Hondan Part 1 No.18 Son Gohan,Dragon Ball Carddass Hondan Part 1 No.18 Son Gohan,2026-01-03,google_trends,15.4
Dragon Ball Carddass Hondan Part 1 No.18 Son Gohan,Dragon Ball Carddass Hondan Part 1 No.18 Son Gohan,2026-01-04,google_trends,17.1
Dragon Ball Carddass Hondan Part 1 No.18 Son Gohan,Dragon Ball Carddass Hondan Part 1 No.18 Son Gohan,2026-01-05,google_trends,15.5
Dragon Ball Carddass Hondan Part 1 No.18 Son Gohan,Dragon Ball Carddass Hondan Part 1 No.18 Son Gohan,2026-01-06,google_trends,16.8
Dragon Ball Carddass Hondan Part 1 No.18 Son Gohan,Dragon Ball Carddass Hondan Part 1 No.18 Son Gohan,2026-01-07,google_trends,18.5
Dragon Ball Carddass Hondan Part 1 No.18 Son Gohan,Dragon Ball Carddass Hondan Part 1 No.18 Son Gohan,2026-01-08,google_trends,18.3
Dragon Ball Carddass Hondan Part 1 No.18 Son Gohan,Dragon Ball Carddass Hondan Part 1 No.18 Son Gohan,2026-01-09,google_trends,16.3
Dragon Ball Carddass Hondan Part 1 No.18 Son Gohan,Dragon Ball Carddass Hondan Part 1 No.18 Son Gohan,2026-01-10,google_trends,16.6
Dragon Ball Carddass Hondan Part 1 No.18 Son Gohan,Dragon Ball Carddass Hondan Part 1 No.18 Son Gohan,2026-01-11,google_trends,18.4
Dragon Ball Carddass Hondan Part 1 No.18 Son Gohan,Dragon Ball Carddass Hondan Part 1 No.18 Son Gohan,2026-01-12,google_trends,17.9
Dragon Ball Carddass Hondan Part 1 No.18 Son Gohan,Dragon Ball Carddass Hondan Part 1 No.18 Son Gohan,2026-01-13,google_trends,18.8
Dragon Ball Carddass Hondan Part 1 No.18 Son Gohan,Dragon Ball Carddass Hondan Part 1 No.18 Son Gohan,2026-01-14,google_trends,16
Dragon Ball Carddass Hondan Part 1 No.18 Son Gohan,Dragon Ball Carddass Hondan Part 1 No.18 Son Gohan,2026-01-15,google_trends,15.5
Dragon Ball Carddass Hondan Part 1 No.18 Son Gohan,Dragon Ball Carddass Hondan Part 1 No.18 Son Gohan,2026-01-16,google_trends,18.1
Dragon Ball Carddass Hondan Part 1 No.18 Son Gohan,Dragon Ball Carddass Hondan Part 1 No.18 Son Gohan,2026-01-17,google_trends,15.7
Dragon Ball Carddass Hondan Part 1 No.18 Son Gohan,Dragon Ball Carddass Hondan Part 1 No.18 Son Gohan,2026-01-18,google_trends,17.9
Dragon Ball Carddass Hondan Part 1 No.18 Son Gohan,Dragon Ball Carddass Hondan Part 1 No.18 Son Gohan,2026-01-19,google_trends,16.9
Dragon Ball Carddass Hondan Part 1 No.18 Son Gohan,Dragon Ball Carddass Hondan Part 1 No.18 Son Gohan,2026-01-20,google_trends,17.3
Dragon Ball Carddass Hondan Part 1 No.18 Son Gohan,Dragon Ball Carddass Hondan Part 1 No.18 Son Gohan,2026-01-21,google_trends,17.4
Dragon Ball Carddass Hondan Part 1 No.18 Son Gohan,Dragon Ball Carddass Hondan Part 1 No.18 Son Gohan,2026-01-22,google_trends,18.5
Dragon Ball Carddass Hondan Part 1 No.18 Son Gohan,Dragon Ball Carddass Hondan Part 1 No.18 Son Gohan,2026-01-23,google_trends,18.5
Dragon Ball Carddass Hondan Part 1 No.18 Son Gohan,Dragon Ball Carddass Hondan Part 1 No.18 Son Gohan,2026-01-24,google_trends,16.2
Dragon Ball Carddass Hondan Part 1 No.18 Son Gohan,Dragon Ball Carddass Hondan Part 1 No.18 Son Gohan,2026-01-25,google_trends,15.3
Dragon Ball Carddass Hondan Part 1 No.18 Son Gohan,Dragon Ball Carddass Hondan Part 1 No.18 Son Gohan,2026-01-26,google_trends,16.4
Dragon Ball Carddass Hondan Part 1 No.18 Son Gohan,Dragon Ball Carddass Hondan Part 1 No.18 Son Gohan,2026-01-27,google_trends,16.1
Dragon Ball Carddass Hondan Part 1 No.18 Son Gohan,Dragon Ball Carddass Hondan Part 1 No.18 Son Gohan,2026-01-28,google_trends,17.5
Dragon Ball Carddass Hondan Part 1 No.18 Son Gohan,Dragon Ball Carddass Hondan Part 1 No.18 Son Gohan,2026-01-29,google_trends,15.3
Dragon Ball Carddass Hondan Part 1 No.18 Son Gohan,Dragon Ball Carddass Hondan Part 1 No.18 Son Gohan,2026-01-30,google_trends,16.6
Dragon Ball Carddass Hondan Part 1 No.18 Son Gohan,Dragon Ball Carddass Hondan Part 1 No.18 Son Gohan,2026-01-31,google_trends,16.5
Dragon Ball Carddass Hondan Part 1 No.18 Son Gohan,Dragon Ball Carddass Hondan Part 1 No.18 Son Gohan,2026-02-01,google_trends,16.4
Dragon Ball Carddass Hondan Part 1 No.18 Son Gohan,Dragon Ball Carddass Hondan Part 1 No.18 Son Gohan,2026-02-02,google_trends,16.3
Dragon Ball Carddass Hondan Part 1 No.18 Son Gohan,Dragon Ball Carddass Hondan Part 1 No.18 Son Gohan,2026-02-03,google_trends,17.2
Dragon Ball Carddass Hondan Part 1 No.18 Son Gohan,Dragon Ball Carddass Hondan Part 1 No.18 Son Gohan,2026-02-04,google_trends,18.8
Dragon Ball Carddass Hondan Part 1 No.18 Son Gohan,Dragon Ball Carddass Hondan Part 1 No.18 Son Gohan,2026-02-05,google_trends,15.7
Dragon Ball Carddass Hondan Part 1 No.18 Son Gohan,Dragon Ball Carddass Hondan Part 1 No.18 Son Gohan,2026-02-06,google_trends,16.9
Dragon Ball Carddass Hondan Part 1 No.18 Son Gohan,Dragon Ball Carddass Hondan Part 1 No.18 Son Gohan,2026-02-07,google_trends,16.7
Dragon Ball Carddass Hondan Part 1 No.18 Son Gohan,Dragon Ball Carddass Hondan Part 1 No.18 Son Gohan,2026-02-08,google_trends,17.7
Dragon Ball Carddass Hondan Part 1 No.18 Son Gohan,Dragon Ball Carddass Hondan Part 1 No.18 Son Gohan,2026-02-09,google_trends,15.2
Dragon Ball Carddass Hondan Part 1 No.18 Son Gohan,Dragon Ball Carddass Hondan Part 1 No.18 Son Gohan,2026-02-10,google_trends,15.1
Dragon Ball Carddass Hondan Part 1 No.18 Son Gohan,Dragon Ball Carddass Hondan Part 1 No.18 Son Gohan,2026-02-11,google_trends,15.5
Dragon Ball Carddass Hondan Part 1 No.18 Son Gohan,Dragon Ball Carddass Hondan Part 1 No.18 Son Gohan,2026-02-12,google_trends,18
Dragon Ball Carddass Hondan Part 1 No.18 Son Gohan,Dragon Ball Carddass Hondan Part 1 No.18 Son Gohan,2026-02-13,google_trends,17.2
Dragon Ball Carddass Hondan Part 1 No.18 Son Gohan,Dragon Ball Carddass Hondan Part 1 No.18 Son Gohan,2026-02-14,google_trends,15.8
Dragon Ball Carddass Hondan Part 1 No.18 Son Gohan,Dragon Ball Carddass Hondan Part 1 No.18 Son Gohan,2026-02-15,google_trends,18.5
Dragon Ball Carddass Hondan Part 1 No.18 Son Gohan,Dragon Ball Carddass Hondan Part 1 No.18 Son Gohan,2026-02-16,google_trends,16.9
Dragon Ball Carddass Hondan Part 1 No.18 Son Gohan,Dragon Ball Carddass Hondan Part 1 No.18 Son Gohan,2026-02-17,google_trends,16
Dragon Ball Carddass Hondan Part 1 No.18 Son Gohan,Dragon Ball Carddass Hondan Part 1 No.18 Son Gohan,2026-02-18,google_trends,18.9
Dragon Ball Carddass Hondan Part 1 No.18 Son Gohan,Dragon Ball Carddass Hondan Part 1 No.18 Son Gohan,2026-02-19,google_trends,16.9
Dragon Ball Carddass Hondan Part 1 No.18 Son Gohan,Dragon Ball Carddass Hondan Part 1 No.18 Son Gohan,2026-02-20,google_trends,16.9
Dragon Ball Carddass Hondan Part 1 No.18 Son Gohan,Dragon Ball Carddass Hondan Part 1 No.18 Son Gohan,2026-02-21,google_trends,16.1
Dragon Ball Carddass Hondan Part 1 No.18 Son Gohan,Dragon Ball Carddass Hondan Part 1 No.18 Son Gohan,2026-02-22,google_trends,16.1
Dragon Ball Carddass Hondan Part 1 No.18 Son Gohan,Dragon Ball Carddass Hondan Part 1 No.18 Son Gohan,2026-02-23,google_trends,16.4
Dragon Ball Carddass Hondan Part 1 No.18 Son Gohan,Dragon Ball Carddass Hondan Part 1 No.18 Son Gohan,2026-02-24,google_trends,16.6
Dragon Ball Carddass Hondan Part 1 No.18 Son Gohan,Dragon Ball Carddass Hondan Part 1 No.18 Son Gohan,2026-02-25,google_trends,15.8
Dragon Ball Carddass Hondan Part 1 No.18 Son Gohan,Dragon Ball Carddass Hondan Part 1 No.18 Son Gohan,2026-02-26,google_trends,16.9
Dragon Ball Carddass Hondan Part 1 No.18 Son Gohan,Dragon Ball Carddass Hondan Part 1 No.18 Son Gohan,2026-02-27,google_trends,16.1
Dragon Ball Carddass Hondan Part 1 No.18 Son Gohan,Dragon Ball Carddass Hondan Part 1 No.18 Son Gohan,2026-02-28,google_trends,18.9
Dragon Ball Carddass Hondan Part 1 No.18 Son Gohan,Dragon Ball Carddass Hondan Part 1 No.18 Son Gohan,2026-03-01,google_trends,18.2
Dragon Ball Carddass Hondan Part 1 No.18 Son Gohan,Dragon Ball Carddass Hondan Part 1 No.18 Son Gohan,2026-03-02,google_trends,18.7
Dragon Ball Carddass Hondan Part 1 No.18 Son Gohan,Dragon Ball Carddass Hondan Part 1 No.18 Son Gohan,2026-03-03,google_trends,17.8
Dragon Ball Carddass Hondan Part 1 No.18 Son Gohan,Dragon Ball Carddass Hondan Part 1 No.18 Son Gohan,2026-03-04,google_trends,15.4
Dragon Ball Carddass Hondan Part 1 No.18 Son Gohan,Dragon Ball Carddass Hondan Part 1 No.18 Son Gohan,2026-03-05,google_trends,17.4
Dragon Ball Carddass Hondan Part 1 No.18 Son Gohan,Dragon Ball Carddass Hondan Part 1 No.18 Son Gohan,2026-03-06,google_trends,16.5
Dragon Ball Carddass Hondan Part 1 No.18 Son Gohan,Dragon Ball Carddass Hondan Part 1 No.18 Son Gohan,2026-03-07,google_trends,19
Dragon Ball Carddass Hondan Part 1 No.18 Son Gohan,Dragon Ball Carddass Hondan Part 1 No.18 Son Gohan,2026-03-08,google_trends,16.4
Dragon Ball Carddass Hondan Part 1 No.18 Son Gohan,Dragon Ball Carddass Hondan Part 1 No.18 Son Gohan,2026-03-09,google_trends,19
Dragon Ball Carddass Hondan Part 1 No.18 Son Gohan,Dragon Ball Carddass Hondan Part 1 No.18 Son Gohan,2026-03-10,google_trends,15.7
Dragon Ball Carddass Hondan Part 1 No.18 Son Gohan,Dragon Ball Carddass Hondan Part 1 No.18 Son Gohan,2026-03-11,google_trends,17.2
Dragon Ball Carddass Hondan Part 1 No.18 Son Gohan,Dragon Ball Carddass Hondan Part 1 No.18 Son Gohan,2026-03-12,google_trends,17.5
Dragon Ball Carddass Hondan Part 1 No.18 Son Gohan,Dragon Ball Carddass Hondan Part 1 No.18 Son Gohan,2026-03-13,google_trends,15
Dragon Ball Carddass Hondan Part 1 No.18 Son Gohan,Dragon Ball Carddass Hondan Part 1 No.18 Son Gohan,2026-03-14,google_trends,18
Dragon Ball Carddass Hondan Part 1 No.18 Son Gohan,Dragon Ball Carddass Hondan Part 1 No.18 Son Gohan,2026-03-15,google_trends,19
Dragon Ball Carddass Hondan Part 1 No.18 Son Gohan,Dragon Ball Carddass Hondan Part 1 No.18 Son Gohan,2026-03-16,google_trends,15.3
Dragon Ball Carddass Hondan Part 1 No.18 Son Gohan,Dragon Ball Carddass Hondan Part 1 No.18 Son Gohan,2026-03-17,google_trends,17.1
Dragon Ball Carddass Hondan Part 1 No.18 Son Gohan,Dragon Ball Carddass Hondan Part 1 No.18 Son Gohan,2026-03-18,google_trends,17.9
Dragon Ball Carddass Hondan Part 1 No.18 Son Gohan,Dragon Ball Carddass Hondan Part 1 No.18 Son Gohan,2026-03-19,google_trends,17.1
Dragon Ball Carddass Hondan Part 1 No.18 Son Gohan,Dragon Ball Carddass Hondan Part 1 No.18 Son Gohan,2026-03-20,google_trends,17.7
Dragon Ball Carddass Hondan Part 1 No.18 Son Gohan,Dragon Ball Carddass Hondan Part 1 No.18 Son Gohan,2026-03-21,google_trends,16.7
Dragon Ball Carddass Hondan Part 1 No.18 Son Gohan,Dragon Ball Carddass Hondan Part 1 No.18 Son Gohan,2026-03-22,google_trends,16.9
Dragon Ball Carddass Hondan Part 1 No.18 Son Gohan,Dragon Ball Carddass Hondan Part 1 No.18 Son Gohan,2026-03-23,google_trends,16.5
Dragon Ball Carddass Hondan Part 1 No.18 Son Gohan,Dragon Ball Carddass Hondan Part 1 No.18 Son Gohan,2026-03-24,google_trends,17.9
Dragon Ball Carddass Hondan Part 1 No.18 Son Gohan,Dragon Ball Carddass Hondan Part 1 No.18 Son Gohan,2026-03-25,google_trends,15.9
Dragon Ball Carddass Hondan Part 1 No.18 Son Gohan,Dragon Ball Carddass Hondan Part 1 No.18 Son Gohan,2026-03-26,google_trends,16.4
Dragon Ball Carddass Hondan Part 1 No.18 Son Gohan,Dragon Ball Carddass Hondan Part 1 No.18 Son Gohan,2026-03-27,google_trends,15.3
Dragon Ball Carddass Hondan Part 1 No.18 Son Gohan,Dragon Ball Carddass Hondan Part 1 No.18 Son Gohan,2026-03-28,google_trends,15.7
Dragon Ball Carddass Hondan Part 1 No.18 Son Gohan,Dragon Ball Carddass Hondan Part 1 No.18 Son Gohan,2026-03-29,google_trends,18.3
Dragon Ball Carddass Hondan Part 1 No.18 Son Gohan,Dragon Ball Carddass Hondan Part 1 No.18 Son Gohan,2026-03-30,google_trends,17.7
Dragon Ball Carddass Hondan Part 1 No.18 Son Gohan,Dragon Ball Carddass Hondan Part 1 No.18 Son Gohan,2026-03-31,google_trends,17.2
Dragon Ball Carddass Hondan Part 1 No.18 Son Gohan,Dragon Ball Carddass Hondan Part 1 No.18 Son Gohan,2026-04-01,google_trends,17
Dragon Ball Carddass Hondan Part 1 No.18 Son Gohan,Dragon Ball Carddass Hondan Part 1 No.18 Son Gohan,2026-04-02,google_trends,16.3
Dragon Ball Carddass Hondan Part 1 No.18 Son Gohan,Dragon Ball Carddass Hondan Part 1 No.18 Son Gohan,2026-04-03,google_trends,18.4
Dragon Ball Carddass Hondan Part 1 No.18 Son Gohan,Dragon Ball Carddass Hondan Part 1 No.18 Son Gohan,2026-04-04,google_trends,16.5
Dragon Ball Carddass Hondan Part 1 No.18 Son Gohan,Dragon Ball Carddass Hondan Part 1 No.18 Son Gohan,2026-04-05,google_trends,16
Dragon Ball Carddass Hondan Part 1 No.18 Son Gohan,Dragon Ball Carddass Hondan Part 1 No.18 Son Gohan,2026-04-06,google_trends,15.8
Dragon Ball Carddass Hondan Part 1 No.18 Son Gohan,Dragon Ball Carddass Hondan Part 1 No.18 Son Gohan,2026-04-07,google_trends,16.2
Dragon Ball Carddass Hondan Part 1 No.18 Son Gohan,Dragon Ball Carddass Hondan Part 1 No.18 Son Gohan,2026-04-08,google_trends,17.7
Dragon Ball Carddass Hondan Part 1 No.18 Son Gohan,Dragon Ball Carddass Hondan Part 1 No.18 Son Gohan,2026-04-09,google_trends,18.7
Dragon Ball Carddass Hondan Part 1 No.18 Son Gohan,Dragon Ball Carddass Hondan Part 1 No.18 Son Gohan,2026-04-10,google_trends,17.6
Dragon Ball Carddass Hondan Part 1 No.18 Son Gohan,Dragon Ball Carddass Hondan Part 1 No.18 Son Gohan,2026-04-11,google_trends,18.7
Dragon Ball Carddass Hondan Part 1 No.18 Son Gohan,Dragon Ball Carddass Hondan Part 1 No.18 Son Gohan,2026-04-12,google_trends,16.3
Dragon Ball Carddass Hondan Part 1 No.18 Son Gohan,Dragon Ball Carddass Hondan Part 1 No.18 Son Gohan,2026-04-13,google_trends,16.5
Dragon Ball Carddass Hondan Part 1 No.18 Son Gohan,Dragon Ball Carddass Hondan Part 1 No.18 Son Gohan,2026-04-14,google_trends,15.3
Dragon Ball Carddass Hondan Part 1 No.18 Son Gohan,Dragon Ball Carddass Hondan Part 1 No.18 Son Gohan,2026-04-15,google_trends,15.7
Dragon Ball Carddass Hondan Part 1 No.18 Son Gohan,Dragon Ball Carddass Hondan Part 1 No.18 Son Gohan,2026-04-16,google_trends,15.5
Dragon Ball Carddass Hondan Part 1 No.18 Son Gohan,Dragon Ball Carddass Hondan Part 1 No.18 Son Gohan,2026-04-17,google_trends,18.1
Dragon Ball Carddass Hondan Part 1 No.18 Son Gohan,Dragon Ball Carddass Hondan Part 1 No.18 Son Gohan,2026-04-18,google_trends,17.5
Dragon Ball Carddass Hondan Part 1 No.18 Son Gohan,Dragon Ball Carddass Hondan Part 1 No.18 Son Gohan,2026-04-19,google_trends,17.5
Dragon Ball Carddass Hondan Part 1 No.18 Son Gohan,Dragon Ball Carddass Hondan Part 1 No.18 Son Gohan,2026-04-20,google_trends,18.3
Dragon Ball Carddass Hondan Part 1 No.18 Son Gohan,Dragon Ball Carddass Hondan Part 1 No.18 Son Gohan,2026-04-21,google_trends,15.2
Dragon Ball Carddass Hondan Part 1 No.18 Son Gohan,Dragon Ball Carddass Hondan Part 1 No.18 Son Gohan,2026-04-22,google_trends,15.6
Dragon Ball Carddass Hondan Part 1 No.18 Son Gohan,Dragon Ball Carddass Hondan Part 1 No.18 Son Gohan,2026-04-23,google_trends,16.2
Dragon Ball Carddass Hondan Part 1 No.18 Son Gohan,Dragon Ball Carddass Hondan Part 1 No.18 Son Gohan,2026-04-24,google_trends,16.4
Dragon Ball Carddass Hondan Part 1 No.18 Son Gohan,Dragon Ball Carddass Hondan Part 1 No.18 Son Gohan,2026-04-25,google_trends,18.6
Dragon Ball Carddass Hondan Part 1 No.18 Son Gohan,Dragon Ball Carddass Hondan Part 1 No.18 Son Gohan,2026-04-26,google_trends,17.5
Dragon Ball Carddass Hondan Part 1 No.18 Son Gohan,Dragon Ball Carddass Hondan Part 1 No.18 Son Gohan,2026-04-27,google_trends,17.8
Dragon Ball Carddass Hondan Part 1 No.18 Son Gohan,Dragon Ball Carddass Hondan Part 1 No.18 Son Gohan,2026-04-28,google_trends,15.5
Dragon Ball Carddass Hondan Part 1 No.18 Son Gohan,Dragon Ball Carddass Hondan Part 1 No.18 Son Gohan,2026-04-29,google_trends,15.9
Dragon Ball Carddass Hondan Part 1 No.18 Son Gohan,Dragon Ball Carddass Hondan Part 1 No.18 Son Gohan,2026-04-30,google_trends,17.6
Dragon Ball Carddass Hondan Part 1 No.18 Son Gohan,Dragon Ball Carddass Hondan Part 1 No.18 Son Gohan,2026-05-01,google_trends,17.9
Dragon Ball Carddass Hondan Part 1 No.18 Son Gohan,Dragon Ball Carddass Hondan Part 1 No.18 Son Gohan,2026-05-02,google_trends,17.2
Dragon Ball Carddass Hondan Part 1 No.18 Son Gohan,Dragon Ball Carddass Hondan Part 1 No.18 Son Gohan,2026-05-03,google_trends,17.6
Dragon Ball Carddass Hondan Part 1 No.18 Son Gohan,Dragon Ball Carddass Hondan Part 1 No.18 Son Gohan,2026-05-04,google_trends,16
Dragon Ball Carddass Hondan Part 1 No.18 Son Gohan,Dragon Ball Carddass Hondan Part 1 No.18 Son Gohan,2026-05-05,google_trends,17.3
Dragon Ball Carddass Hondan Part 1 No.18 Son Gohan,Dragon Ball Carddass Hondan Part 1 No.18 Son Gohan,2026-05-06,google_trends,18.4
Dragon Ball Carddass Hondan Part 1 No.18 Son Gohan,Dragon Ball Carddass Hondan Part 1 No.18 Son Gohan,2026-05-07,google_trends,19
Dragon Ball Carddass Hondan Part 1 No.18 Son Gohan,Dragon Ball Carddass Hondan Part 1 No.18 Son Gohan,2026-05-08,google_trends,18.9
Dragon Ball Carddass Hondan Part 1 No.18 Son Gohan,Dragon Ball Carddass Hondan Part 1 No.18 Son Gohan,2026-05-09,google_trends,16.6
Dragon Ball Carddass Hondan Part 1 No.18 Son Gohan,Dragon Ball Carddass Hondan Part 1 No.18 Son Gohan,2026-05-10,google_trends,18.2
Dragon Ball Carddass Hondan Part 1 No.18 Son Gohan,Dragon Ball Carddass Hondan Part 1 No.18 Son Gohan,2026-05-11,google_trends,18.5
Dragon Ball Carddass Hondan Part 1 No.18 Son Gohan,Dragon Ball Carddass Hondan Part 1 No.18 Son Gohan,2026-05-12,google_trends,16.7
Dragon Ball Carddass Hondan Part 1 No.18 Son Gohan,Dragon Ball Carddass Hondan Part 1 No.18 Son Gohan,2026-05-13,google_trends,15.3
Dragon Ball Carddass Hondan Part 1 No.18 Son Gohan,Dragon Ball Carddass Hondan Part 1 No.18 Son Gohan,2026-05-14,google_trends,16
Dragon Ball Carddass Hondan Part 1 No.18 Son Gohan,Dragon Ball Carddass Hondan Part 1 No.18 Son Gohan,2026-05-15,google_trends,17
Dragon Ball Carddass Hondan Part 1 No.18 Son Gohan,Dragon Ball Carddass Hondan Part 1 No.18 Son Gohan,2026-05-16,google_trends,18.7
Dragon Ball Carddass Hondan Part 1 No.18 Son Gohan,Dragon Ball Carddass Hondan Part 1 No.18 Son Gohan,2026-05-17,google_trends,17.8
Dragon Ball Carddass Hondan Part 1 No.18 Son Gohan,Dragon Ball Carddass Hondan Part 1 No.18 Son Gohan,2026-05-18,google_trends,18.3
Dragon Ball Carddass Hondan Part 1 No.18 Son Gohan,Dragon Ball Carddass Hondan Part 1 No.18 Son Gohan,2026-05-19,google_trends,18.9
Dragon Ball Carddass Hondan Part 1 No.18 Son Gohan,Dragon Ball Carddass Hondan Part 1 No.18 Son Gohan,2026-05-20,google_trends,16.9
Dragon Ball Carddass Hondan Part 1 No.18 Son Gohan,Dragon Ball Carddass Hondan Part 1 No.18 Son Gohan,2026-05-21,google_trends,17.3
Dragon Ball Carddass Hondan Part 1 No.18 Son Gohan,Dragon Ball Carddass Hondan Part 1 No.18 Son Gohan,2026-05-22,google_trends,19
Dragon Ball Carddass Hondan Part 1 No.18 Son Gohan,Dragon Ball Carddass Hondan Part 1 No.18 Son Gohan,2026-05-23,google_trends,16.7
Dragon Ball Carddass Hondan Part 1 No.18 Son Gohan,Dragon Ball Carddass Hondan Part 1 No.18 Son Gohan,2026-05-24,google_trends,17.5
Dragon Ball Carddass Hondan Part 1 No.18 Son Gohan,Dragon Ball Carddass Hondan Part 1 No.18 Son Gohan,2026-05-25,google_trends,18.1
Dragon Ball Carddass Hondan Part 1 No.18 Son Gohan,Dragon Ball Carddass Hondan Part 1 No.18 Son Gohan,2026-05-26,google_trends,17.5
Dragon Ball Carddass Hondan Part 1 No.18 Son Gohan,Dragon Ball Carddass Hondan Part 1 No.18 Son Gohan,2026-05-27,google_trends,18.4
Dragon Ball Carddass Hondan Part 1 No.18 Son Gohan,Dragon Ball Carddass Hondan Part 1 No.18 Son Gohan,2026-05-28,google_trends,17
Dragon Ball Carddass Hondan Part 1 No.18 Son Gohan,Dragon Ball Carddass Hondan Part 1 No.18 Son Gohan,2026-05-29,google_trends,17.3
Dragon Ball Carddass Hondan Part 1 No.18 Son Gohan,Dragon Ball Carddass Hondan Part 1 No.18 Son Gohan,2026-05-30,google_trends,15.1
Dragon Ball Carddass Hondan Part 1 No.18 Son Gohan,Dragon Ball Carddass Hondan Part 1 No.18 Son Gohan,2026-05-31,google_trends,17.1
Dragon Ball Carddass Hondan Part 1 No.18 Son Gohan,Dragon Ball Carddass Hondan Part 1 No.18 Son Gohan,2026-06-01,google_trends,17.7
Dragon Ball Carddass Hondan Part 1 No.18 Son Gohan,Dragon Ball Carddass Hondan Part 1 No.18 Son Gohan,2026-06-02,google_trends,18.1
Dragon Ball Carddass Hondan Part 1 No.18 Son Gohan,Dragon Ball Carddass Hondan Part 1 No.18 Son Gohan,2026-06-03,google_trends,15.3
Dragon Ball Carddass Hondan Part 1 No.18 Son Gohan,Dragon Ball Carddass Hondan Part 1 No.18 Son Gohan,2026-06-04,google_trends,17.5
Dragon Ball Carddass Hondan Part 1 No.18 Son Gohan,Dragon Ball Carddass Hondan Part 1 No.18 Son Gohan,2026-06-05,google_trends,16.2
Dragon Ball Carddass Hondan Part 1 No.18 Son Gohan,Dragon Ball Carddass Hondan Part 1 No.18 Son Gohan,2026-06-06,google_trends,17.4
Dragon Ball Carddass Hondan Part 1 No.18 Son Gohan,Dragon Ball Carddass Hondan Part 1 No.18 Son Gohan,2026-06-07,google_trends,15.6
Dragon Ball Carddass Hondan Part 1 No.18 Son Gohan,Dragon Ball Carddass Hondan Part 1 No.18 Son Gohan,2026-06-08,google_trends,17.5
Dragon Ball Carddass Hondan Part 1 No.18 Son Gohan,Dragon Ball Carddass Hondan Part 1 No.18 Son Gohan,2026-06-09,google_trends,17.3
Dragon Ball Carddass Hondan Part 1 No.18 Son Gohan,Dragon Ball Carddass Hondan Part 1 No.18 Son Gohan,2026-06-10,google_trends,15.7
Dragon Ball Carddass Hondan Part 1 No.18 Son Gohan,Dragon Ball Carddass Hondan Part 1 No.18 Son Gohan,2026-06-11,google_trends,16.2
Dragon Ball Carddass Hondan Part 1 No.18 Son Gohan,Dragon Ball Carddass Hondan Part 1 No.18 Son Gohan,2026-06-12,google_trends,15
Dragon Ball Carddass Hondan Part 1 No.18 Son Gohan,Dragon Ball Carddass Hondan Part 1 No.18 Son Gohan,2026-06-13,google_trends,15.3
Dragon Ball Carddass Hondan Part 1 No.18 Son Gohan,Dragon Ball Carddass Hondan Part 1 No.18 Son Gohan,2026-06-14,google_trends,16.8
Dragon Ball Carddass Hondan Part 1 No.18 Son Gohan,Dragon Ball Carddass Hondan Part 1 No.18 Son Gohan,2026-06-15,google_trends,15.3
Dragon Ball Carddass Hondan Part 1 No.18 Son Gohan,Dragon Ball Carddass Hondan Part 1 No.18 Son Gohan,2026-06-16,google_trends,16.7
Dragon Ball Carddass Hondan Part 1 No.18 Son Gohan,Dragon Ball Carddass Hondan Part 1 No.18 Son Gohan,2026-06-17,google_trends,18.3
Dragon Ball Carddass Hondan Part 1 No.18 Son Gohan,Dragon Ball Carddass Hondan Part 1 No.18 Son Gohan,2026-06-18,google_trends,16
Dragon Ball Carddass Hondan Part 1 No.18 Son Gohan,Dragon Ball Carddass Hondan Part 1 No.18 Son Gohan,2026-06-19,google_trends,17.7
Dragon Ball Carddass Hondan Part 1 No.18 Son Gohan,Dragon Ball Carddass Hondan Part 1 No.18 Son Gohan,2026-06-20,google_trends,18.5
Dragon Ball Carddass Hondan Part 1 No.18 Son Gohan,Dragon Ball Carddass Hondan Part 1 No.18 Son Gohan,2026-06-21,google_trends,15.7
Dragon Ball Carddass Hondan Part 1 No.18 Son Gohan,Dragon Ball Carddass Hondan Part 1 No.18 Son Gohan,2026-06-22,google_trends,17.4
Dragon Ball Carddass Hondan Part 1 No.18 Son Gohan,Dragon Ball Carddass Hondan Part 1 No.18 Son Gohan,2026-06-23,google_trends,17.1
Dragon Ball Carddass Hondan Part 1 No.18 Son Gohan,Dragon Ball Carddass Hondan Part 1 No.18 Son Gohan,2026-06-24,google_trends,18.4
Dragon Ball Carddass Hondan Part 1 No.18 Son Gohan,Dragon Ball Carddass Hondan Part 1 No.18 Son Gohan,2026-06-25,google_trends,17.8
Dragon Ball Carddass Hondan Part 1 No.18 Son Gohan,Dragon Ball Carddass Hondan Part 1 No.18 Son Gohan,2026-06-26,google_trends,16.4
Dragon Ball Carddass Hondan Part 1 No.18 Son Gohan,Dragon Ball Carddass Hondan Part 1 No.18 Son Gohan,2026-06-27,google_trends,16
Dragon Ball Carddass Hondan Part 1 No.18 Son Gohan,Dragon Ball Carddass Hondan Part 1 No.18 Son Gohan,2026-06-28,google_trends,16.8
Dragon Ball Carddass Hondan Part 1 No.18 Son Gohan,Dragon Ball Carddass Hondan Part 1 No.18 Son Gohan,2026-06-29,google_trends,15.1
Dragon Ball Carddass Hondan Part 1 No.18 Son Gohan,Dragon Ball Carddass Hondan Part 1 No.18 Son Gohan,2026-06-30,google_trends,16.7
Dragon Ball Carddass Hondan Part 1 No.18 Son Gohan,Dragon Ball Carddass Hondan Part 1 No.18 Son Gohan,2026-07-01,google_trends,18
Dragon Ball Carddass Hondan Part 1 No.18 Son Gohan,Dragon Ball Carddass Hondan Part 1 No.18 Son Gohan,2026-07-02,google_trends,17.5
Dragon Ball Carddass Hondan Part 1 No.18 Son Gohan,Dragon Ball Carddass Hondan Part 1 No.18 Son Gohan,2026-07-03,google_trends,15.9
Dragon Ball Carddass Hondan Part 1 No.18 Son Gohan,Dragon Ball Carddass Hondan Part 1 No.18 Son Gohan,2026-07-04,google_trends,18.6
Dragon Ball Carddass Hondan Part 1 No.18 Son Gohan,Dragon Ball Carddass Hondan Part 1 No.18 Son Gohan,2026-07-05,google_trends,17.7
Dragon Ball Carddass Hondan Part 1 No.18 Son Gohan,Dragon Ball Carddass Hondan Part 1 No.18 Son Gohan,2026-07-06,google_trends,18.5
Dragon Ball Carddass Hondan Part 1 No.18 Son Gohan,Dragon Ball Carddass Hondan Part 1 No.18 Son Gohan,2026-07-07,google_trends,19
Dragon Ball Carddass Hondan Part 1 No.18 Son Gohan,Dragon Ball Carddass Hondan Part 1 No.18 Son Gohan,2026-07-08,google_trends,15.5
Dragon Ball Carddass Hondan Part 1 No.18 Son Gohan,Dragon Ball Carddass Hondan Part 1 No.18 Son Gohan,2026-07-09,google_trends,16
Dragon Ball Carddass Hondan Part 1 No.18 Son Gohan,Dragon Ball Carddass Hondan Part 1 No.18 Son Gohan,2026-07-10,google_trends,15.2
Dragon Ball Carddass Hondan Part 1 No.18 Son Gohan,Dragon Ball Carddass Hondan Part 1 No.18 Son Gohan,2026-07-11,google_trends,16.4
Dragon Ball Carddass Hondan Part 1 No.18 Son Gohan,Dragon Ball Carddass Hondan Part 1 No.18 Son Gohan,2026-07-12,google_trends,17.4
Dragon Ball Carddass Hondan Part 1 No.18 Son Gohan,Dragon Ball Carddass Hondan Part 1 No.18 Son Gohan,2026-07-13,google_trends,18.4
Dragon Ball Carddass Hondan Part 1 No.18 Son Gohan,Dragon Ball Carddass Hondan Part 1 No.18 Son Gohan,2026-07-14,google_trends,17.7
Dragon Ball Carddass Hondan Part 1 No.18 Son Gohan,Dragon Ball Carddass Hondan Part 1 No.18 Son Gohan,2026-07-15,google_trends,15.1
Dragon Ball Carddass Hondan Part 1 No.18 Son Gohan,Dragon Ball Carddass Hondan Part 1 No.18 Son Gohan,2026-07-16,google_trends,18.8
Dragon Ball Carddass Hondan Part 1 No.18 Son Gohan,Dragon Ball Carddass Hondan Part 1 No.18 Son Gohan,2026-07-17,google_trends,17.4
Dragon Ball Carddass Hondan Part 1 No.18 Son Gohan,Dragon Ball Carddass Hondan Part 1 No.18 Son Gohan,2026-07-18,google_trends,16.2
Dragon Ball Carddass Hondan Part 1 No.18 Son Gohan,Dragon Ball Carddass Hondan Part 1 No.18 Son Gohan,2026-07-19,google_trends,16.5
Dragon Ball Carddass Hondan Part 1 No.18 Son Gohan,Dragon Ball Carddass Hondan Part 1 No.18 Son Gohan,2026-07-20,google_trends,16.8
Dragon Ball Carddass Hondan Part 1 No.18 Son Gohan,Dragon Ball Carddass Hondan Part 1 No.18 Son Gohan,2026-07-21,google_trends,15.6
Dragon Ball Carddass Hondan Part 1 No.18 Son Gohan,Dragon Ball Carddass Hondan Part 1 No.18 Son Gohan,2026-07-22,google_trends,15.1
Dragon Ball Carddass Hondan Part 1 No.18 Son Gohan,Dragon Ball Carddass Hondan Part 1 No.18 Son Gohan,2026-07-23,google_trends,18.7
Dragon Ball Carddass Hondan Part 1 No.18 Son Gohan,Dragon Ball Carddass Hondan Part 1 No.18 Son Gohan,2026-07-24,google_trends,15.9
Dragon Ball Carddass Hondan Part 1 No.18 Son Gohan,Dragon Ball Carddass Hondan Part 1 No.18 Son Gohan,2026-07-25,google_trends,15.2
Dragon Ball Carddass Hondan Part 2 No.47 Vegeta (Prism),Dragon Ball Carddass Hondan Part 2 No.47 Vegeta (Prism),2025-10-29,google_trends,15.1
Dragon Ball Carddass Hondan Part 2 No.47 Vegeta (Prism),Dragon Ball Carddass Hondan Part 2 No.47 Vegeta (Prism),2025-10-30,google_trends,16.4
Dragon Ball Carddass Hondan Part 2 No.47 Vegeta (Prism),Dragon Ball Carddass Hondan Part 2 No.47 Vegeta (Prism),2025-10-31,google_trends,15.1
Dragon Ball Carddass Hondan Part 2 No.47 Vegeta (Prism),Dragon Ball Carddass Hondan Part 2 No.47 Vegeta (Prism),2025-11-01,google_trends,14.4
Dragon Ball Carddass Hondan Part 2 No.47 Vegeta (Prism),Dragon Ball Carddass Hondan Part 2 No.47 Vegeta (Prism),2025-11-02,google_trends,15.4
Dragon Ball Carddass Hondan Part 2 No.47 Vegeta (Prism),Dragon Ball Carddass Hondan Part 2 No.47 Vegeta (Prism),2025-11-03,google_trends,16.2
Dragon Ball Carddass Hondan Part 2 No.47 Vegeta (Prism),Dragon Ball Carddass Hondan Part 2 No.47 Vegeta (Prism),2025-11-04,google_trends,16.2
Dragon Ball Carddass Hondan Part 2 No.47 Vegeta (Prism),Dragon Ball Carddass Hondan Part 2 No.47 Vegeta (Prism),2025-11-05,google_trends,13.9
Dragon Ball Carddass Hondan Part 2 No.47 Vegeta (Prism),Dragon Ball Carddass Hondan Part 2 No.47 Vegeta (Prism),2025-11-06,google_trends,16.5
Dragon Ball Carddass Hondan Part 2 No.47 Vegeta (Prism),Dragon Ball Carddass Hondan Part 2 No.47 Vegeta (Prism),2025-11-07,google_trends,14.5
Dragon Ball Carddass Hondan Part 2 No.47 Vegeta (Prism),Dragon Ball Carddass Hondan Part 2 No.47 Vegeta (Prism),2025-11-08,google_trends,15.4
Dragon Ball Carddass Hondan Part 2 No.47 Vegeta (Prism),Dragon Ball Carddass Hondan Part 2 No.47 Vegeta (Prism),2025-11-09,google_trends,16
Dragon Ball Carddass Hondan Part 2 No.47 Vegeta (Prism),Dragon Ball Carddass Hondan Part 2 No.47 Vegeta (Prism),2025-11-10,google_trends,14.7
Dragon Ball Carddass Hondan Part 2 No.47 Vegeta (Prism),Dragon Ball Carddass Hondan Part 2 No.47 Vegeta (Prism),2025-11-11,google_trends,15.5
Dragon Ball Carddass Hondan Part 2 No.47 Vegeta (Prism),Dragon Ball Carddass Hondan Part 2 No.47 Vegeta (Prism),2025-11-12,google_trends,15.2
Dragon Ball Carddass Hondan Part 2 No.47 Vegeta (Prism),Dragon Ball Carddass Hondan Part 2 No.47 Vegeta (Prism),2025-11-13,google_trends,16.2
Dragon Ball Carddass Hondan Part 2 No.47 Vegeta (Prism),Dragon Ball Carddass Hondan Part 2 No.47 Vegeta (Prism),2025-11-14,google_trends,15.8
Dragon Ball Carddass Hondan Part 2 No.47 Vegeta (Prism),Dragon Ball Carddass Hondan Part 2 No.47 Vegeta (Prism),2025-11-15,google_trends,13.7
Dragon Ball Carddass Hondan Part 2 No.47 Vegeta (Prism),Dragon Ball Carddass Hondan Part 2 No.47 Vegeta (Prism),2025-11-16,google_trends,16.1
Dragon Ball Carddass Hondan Part 2 No.47 Vegeta (Prism),Dragon Ball Carddass Hondan Part 2 No.47 Vegeta (Prism),2025-11-17,google_trends,14.6
Dragon Ball Carddass Hondan Part 2 No.47 Vegeta (Prism),Dragon Ball Carddass Hondan Part 2 No.47 Vegeta (Prism),2025-11-18,google_trends,16.5
Dragon Ball Carddass Hondan Part 2 No.47 Vegeta (Prism),Dragon Ball Carddass Hondan Part 2 No.47 Vegeta (Prism),2025-11-19,google_trends,15.7
Dragon Ball Carddass Hondan Part 2 No.47 Vegeta (Prism),Dragon Ball Carddass Hondan Part 2 No.47 Vegeta (Prism),2025-11-20,google_trends,17.6
Dragon Ball Carddass Hondan Part 2 No.47 Vegeta (Prism),Dragon Ball Carddass Hondan Part 2 No.47 Vegeta (Prism),2025-11-21,google_trends,17.2
Dragon Ball Carddass Hondan Part 2 No.47 Vegeta (Prism),Dragon Ball Carddass Hondan Part 2 No.47 Vegeta (Prism),2025-11-22,google_trends,14.1
Dragon Ball Carddass Hondan Part 2 No.47 Vegeta (Prism),Dragon Ball Carddass Hondan Part 2 No.47 Vegeta (Prism),2025-11-23,google_trends,17.2
Dragon Ball Carddass Hondan Part 2 No.47 Vegeta (Prism),Dragon Ball Carddass Hondan Part 2 No.47 Vegeta (Prism),2025-11-24,google_trends,14.4
Dragon Ball Carddass Hondan Part 2 No.47 Vegeta (Prism),Dragon Ball Carddass Hondan Part 2 No.47 Vegeta (Prism),2025-11-25,google_trends,15.9
Dragon Ball Carddass Hondan Part 2 No.47 Vegeta (Prism),Dragon Ball Carddass Hondan Part 2 No.47 Vegeta (Prism),2025-11-26,google_trends,17
Dragon Ball Carddass Hondan Part 2 No.47 Vegeta (Prism),Dragon Ball Carddass Hondan Part 2 No.47 Vegeta (Prism),2025-11-27,google_trends,17.2
Dragon Ball Carddass Hondan Part 2 No.47 Vegeta (Prism),Dragon Ball Carddass Hondan Part 2 No.47 Vegeta (Prism),2025-11-28,google_trends,17.6
Dragon Ball Carddass Hondan Part 2 No.47 Vegeta (Prism),Dragon Ball Carddass Hondan Part 2 No.47 Vegeta (Prism),2025-11-29,google_trends,16.1
Dragon Ball Carddass Hondan Part 2 No.47 Vegeta (Prism),Dragon Ball Carddass Hondan Part 2 No.47 Vegeta (Prism),2025-11-30,google_trends,15.6
Dragon Ball Carddass Hondan Part 2 No.47 Vegeta (Prism),Dragon Ball Carddass Hondan Part 2 No.47 Vegeta (Prism),2025-12-01,google_trends,14.1
Dragon Ball Carddass Hondan Part 2 No.47 Vegeta (Prism),Dragon Ball Carddass Hondan Part 2 No.47 Vegeta (Prism),2025-12-02,google_trends,15.8
Dragon Ball Carddass Hondan Part 2 No.47 Vegeta (Prism),Dragon Ball Carddass Hondan Part 2 No.47 Vegeta (Prism),2025-12-03,google_trends,17.8
Dragon Ball Carddass Hondan Part 2 No.47 Vegeta (Prism),Dragon Ball Carddass Hondan Part 2 No.47 Vegeta (Prism),2025-12-04,google_trends,16.7
Dragon Ball Carddass Hondan Part 2 No.47 Vegeta (Prism),Dragon Ball Carddass Hondan Part 2 No.47 Vegeta (Prism),2025-12-05,google_trends,17.3
Dragon Ball Carddass Hondan Part 2 No.47 Vegeta (Prism),Dragon Ball Carddass Hondan Part 2 No.47 Vegeta (Prism),2025-12-06,google_trends,17.6
Dragon Ball Carddass Hondan Part 2 No.47 Vegeta (Prism),Dragon Ball Carddass Hondan Part 2 No.47 Vegeta (Prism),2025-12-07,google_trends,16.5
Dragon Ball Carddass Hondan Part 2 No.47 Vegeta (Prism),Dragon Ball Carddass Hondan Part 2 No.47 Vegeta (Prism),2025-12-08,google_trends,14.5
Dragon Ball Carddass Hondan Part 2 No.47 Vegeta (Prism),Dragon Ball Carddass Hondan Part 2 No.47 Vegeta (Prism),2025-12-09,google_trends,15.1
Dragon Ball Carddass Hondan Part 2 No.47 Vegeta (Prism),Dragon Ball Carddass Hondan Part 2 No.47 Vegeta (Prism),2025-12-10,google_trends,16.5
Dragon Ball Carddass Hondan Part 2 No.47 Vegeta (Prism),Dragon Ball Carddass Hondan Part 2 No.47 Vegeta (Prism),2025-12-11,google_trends,17.7
Dragon Ball Carddass Hondan Part 2 No.47 Vegeta (Prism),Dragon Ball Carddass Hondan Part 2 No.47 Vegeta (Prism),2025-12-12,google_trends,17.4
Dragon Ball Carddass Hondan Part 2 No.47 Vegeta (Prism),Dragon Ball Carddass Hondan Part 2 No.47 Vegeta (Prism),2025-12-13,google_trends,17.4
Dragon Ball Carddass Hondan Part 2 No.47 Vegeta (Prism),Dragon Ball Carddass Hondan Part 2 No.47 Vegeta (Prism),2025-12-14,google_trends,17.5
Dragon Ball Carddass Hondan Part 2 No.47 Vegeta (Prism),Dragon Ball Carddass Hondan Part 2 No.47 Vegeta (Prism),2025-12-15,google_trends,15.4
Dragon Ball Carddass Hondan Part 2 No.47 Vegeta (Prism),Dragon Ball Carddass Hondan Part 2 No.47 Vegeta (Prism),2025-12-16,google_trends,14.5
Dragon Ball Carddass Hondan Part 2 No.47 Vegeta (Prism),Dragon Ball Carddass Hondan Part 2 No.47 Vegeta (Prism),2025-12-17,google_trends,18.1
Dragon Ball Carddass Hondan Part 2 No.47 Vegeta (Prism),Dragon Ball Carddass Hondan Part 2 No.47 Vegeta (Prism),2025-12-18,google_trends,16.9
Dragon Ball Carddass Hondan Part 2 No.47 Vegeta (Prism),Dragon Ball Carddass Hondan Part 2 No.47 Vegeta (Prism),2025-12-19,google_trends,15.2
Dragon Ball Carddass Hondan Part 2 No.47 Vegeta (Prism),Dragon Ball Carddass Hondan Part 2 No.47 Vegeta (Prism),2025-12-20,google_trends,16.6
Dragon Ball Carddass Hondan Part 2 No.47 Vegeta (Prism),Dragon Ball Carddass Hondan Part 2 No.47 Vegeta (Prism),2025-12-21,google_trends,15.6
Dragon Ball Carddass Hondan Part 2 No.47 Vegeta (Prism),Dragon Ball Carddass Hondan Part 2 No.47 Vegeta (Prism),2025-12-22,google_trends,15.1
Dragon Ball Carddass Hondan Part 2 No.47 Vegeta (Prism),Dragon Ball Carddass Hondan Part 2 No.47 Vegeta (Prism),2025-12-23,google_trends,16.9
Dragon Ball Carddass Hondan Part 2 No.47 Vegeta (Prism),Dragon Ball Carddass Hondan Part 2 No.47 Vegeta (Prism),2025-12-24,google_trends,16.3
Dragon Ball Carddass Hondan Part 2 No.47 Vegeta (Prism),Dragon Ball Carddass Hondan Part 2 No.47 Vegeta (Prism),2025-12-25,google_trends,16.5
Dragon Ball Carddass Hondan Part 2 No.47 Vegeta (Prism),Dragon Ball Carddass Hondan Part 2 No.47 Vegeta (Prism),2025-12-26,google_trends,17
Dragon Ball Carddass Hondan Part 2 No.47 Vegeta (Prism),Dragon Ball Carddass Hondan Part 2 No.47 Vegeta (Prism),2025-12-27,google_trends,14.6
Dragon Ball Carddass Hondan Part 2 No.47 Vegeta (Prism),Dragon Ball Carddass Hondan Part 2 No.47 Vegeta (Prism),2025-12-28,google_trends,15
Dragon Ball Carddass Hondan Part 2 No.47 Vegeta (Prism),Dragon Ball Carddass Hondan Part 2 No.47 Vegeta (Prism),2025-12-29,google_trends,16.6
Dragon Ball Carddass Hondan Part 2 No.47 Vegeta (Prism),Dragon Ball Carddass Hondan Part 2 No.47 Vegeta (Prism),2025-12-30,google_trends,16.9
Dragon Ball Carddass Hondan Part 2 No.47 Vegeta (Prism),Dragon Ball Carddass Hondan Part 2 No.47 Vegeta (Prism),2025-12-31,google_trends,16.9
Dragon Ball Carddass Hondan Part 2 No.47 Vegeta (Prism),Dragon Ball Carddass Hondan Part 2 No.47 Vegeta (Prism),2026-01-01,google_trends,14.7
Dragon Ball Carddass Hondan Part 2 No.47 Vegeta (Prism),Dragon Ball Carddass Hondan Part 2 No.47 Vegeta (Prism),2026-01-02,google_trends,15.2
Dragon Ball Carddass Hondan Part 2 No.47 Vegeta (Prism),Dragon Ball Carddass Hondan Part 2 No.47 Vegeta (Prism),2026-01-03,google_trends,16.5
Dragon Ball Carddass Hondan Part 2 No.47 Vegeta (Prism),Dragon Ball Carddass Hondan Part 2 No.47 Vegeta (Prism),2026-01-04,google_trends,15.8
Dragon Ball Carddass Hondan Part 2 No.47 Vegeta (Prism),Dragon Ball Carddass Hondan Part 2 No.47 Vegeta (Prism),2026-01-05,google_trends,17.2
Dragon Ball Carddass Hondan Part 2 No.47 Vegeta (Prism),Dragon Ball Carddass Hondan Part 2 No.47 Vegeta (Prism),2026-01-06,google_trends,17.6
Dragon Ball Carddass Hondan Part 2 No.47 Vegeta (Prism),Dragon Ball Carddass Hondan Part 2 No.47 Vegeta (Prism),2026-01-07,google_trends,16.6
Dragon Ball Carddass Hondan Part 2 No.47 Vegeta (Prism),Dragon Ball Carddass Hondan Part 2 No.47 Vegeta (Prism),2026-01-08,google_trends,16.1
Dragon Ball Carddass Hondan Part 2 No.47 Vegeta (Prism),Dragon Ball Carddass Hondan Part 2 No.47 Vegeta (Prism),2026-01-09,google_trends,15.1
Dragon Ball Carddass Hondan Part 2 No.47 Vegeta (Prism),Dragon Ball Carddass Hondan Part 2 No.47 Vegeta (Prism),2026-01-10,google_trends,15.5
Dragon Ball Carddass Hondan Part 2 No.47 Vegeta (Prism),Dragon Ball Carddass Hondan Part 2 No.47 Vegeta (Prism),2026-01-11,google_trends,17.4
Dragon Ball Carddass Hondan Part 2 No.47 Vegeta (Prism),Dragon Ball Carddass Hondan Part 2 No.47 Vegeta (Prism),2026-01-12,google_trends,15.4
Dragon Ball Carddass Hondan Part 2 No.47 Vegeta (Prism),Dragon Ball Carddass Hondan Part 2 No.47 Vegeta (Prism),2026-01-13,google_trends,16.2
Dragon Ball Carddass Hondan Part 2 No.47 Vegeta (Prism),Dragon Ball Carddass Hondan Part 2 No.47 Vegeta (Prism),2026-01-14,google_trends,17.3
Dragon Ball Carddass Hondan Part 2 No.47 Vegeta (Prism),Dragon Ball Carddass Hondan Part 2 No.47 Vegeta (Prism),2026-01-15,google_trends,17.2
Dragon Ball Carddass Hondan Part 2 No.47 Vegeta (Prism),Dragon Ball Carddass Hondan Part 2 No.47 Vegeta (Prism),2026-01-16,google_trends,15.4
Dragon Ball Carddass Hondan Part 2 No.47 Vegeta (Prism),Dragon Ball Carddass Hondan Part 2 No.47 Vegeta (Prism),2026-01-17,google_trends,17.7
Dragon Ball Carddass Hondan Part 2 No.47 Vegeta (Prism),Dragon Ball Carddass Hondan Part 2 No.47 Vegeta (Prism),2026-01-18,google_trends,17.7
Dragon Ball Carddass Hondan Part 2 No.47 Vegeta (Prism),Dragon Ball Carddass Hondan Part 2 No.47 Vegeta (Prism),2026-01-19,google_trends,18.2
Dragon Ball Carddass Hondan Part 2 No.47 Vegeta (Prism),Dragon Ball Carddass Hondan Part 2 No.47 Vegeta (Prism),2026-01-20,google_trends,15.5
Dragon Ball Carddass Hondan Part 2 No.47 Vegeta (Prism),Dragon Ball Carddass Hondan Part 2 No.47 Vegeta (Prism),2026-01-21,google_trends,17.6
Dragon Ball Carddass Hondan Part 2 No.47 Vegeta (Prism),Dragon Ball Carddass Hondan Part 2 No.47 Vegeta (Prism),2026-01-22,google_trends,16.3
Dragon Ball Carddass Hondan Part 2 No.47 Vegeta (Prism),Dragon Ball Carddass Hondan Part 2 No.47 Vegeta (Prism),2026-01-23,google_trends,16.8
Dragon Ball Carddass Hondan Part 2 No.47 Vegeta (Prism),Dragon Ball Carddass Hondan Part 2 No.47 Vegeta (Prism),2026-01-24,google_trends,19.1
Dragon Ball Carddass Hondan Part 2 No.47 Vegeta (Prism),Dragon Ball Carddass Hondan Part 2 No.47 Vegeta (Prism),2026-01-25,google_trends,19.2
Dragon Ball Carddass Hondan Part 2 No.47 Vegeta (Prism),Dragon Ball Carddass Hondan Part 2 No.47 Vegeta (Prism),2026-01-26,google_trends,18.5
Dragon Ball Carddass Hondan Part 2 No.47 Vegeta (Prism),Dragon Ball Carddass Hondan Part 2 No.47 Vegeta (Prism),2026-01-27,google_trends,15.6
Dragon Ball Carddass Hondan Part 2 No.47 Vegeta (Prism),Dragon Ball Carddass Hondan Part 2 No.47 Vegeta (Prism),2026-01-28,google_trends,17.6
Dragon Ball Carddass Hondan Part 2 No.47 Vegeta (Prism),Dragon Ball Carddass Hondan Part 2 No.47 Vegeta (Prism),2026-01-29,google_trends,16.4
Dragon Ball Carddass Hondan Part 2 No.47 Vegeta (Prism),Dragon Ball Carddass Hondan Part 2 No.47 Vegeta (Prism),2026-01-30,google_trends,19.3
Dragon Ball Carddass Hondan Part 2 No.47 Vegeta (Prism),Dragon Ball Carddass Hondan Part 2 No.47 Vegeta (Prism),2026-01-31,google_trends,18.1
Dragon Ball Carddass Hondan Part 2 No.47 Vegeta (Prism),Dragon Ball Carddass Hondan Part 2 No.47 Vegeta (Prism),2026-02-01,google_trends,18.4
Dragon Ball Carddass Hondan Part 2 No.47 Vegeta (Prism),Dragon Ball Carddass Hondan Part 2 No.47 Vegeta (Prism),2026-02-02,google_trends,15.6
Dragon Ball Carddass Hondan Part 2 No.47 Vegeta (Prism),Dragon Ball Carddass Hondan Part 2 No.47 Vegeta (Prism),2026-02-03,google_trends,18.3
Dragon Ball Carddass Hondan Part 2 No.47 Vegeta (Prism),Dragon Ball Carddass Hondan Part 2 No.47 Vegeta (Prism),2026-02-04,google_trends,18.7
Dragon Ball Carddass Hondan Part 2 No.47 Vegeta (Prism),Dragon Ball Carddass Hondan Part 2 No.47 Vegeta (Prism),2026-02-05,google_trends,18.4
Dragon Ball Carddass Hondan Part 2 No.47 Vegeta (Prism),Dragon Ball Carddass Hondan Part 2 No.47 Vegeta (Prism),2026-02-06,google_trends,19.4
Dragon Ball Carddass Hondan Part 2 No.47 Vegeta (Prism),Dragon Ball Carddass Hondan Part 2 No.47 Vegeta (Prism),2026-02-07,google_trends,17.9
Dragon Ball Carddass Hondan Part 2 No.47 Vegeta (Prism),Dragon Ball Carddass Hondan Part 2 No.47 Vegeta (Prism),2026-02-08,google_trends,16.3
Dragon Ball Carddass Hondan Part 2 No.47 Vegeta (Prism),Dragon Ball Carddass Hondan Part 2 No.47 Vegeta (Prism),2026-02-09,google_trends,17
Dragon Ball Carddass Hondan Part 2 No.47 Vegeta (Prism),Dragon Ball Carddass Hondan Part 2 No.47 Vegeta (Prism),2026-02-10,google_trends,18.6
Dragon Ball Carddass Hondan Part 2 No.47 Vegeta (Prism),Dragon Ball Carddass Hondan Part 2 No.47 Vegeta (Prism),2026-02-11,google_trends,18.2
Dragon Ball Carddass Hondan Part 2 No.47 Vegeta (Prism),Dragon Ball Carddass Hondan Part 2 No.47 Vegeta (Prism),2026-02-12,google_trends,16.1
Dragon Ball Carddass Hondan Part 2 No.47 Vegeta (Prism),Dragon Ball Carddass Hondan Part 2 No.47 Vegeta (Prism),2026-02-13,google_trends,16.2
Dragon Ball Carddass Hondan Part 2 No.47 Vegeta (Prism),Dragon Ball Carddass Hondan Part 2 No.47 Vegeta (Prism),2026-02-14,google_trends,17.6
Dragon Ball Carddass Hondan Part 2 No.47 Vegeta (Prism),Dragon Ball Carddass Hondan Part 2 No.47 Vegeta (Prism),2026-02-15,google_trends,17.8
Dragon Ball Carddass Hondan Part 2 No.47 Vegeta (Prism),Dragon Ball Carddass Hondan Part 2 No.47 Vegeta (Prism),2026-02-16,google_trends,16.8
Dragon Ball Carddass Hondan Part 2 No.47 Vegeta (Prism),Dragon Ball Carddass Hondan Part 2 No.47 Vegeta (Prism),2026-02-17,google_trends,19.9
Dragon Ball Carddass Hondan Part 2 No.47 Vegeta (Prism),Dragon Ball Carddass Hondan Part 2 No.47 Vegeta (Prism),2026-02-18,google_trends,17.9
Dragon Ball Carddass Hondan Part 2 No.47 Vegeta (Prism),Dragon Ball Carddass Hondan Part 2 No.47 Vegeta (Prism),2026-02-19,google_trends,18.8
Dragon Ball Carddass Hondan Part 2 No.47 Vegeta (Prism),Dragon Ball Carddass Hondan Part 2 No.47 Vegeta (Prism),2026-02-20,google_trends,17
Dragon Ball Carddass Hondan Part 2 No.47 Vegeta (Prism),Dragon Ball Carddass Hondan Part 2 No.47 Vegeta (Prism),2026-02-21,google_trends,19.2
Dragon Ball Carddass Hondan Part 2 No.47 Vegeta (Prism),Dragon Ball Carddass Hondan Part 2 No.47 Vegeta (Prism),2026-02-22,google_trends,19.8
Dragon Ball Carddass Hondan Part 2 No.47 Vegeta (Prism),Dragon Ball Carddass Hondan Part 2 No.47 Vegeta (Prism),2026-02-23,google_trends,17.7
Dragon Ball Carddass Hondan Part 2 No.47 Vegeta (Prism),Dragon Ball Carddass Hondan Part 2 No.47 Vegeta (Prism),2026-02-24,google_trends,16.8
Dragon Ball Carddass Hondan Part 2 No.47 Vegeta (Prism),Dragon Ball Carddass Hondan Part 2 No.47 Vegeta (Prism),2026-02-25,google_trends,16.6
Dragon Ball Carddass Hondan Part 2 No.47 Vegeta (Prism),Dragon Ball Carddass Hondan Part 2 No.47 Vegeta (Prism),2026-02-26,google_trends,16.6
Dragon Ball Carddass Hondan Part 2 No.47 Vegeta (Prism),Dragon Ball Carddass Hondan Part 2 No.47 Vegeta (Prism),2026-02-27,google_trends,17.1
Dragon Ball Carddass Hondan Part 2 No.47 Vegeta (Prism),Dragon Ball Carddass Hondan Part 2 No.47 Vegeta (Prism),2026-02-28,google_trends,20.1
Dragon Ball Carddass Hondan Part 2 No.47 Vegeta (Prism),Dragon Ball Carddass Hondan Part 2 No.47 Vegeta (Prism),2026-03-01,google_trends,19
Dragon Ball Carddass Hondan Part 2 No.47 Vegeta (Prism),Dragon Ball Carddass Hondan Part 2 No.47 Vegeta (Prism),2026-03-02,google_trends,17
Dragon Ball Carddass Hondan Part 2 No.47 Vegeta (Prism),Dragon Ball Carddass Hondan Part 2 No.47 Vegeta (Prism),2026-03-03,google_trends,20
Dragon Ball Carddass Hondan Part 2 No.47 Vegeta (Prism),Dragon Ball Carddass Hondan Part 2 No.47 Vegeta (Prism),2026-03-04,google_trends,18.2
Dragon Ball Carddass Hondan Part 2 No.47 Vegeta (Prism),Dragon Ball Carddass Hondan Part 2 No.47 Vegeta (Prism),2026-03-05,google_trends,18.7
Dragon Ball Carddass Hondan Part 2 No.47 Vegeta (Prism),Dragon Ball Carddass Hondan Part 2 No.47 Vegeta (Prism),2026-03-06,google_trends,20.2
Dragon Ball Carddass Hondan Part 2 No.47 Vegeta (Prism),Dragon Ball Carddass Hondan Part 2 No.47 Vegeta (Prism),2026-03-07,google_trends,18.7
Dragon Ball Carddass Hondan Part 2 No.47 Vegeta (Prism),Dragon Ball Carddass Hondan Part 2 No.47 Vegeta (Prism),2026-03-08,google_trends,17.9
Dragon Ball Carddass Hondan Part 2 No.47 Vegeta (Prism),Dragon Ball Carddass Hondan Part 2 No.47 Vegeta (Prism),2026-03-09,google_trends,17.2
Dragon Ball Carddass Hondan Part 2 No.47 Vegeta (Prism),Dragon Ball Carddass Hondan Part 2 No.47 Vegeta (Prism),2026-03-10,google_trends,16.7
Dragon Ball Carddass Hondan Part 2 No.47 Vegeta (Prism),Dragon Ball Carddass Hondan Part 2 No.47 Vegeta (Prism),2026-03-11,google_trends,19.4
Dragon Ball Carddass Hondan Part 2 No.47 Vegeta (Prism),Dragon Ball Carddass Hondan Part 2 No.47 Vegeta (Prism),2026-03-12,google_trends,19.8
Dragon Ball Carddass Hondan Part 2 No.47 Vegeta (Prism),Dragon Ball Carddass Hondan Part 2 No.47 Vegeta (Prism),2026-03-13,google_trends,20.1
Dragon Ball Carddass Hondan Part 2 No.47 Vegeta (Prism),Dragon Ball Carddass Hondan Part 2 No.47 Vegeta (Prism),2026-03-14,google_trends,17.9
Dragon Ball Carddass Hondan Part 2 No.47 Vegeta (Prism),Dragon Ball Carddass Hondan Part 2 No.47 Vegeta (Prism),2026-03-15,google_trends,19.9
Dragon Ball Carddass Hondan Part 2 No.47 Vegeta (Prism),Dragon Ball Carddass Hondan Part 2 No.47 Vegeta (Prism),2026-03-16,google_trends,19.9
Dragon Ball Carddass Hondan Part 2 No.47 Vegeta (Prism),Dragon Ball Carddass Hondan Part 2 No.47 Vegeta (Prism),2026-03-17,google_trends,20
Dragon Ball Carddass Hondan Part 2 No.47 Vegeta (Prism),Dragon Ball Carddass Hondan Part 2 No.47 Vegeta (Prism),2026-03-18,google_trends,16.8
Dragon Ball Carddass Hondan Part 2 No.47 Vegeta (Prism),Dragon Ball Carddass Hondan Part 2 No.47 Vegeta (Prism),2026-03-19,google_trends,20
Dragon Ball Carddass Hondan Part 2 No.47 Vegeta (Prism),Dragon Ball Carddass Hondan Part 2 No.47 Vegeta (Prism),2026-03-20,google_trends,18.8
Dragon Ball Carddass Hondan Part 2 No.47 Vegeta (Prism),Dragon Ball Carddass Hondan Part 2 No.47 Vegeta (Prism),2026-03-21,google_trends,18.5
Dragon Ball Carddass Hondan Part 2 No.47 Vegeta (Prism),Dragon Ball Carddass Hondan Part 2 No.47 Vegeta (Prism),2026-03-22,google_trends,20.7
Dragon Ball Carddass Hondan Part 2 No.47 Vegeta (Prism),Dragon Ball Carddass Hondan Part 2 No.47 Vegeta (Prism),2026-03-23,google_trends,18.6
Dragon Ball Carddass Hondan Part 2 No.47 Vegeta (Prism),Dragon Ball Carddass Hondan Part 2 No.47 Vegeta (Prism),2026-03-24,google_trends,17.1
Dragon Ball Carddass Hondan Part 2 No.47 Vegeta (Prism),Dragon Ball Carddass Hondan Part 2 No.47 Vegeta (Prism),2026-03-25,google_trends,20.2
Dragon Ball Carddass Hondan Part 2 No.47 Vegeta (Prism),Dragon Ball Carddass Hondan Part 2 No.47 Vegeta (Prism),2026-03-26,google_trends,20.6
Dragon Ball Carddass Hondan Part 2 No.47 Vegeta (Prism),Dragon Ball Carddass Hondan Part 2 No.47 Vegeta (Prism),2026-03-27,google_trends,17.8
Dragon Ball Carddass Hondan Part 2 No.47 Vegeta (Prism),Dragon Ball Carddass Hondan Part 2 No.47 Vegeta (Prism),2026-03-28,google_trends,20.5
Dragon Ball Carddass Hondan Part 2 No.47 Vegeta (Prism),Dragon Ball Carddass Hondan Part 2 No.47 Vegeta (Prism),2026-03-29,google_trends,19.9
Dragon Ball Carddass Hondan Part 2 No.47 Vegeta (Prism),Dragon Ball Carddass Hondan Part 2 No.47 Vegeta (Prism),2026-03-30,google_trends,17.8
Dragon Ball Carddass Hondan Part 2 No.47 Vegeta (Prism),Dragon Ball Carddass Hondan Part 2 No.47 Vegeta (Prism),2026-03-31,google_trends,18
Dragon Ball Carddass Hondan Part 2 No.47 Vegeta (Prism),Dragon Ball Carddass Hondan Part 2 No.47 Vegeta (Prism),2026-04-01,google_trends,20.3
Dragon Ball Carddass Hondan Part 2 No.47 Vegeta (Prism),Dragon Ball Carddass Hondan Part 2 No.47 Vegeta (Prism),2026-04-02,google_trends,19.4
Dragon Ball Carddass Hondan Part 2 No.47 Vegeta (Prism),Dragon Ball Carddass Hondan Part 2 No.47 Vegeta (Prism),2026-04-03,google_trends,20.6
Dragon Ball Carddass Hondan Part 2 No.47 Vegeta (Prism),Dragon Ball Carddass Hondan Part 2 No.47 Vegeta (Prism),2026-04-04,google_trends,17.6
Dragon Ball Carddass Hondan Part 2 No.47 Vegeta (Prism),Dragon Ball Carddass Hondan Part 2 No.47 Vegeta (Prism),2026-04-05,google_trends,18.9
Dragon Ball Carddass Hondan Part 2 No.47 Vegeta (Prism),Dragon Ball Carddass Hondan Part 2 No.47 Vegeta (Prism),2026-04-06,google_trends,17.2
Dragon Ball Carddass Hondan Part 2 No.47 Vegeta (Prism),Dragon Ball Carddass Hondan Part 2 No.47 Vegeta (Prism),2026-04-07,google_trends,18.1
Dragon Ball Carddass Hondan Part 2 No.47 Vegeta (Prism),Dragon Ball Carddass Hondan Part 2 No.47 Vegeta (Prism),2026-04-08,google_trends,20.4
Dragon Ball Carddass Hondan Part 2 No.47 Vegeta (Prism),Dragon Ball Carddass Hondan Part 2 No.47 Vegeta (Prism),2026-04-09,google_trends,21
Dragon Ball Carddass Hondan Part 2 No.47 Vegeta (Prism),Dragon Ball Carddass Hondan Part 2 No.47 Vegeta (Prism),2026-04-10,google_trends,20.9
Dragon Ball Carddass Hondan Part 2 No.47 Vegeta (Prism),Dragon Ball Carddass Hondan Part 2 No.47 Vegeta (Prism),2026-04-11,google_trends,19.8
Dragon Ball Carddass Hondan Part 2 No.47 Vegeta (Prism),Dragon Ball Carddass Hondan Part 2 No.47 Vegeta (Prism),2026-04-12,google_trends,17.6
Dragon Ball Carddass Hondan Part 2 No.47 Vegeta (Prism),Dragon Ball Carddass Hondan Part 2 No.47 Vegeta (Prism),2026-04-13,google_trends,18.6
Dragon Ball Carddass Hondan Part 2 No.47 Vegeta (Prism),Dragon Ball Carddass Hondan Part 2 No.47 Vegeta (Prism),2026-04-14,google_trends,20.1
Dragon Ball Carddass Hondan Part 2 No.47 Vegeta (Prism),Dragon Ball Carddass Hondan Part 2 No.47 Vegeta (Prism),2026-04-15,google_trends,20.4
Dragon Ball Carddass Hondan Part 2 No.47 Vegeta (Prism),Dragon Ball Carddass Hondan Part 2 No.47 Vegeta (Prism),2026-04-16,google_trends,20.4
Dragon Ball Carddass Hondan Part 2 No.47 Vegeta (Prism),Dragon Ball Carddass Hondan Part 2 No.47 Vegeta (Prism),2026-04-17,google_trends,19.1
Dragon Ball Carddass Hondan Part 2 No.47 Vegeta (Prism),Dragon Ball Carddass Hondan Part 2 No.47 Vegeta (Prism),2026-04-18,google_trends,20.6
Dragon Ball Carddass Hondan Part 2 No.47 Vegeta (Prism),Dragon Ball Carddass Hondan Part 2 No.47 Vegeta (Prism),2026-04-19,google_trends,20.3
Dragon Ball Carddass Hondan Part 2 No.47 Vegeta (Prism),Dragon Ball Carddass Hondan Part 2 No.47 Vegeta (Prism),2026-04-20,google_trends,20.3
Dragon Ball Carddass Hondan Part 2 No.47 Vegeta (Prism),Dragon Ball Carddass Hondan Part 2 No.47 Vegeta (Prism),2026-04-21,google_trends,21
Dragon Ball Carddass Hondan Part 2 No.47 Vegeta (Prism),Dragon Ball Carddass Hondan Part 2 No.47 Vegeta (Prism),2026-04-22,google_trends,21.1
Dragon Ball Carddass Hondan Part 2 No.47 Vegeta (Prism),Dragon Ball Carddass Hondan Part 2 No.47 Vegeta (Prism),2026-04-23,google_trends,20.1
Dragon Ball Carddass Hondan Part 2 No.47 Vegeta (Prism),Dragon Ball Carddass Hondan Part 2 No.47 Vegeta (Prism),2026-04-24,google_trends,18.5
Dragon Ball Carddass Hondan Part 2 No.47 Vegeta (Prism),Dragon Ball Carddass Hondan Part 2 No.47 Vegeta (Prism),2026-04-25,google_trends,17.7
Dragon Ball Carddass Hondan Part 2 No.47 Vegeta (Prism),Dragon Ball Carddass Hondan Part 2 No.47 Vegeta (Prism),2026-04-26,google_trends,20.2
Dragon Ball Carddass Hondan Part 2 No.47 Vegeta (Prism),Dragon Ball Carddass Hondan Part 2 No.47 Vegeta (Prism),2026-04-27,google_trends,21.5
Dragon Ball Carddass Hondan Part 2 No.47 Vegeta (Prism),Dragon Ball Carddass Hondan Part 2 No.47 Vegeta (Prism),2026-04-28,google_trends,19.1
Dragon Ball Carddass Hondan Part 2 No.47 Vegeta (Prism),Dragon Ball Carddass Hondan Part 2 No.47 Vegeta (Prism),2026-04-29,google_trends,20.8
Dragon Ball Carddass Hondan Part 2 No.47 Vegeta (Prism),Dragon Ball Carddass Hondan Part 2 No.47 Vegeta (Prism),2026-04-30,google_trends,18
Dragon Ball Carddass Hondan Part 2 No.47 Vegeta (Prism),Dragon Ball Carddass Hondan Part 2 No.47 Vegeta (Prism),2026-05-01,google_trends,20
Dragon Ball Carddass Hondan Part 2 No.47 Vegeta (Prism),Dragon Ball Carddass Hondan Part 2 No.47 Vegeta (Prism),2026-05-02,google_trends,20
Dragon Ball Carddass Hondan Part 2 No.47 Vegeta (Prism),Dragon Ball Carddass Hondan Part 2 No.47 Vegeta (Prism),2026-05-03,google_trends,17.9
Dragon Ball Carddass Hondan Part 2 No.47 Vegeta (Prism),Dragon Ball Carddass Hondan Part 2 No.47 Vegeta (Prism),2026-05-04,google_trends,20.9
Dragon Ball Carddass Hondan Part 2 No.47 Vegeta (Prism),Dragon Ball Carddass Hondan Part 2 No.47 Vegeta (Prism),2026-05-05,google_trends,19
Dragon Ball Carddass Hondan Part 2 No.47 Vegeta (Prism),Dragon Ball Carddass Hondan Part 2 No.47 Vegeta (Prism),2026-05-06,google_trends,18.4
Dragon Ball Carddass Hondan Part 2 No.47 Vegeta (Prism),Dragon Ball Carddass Hondan Part 2 No.47 Vegeta (Prism),2026-05-07,google_trends,18.3
Dragon Ball Carddass Hondan Part 2 No.47 Vegeta (Prism),Dragon Ball Carddass Hondan Part 2 No.47 Vegeta (Prism),2026-05-08,google_trends,20.6
Dragon Ball Carddass Hondan Part 2 No.47 Vegeta (Prism),Dragon Ball Carddass Hondan Part 2 No.47 Vegeta (Prism),2026-05-09,google_trends,20.9
Dragon Ball Carddass Hondan Part 2 No.47 Vegeta (Prism),Dragon Ball Carddass Hondan Part 2 No.47 Vegeta (Prism),2026-05-10,google_trends,20.2
Dragon Ball Carddass Hondan Part 2 No.47 Vegeta (Prism),Dragon Ball Carddass Hondan Part 2 No.47 Vegeta (Prism),2026-05-11,google_trends,21.1
Dragon Ball Carddass Hondan Part 2 No.47 Vegeta (Prism),Dragon Ball Carddass Hondan Part 2 No.47 Vegeta (Prism),2026-05-12,google_trends,21.5
Dragon Ball Carddass Hondan Part 2 No.47 Vegeta (Prism),Dragon Ball Carddass Hondan Part 2 No.47 Vegeta (Prism),2026-05-13,google_trends,19.4
Dragon Ball Carddass Hondan Part 2 No.47 Vegeta (Prism),Dragon Ball Carddass Hondan Part 2 No.47 Vegeta (Prism),2026-05-14,google_trends,20
Dragon Ball Carddass Hondan Part 2 No.47 Vegeta (Prism),Dragon Ball Carddass Hondan Part 2 No.47 Vegeta (Prism),2026-05-15,google_trends,18.3
Dragon Ball Carddass Hondan Part 2 No.47 Vegeta (Prism),Dragon Ball Carddass Hondan Part 2 No.47 Vegeta (Prism),2026-05-16,google_trends,21.8
Dragon Ball Carddass Hondan Part 2 No.47 Vegeta (Prism),Dragon Ball Carddass Hondan Part 2 No.47 Vegeta (Prism),2026-05-17,google_trends,18.7
Dragon Ball Carddass Hondan Part 2 No.47 Vegeta (Prism),Dragon Ball Carddass Hondan Part 2 No.47 Vegeta (Prism),2026-05-18,google_trends,21.3
Dragon Ball Carddass Hondan Part 2 No.47 Vegeta (Prism),Dragon Ball Carddass Hondan Part 2 No.47 Vegeta (Prism),2026-05-19,google_trends,19.9
Dragon Ball Carddass Hondan Part 2 No.47 Vegeta (Prism),Dragon Ball Carddass Hondan Part 2 No.47 Vegeta (Prism),2026-05-20,google_trends,19.3
Dragon Ball Carddass Hondan Part 2 No.47 Vegeta (Prism),Dragon Ball Carddass Hondan Part 2 No.47 Vegeta (Prism),2026-05-21,google_trends,21.5
Dragon Ball Carddass Hondan Part 2 No.47 Vegeta (Prism),Dragon Ball Carddass Hondan Part 2 No.47 Vegeta (Prism),2026-05-22,google_trends,21.1
Dragon Ball Carddass Hondan Part 2 No.47 Vegeta (Prism),Dragon Ball Carddass Hondan Part 2 No.47 Vegeta (Prism),2026-05-23,google_trends,22.2
Dragon Ball Carddass Hondan Part 2 No.47 Vegeta (Prism),Dragon Ball Carddass Hondan Part 2 No.47 Vegeta (Prism),2026-05-24,google_trends,20.1
Dragon Ball Carddass Hondan Part 2 No.47 Vegeta (Prism),Dragon Ball Carddass Hondan Part 2 No.47 Vegeta (Prism),2026-05-25,google_trends,22
Dragon Ball Carddass Hondan Part 2 No.47 Vegeta (Prism),Dragon Ball Carddass Hondan Part 2 No.47 Vegeta (Prism),2026-05-26,google_trends,19.4
Dragon Ball Carddass Hondan Part 2 No.47 Vegeta (Prism),Dragon Ball Carddass Hondan Part 2 No.47 Vegeta (Prism),2026-05-27,google_trends,19.8
Dragon Ball Carddass Hondan Part 2 No.47 Vegeta (Prism),Dragon Ball Carddass Hondan Part 2 No.47 Vegeta (Prism),2026-05-28,google_trends,20.1
Dragon Ball Carddass Hondan Part 2 No.47 Vegeta (Prism),Dragon Ball Carddass Hondan Part 2 No.47 Vegeta (Prism),2026-05-29,google_trends,22.3
Dragon Ball Carddass Hondan Part 2 No.47 Vegeta (Prism),Dragon Ball Carddass Hondan Part 2 No.47 Vegeta (Prism),2026-05-30,google_trends,19.6
Dragon Ball Carddass Hondan Part 2 No.47 Vegeta (Prism),Dragon Ball Carddass Hondan Part 2 No.47 Vegeta (Prism),2026-05-31,google_trends,21.6
Dragon Ball Carddass Hondan Part 2 No.47 Vegeta (Prism),Dragon Ball Carddass Hondan Part 2 No.47 Vegeta (Prism),2026-06-01,google_trends,21.3
Dragon Ball Carddass Hondan Part 2 No.47 Vegeta (Prism),Dragon Ball Carddass Hondan Part 2 No.47 Vegeta (Prism),2026-06-02,google_trends,20.7
Dragon Ball Carddass Hondan Part 2 No.47 Vegeta (Prism),Dragon Ball Carddass Hondan Part 2 No.47 Vegeta (Prism),2026-06-03,google_trends,22
Dragon Ball Carddass Hondan Part 2 No.47 Vegeta (Prism),Dragon Ball Carddass Hondan Part 2 No.47 Vegeta (Prism),2026-06-04,google_trends,21.3
Dragon Ball Carddass Hondan Part 2 No.47 Vegeta (Prism),Dragon Ball Carddass Hondan Part 2 No.47 Vegeta (Prism),2026-06-05,google_trends,22.2
Dragon Ball Carddass Hondan Part 2 No.47 Vegeta (Prism),Dragon Ball Carddass Hondan Part 2 No.47 Vegeta (Prism),2026-06-06,google_trends,21.7
Dragon Ball Carddass Hondan Part 2 No.47 Vegeta (Prism),Dragon Ball Carddass Hondan Part 2 No.47 Vegeta (Prism),2026-06-07,google_trends,22.7
Dragon Ball Carddass Hondan Part 2 No.47 Vegeta (Prism),Dragon Ball Carddass Hondan Part 2 No.47 Vegeta (Prism),2026-06-08,google_trends,21.5
Dragon Ball Carddass Hondan Part 2 No.47 Vegeta (Prism),Dragon Ball Carddass Hondan Part 2 No.47 Vegeta (Prism),2026-06-09,google_trends,19.7
Dragon Ball Carddass Hondan Part 2 No.47 Vegeta (Prism),Dragon Ball Carddass Hondan Part 2 No.47 Vegeta (Prism),2026-06-10,google_trends,19.6
Dragon Ball Carddass Hondan Part 2 No.47 Vegeta (Prism),Dragon Ball Carddass Hondan Part 2 No.47 Vegeta (Prism),2026-06-11,google_trends,21.7
Dragon Ball Carddass Hondan Part 2 No.47 Vegeta (Prism),Dragon Ball Carddass Hondan Part 2 No.47 Vegeta (Prism),2026-06-12,google_trends,19.7
Dragon Ball Carddass Hondan Part 2 No.47 Vegeta (Prism),Dragon Ball Carddass Hondan Part 2 No.47 Vegeta (Prism),2026-06-13,google_trends,22.2
Dragon Ball Carddass Hondan Part 2 No.47 Vegeta (Prism),Dragon Ball Carddass Hondan Part 2 No.47 Vegeta (Prism),2026-06-14,google_trends,19
Dragon Ball Carddass Hondan Part 2 No.47 Vegeta (Prism),Dragon Ball Carddass Hondan Part 2 No.47 Vegeta (Prism),2026-06-15,google_trends,22.2
Dragon Ball Carddass Hondan Part 2 No.47 Vegeta (Prism),Dragon Ball Carddass Hondan Part 2 No.47 Vegeta (Prism),2026-06-16,google_trends,21.2
Dragon Ball Carddass Hondan Part 2 No.47 Vegeta (Prism),Dragon Ball Carddass Hondan Part 2 No.47 Vegeta (Prism),2026-06-17,google_trends,22.3
Dragon Ball Carddass Hondan Part 2 No.47 Vegeta (Prism),Dragon Ball Carddass Hondan Part 2 No.47 Vegeta (Prism),2026-06-18,google_trends,20.9
Dragon Ball Carddass Hondan Part 2 No.47 Vegeta (Prism),Dragon Ball Carddass Hondan Part 2 No.47 Vegeta (Prism),2026-06-19,google_trends,22.9
Dragon Ball Carddass Hondan Part 2 No.47 Vegeta (Prism),Dragon Ball Carddass Hondan Part 2 No.47 Vegeta (Prism),2026-06-20,google_trends,20
Dragon Ball Carddass Hondan Part 2 No.47 Vegeta (Prism),Dragon Ball Carddass Hondan Part 2 No.47 Vegeta (Prism),2026-06-21,google_trends,22.3
Dragon Ball Carddass Hondan Part 2 No.47 Vegeta (Prism),Dragon Ball Carddass Hondan Part 2 No.47 Vegeta (Prism),2026-06-22,google_trends,19.9
Dragon Ball Carddass Hondan Part 2 No.47 Vegeta (Prism),Dragon Ball Carddass Hondan Part 2 No.47 Vegeta (Prism),2026-06-23,google_trends,21.9
Dragon Ball Carddass Hondan Part 2 No.47 Vegeta (Prism),Dragon Ball Carddass Hondan Part 2 No.47 Vegeta (Prism),2026-06-24,google_trends,21
Dragon Ball Carddass Hondan Part 2 No.47 Vegeta (Prism),Dragon Ball Carddass Hondan Part 2 No.47 Vegeta (Prism),2026-06-25,google_trends,20.7
Dragon Ball Carddass Hondan Part 2 No.47 Vegeta (Prism),Dragon Ball Carddass Hondan Part 2 No.47 Vegeta (Prism),2026-06-26,google_trends,21.2
Dragon Ball Carddass Hondan Part 2 No.47 Vegeta (Prism),Dragon Ball Carddass Hondan Part 2 No.47 Vegeta (Prism),2026-06-27,google_trends,19.4
Dragon Ball Carddass Hondan Part 2 No.47 Vegeta (Prism),Dragon Ball Carddass Hondan Part 2 No.47 Vegeta (Prism),2026-06-28,google_trends,21.1
Dragon Ball Carddass Hondan Part 2 No.47 Vegeta (Prism),Dragon Ball Carddass Hondan Part 2 No.47 Vegeta (Prism),2026-06-29,google_trends,21.7
Dragon Ball Carddass Hondan Part 2 No.47 Vegeta (Prism),Dragon Ball Carddass Hondan Part 2 No.47 Vegeta (Prism),2026-06-30,google_trends,21.5
Dragon Ball Carddass Hondan Part 2 No.47 Vegeta (Prism),Dragon Ball Carddass Hondan Part 2 No.47 Vegeta (Prism),2026-07-01,google_trends,21.5
Dragon Ball Carddass Hondan Part 2 No.47 Vegeta (Prism),Dragon Ball Carddass Hondan Part 2 No.47 Vegeta (Prism),2026-07-02,google_trends,23.1
Dragon Ball Carddass Hondan Part 2 No.47 Vegeta (Prism),Dragon Ball Carddass Hondan Part 2 No.47 Vegeta (Prism),2026-07-03,google_trends,21.8
Dragon Ball Carddass Hondan Part 2 No.47 Vegeta (Prism),Dragon Ball Carddass Hondan Part 2 No.47 Vegeta (Prism),2026-07-04,google_trends,22.3
Dragon Ball Carddass Hondan Part 2 No.47 Vegeta (Prism),Dragon Ball Carddass Hondan Part 2 No.47 Vegeta (Prism),2026-07-05,google_trends,22.6
Dragon Ball Carddass Hondan Part 2 No.47 Vegeta (Prism),Dragon Ball Carddass Hondan Part 2 No.47 Vegeta (Prism),2026-07-06,google_trends,22.4
Dragon Ball Carddass Hondan Part 2 No.47 Vegeta (Prism),Dragon Ball Carddass Hondan Part 2 No.47 Vegeta (Prism),2026-07-07,google_trends,21.1
Dragon Ball Carddass Hondan Part 2 No.47 Vegeta (Prism),Dragon Ball Carddass Hondan Part 2 No.47 Vegeta (Prism),2026-07-08,google_trends,22.9
Dragon Ball Carddass Hondan Part 2 No.47 Vegeta (Prism),Dragon Ball Carddass Hondan Part 2 No.47 Vegeta (Prism),2026-07-09,google_trends,22.6
Dragon Ball Carddass Hondan Part 2 No.47 Vegeta (Prism),Dragon Ball Carddass Hondan Part 2 No.47 Vegeta (Prism),2026-07-10,google_trends,22.4
Dragon Ball Carddass Hondan Part 2 No.47 Vegeta (Prism),Dragon Ball Carddass Hondan Part 2 No.47 Vegeta (Prism),2026-07-11,google_trends,23.2
Dragon Ball Carddass Hondan Part 2 No.47 Vegeta (Prism),Dragon Ball Carddass Hondan Part 2 No.47 Vegeta (Prism),2026-07-12,google_trends,23.5
Dragon Ball Carddass Hondan Part 2 No.47 Vegeta (Prism),Dragon Ball Carddass Hondan Part 2 No.47 Vegeta (Prism),2026-07-13,google_trends,21.8
Dragon Ball Carddass Hondan Part 2 No.47 Vegeta (Prism),Dragon Ball Carddass Hondan Part 2 No.47 Vegeta (Prism),2026-07-14,google_trends,22
Dragon Ball Carddass Hondan Part 2 No.47 Vegeta (Prism),Dragon Ball Carddass Hondan Part 2 No.47 Vegeta (Prism),2026-07-15,google_trends,20.7
Dragon Ball Carddass Hondan Part 2 No.47 Vegeta (Prism),Dragon Ball Carddass Hondan Part 2 No.47 Vegeta (Prism),2026-07-16,google_trends,21.5
Dragon Ball Carddass Hondan Part 2 No.47 Vegeta (Prism),Dragon Ball Carddass Hondan Part 2 No.47 Vegeta (Prism),2026-07-17,google_trends,22.6
Dragon Ball Carddass Hondan Part 2 No.47 Vegeta (Prism),Dragon Ball Carddass Hondan Part 2 No.47 Vegeta (Prism),2026-07-18,google_trends,23.5
Dragon Ball Carddass Hondan Part 2 No.47 Vegeta (Prism),Dragon Ball Carddass Hondan Part 2 No.47 Vegeta (Prism),2026-07-19,google_trends,20.5
Dragon Ball Carddass Hondan Part 2 No.47 Vegeta (Prism),Dragon Ball Carddass Hondan Part 2 No.47 Vegeta (Prism),2026-07-20,google_trends,20.4
Dragon Ball Carddass Hondan Part 2 No.47 Vegeta (Prism),Dragon Ball Carddass Hondan Part 2 No.47 Vegeta (Prism),2026-07-21,google_trends,21.9
Dragon Ball Carddass Hondan Part 2 No.47 Vegeta (Prism),Dragon Ball Carddass Hondan Part 2 No.47 Vegeta (Prism),2026-07-22,google_trends,23.3
Dragon Ball Carddass Hondan Part 2 No.47 Vegeta (Prism),Dragon Ball Carddass Hondan Part 2 No.47 Vegeta (Prism),2026-07-23,google_trends,21.2
Dragon Ball Carddass Hondan Part 2 No.47 Vegeta (Prism),Dragon Ball Carddass Hondan Part 2 No.47 Vegeta (Prism),2026-07-24,google_trends,21.3
Dragon Ball Carddass Hondan Part 2 No.47 Vegeta (Prism),Dragon Ball Carddass Hondan Part 2 No.47 Vegeta (Prism),2026-07-25,google_trends,23.2
Dragon Ball Carddass Hondan Part 3 No.100 Frieza (Prism),Dragon Ball Carddass Hondan Part 3 No.100 Frieza (Prism),2025-10-29,google_trends,16.3
Dragon Ball Carddass Hondan Part 3 No.100 Frieza (Prism),Dragon Ball Carddass Hondan Part 3 No.100 Frieza (Prism),2025-10-30,google_trends,17.9
Dragon Ball Carddass Hondan Part 3 No.100 Frieza (Prism),Dragon Ball Carddass Hondan Part 3 No.100 Frieza (Prism),2025-10-31,google_trends,18.3
Dragon Ball Carddass Hondan Part 3 No.100 Frieza (Prism),Dragon Ball Carddass Hondan Part 3 No.100 Frieza (Prism),2025-11-01,google_trends,18
Dragon Ball Carddass Hondan Part 3 No.100 Frieza (Prism),Dragon Ball Carddass Hondan Part 3 No.100 Frieza (Prism),2025-11-02,google_trends,18.5
Dragon Ball Carddass Hondan Part 3 No.100 Frieza (Prism),Dragon Ball Carddass Hondan Part 3 No.100 Frieza (Prism),2025-11-03,google_trends,17.4
Dragon Ball Carddass Hondan Part 3 No.100 Frieza (Prism),Dragon Ball Carddass Hondan Part 3 No.100 Frieza (Prism),2025-11-04,google_trends,16.9
Dragon Ball Carddass Hondan Part 3 No.100 Frieza (Prism),Dragon Ball Carddass Hondan Part 3 No.100 Frieza (Prism),2025-11-05,google_trends,16.2
Dragon Ball Carddass Hondan Part 3 No.100 Frieza (Prism),Dragon Ball Carddass Hondan Part 3 No.100 Frieza (Prism),2025-11-06,google_trends,15.8
Dragon Ball Carddass Hondan Part 3 No.100 Frieza (Prism),Dragon Ball Carddass Hondan Part 3 No.100 Frieza (Prism),2025-11-07,google_trends,15.4
Dragon Ball Carddass Hondan Part 3 No.100 Frieza (Prism),Dragon Ball Carddass Hondan Part 3 No.100 Frieza (Prism),2025-11-08,google_trends,17.1
Dragon Ball Carddass Hondan Part 3 No.100 Frieza (Prism),Dragon Ball Carddass Hondan Part 3 No.100 Frieza (Prism),2025-11-09,google_trends,18.9
Dragon Ball Carddass Hondan Part 3 No.100 Frieza (Prism),Dragon Ball Carddass Hondan Part 3 No.100 Frieza (Prism),2025-11-10,google_trends,15.9
Dragon Ball Carddass Hondan Part 3 No.100 Frieza (Prism),Dragon Ball Carddass Hondan Part 3 No.100 Frieza (Prism),2025-11-11,google_trends,16.3
Dragon Ball Carddass Hondan Part 3 No.100 Frieza (Prism),Dragon Ball Carddass Hondan Part 3 No.100 Frieza (Prism),2025-11-12,google_trends,18.1
Dragon Ball Carddass Hondan Part 3 No.100 Frieza (Prism),Dragon Ball Carddass Hondan Part 3 No.100 Frieza (Prism),2025-11-13,google_trends,18.7
Dragon Ball Carddass Hondan Part 3 No.100 Frieza (Prism),Dragon Ball Carddass Hondan Part 3 No.100 Frieza (Prism),2025-11-14,google_trends,15.6
Dragon Ball Carddass Hondan Part 3 No.100 Frieza (Prism),Dragon Ball Carddass Hondan Part 3 No.100 Frieza (Prism),2025-11-15,google_trends,16
Dragon Ball Carddass Hondan Part 3 No.100 Frieza (Prism),Dragon Ball Carddass Hondan Part 3 No.100 Frieza (Prism),2025-11-16,google_trends,17.3
Dragon Ball Carddass Hondan Part 3 No.100 Frieza (Prism),Dragon Ball Carddass Hondan Part 3 No.100 Frieza (Prism),2025-11-17,google_trends,17.9
Dragon Ball Carddass Hondan Part 3 No.100 Frieza (Prism),Dragon Ball Carddass Hondan Part 3 No.100 Frieza (Prism),2025-11-18,google_trends,16.3
Dragon Ball Carddass Hondan Part 3 No.100 Frieza (Prism),Dragon Ball Carddass Hondan Part 3 No.100 Frieza (Prism),2025-11-19,google_trends,18.9
Dragon Ball Carddass Hondan Part 3 No.100 Frieza (Prism),Dragon Ball Carddass Hondan Part 3 No.100 Frieza (Prism),2025-11-20,google_trends,16.3
Dragon Ball Carddass Hondan Part 3 No.100 Frieza (Prism),Dragon Ball Carddass Hondan Part 3 No.100 Frieza (Prism),2025-11-21,google_trends,17.1
Dragon Ball Carddass Hondan Part 3 No.100 Frieza (Prism),Dragon Ball Carddass Hondan Part 3 No.100 Frieza (Prism),2025-11-22,google_trends,16.1
Dragon Ball Carddass Hondan Part 3 No.100 Frieza (Prism),Dragon Ball Carddass Hondan Part 3 No.100 Frieza (Prism),2025-11-23,google_trends,16
Dragon Ball Carddass Hondan Part 3 No.100 Frieza (Prism),Dragon Ball Carddass Hondan Part 3 No.100 Frieza (Prism),2025-11-24,google_trends,16.6
Dragon Ball Carddass Hondan Part 3 No.100 Frieza (Prism),Dragon Ball Carddass Hondan Part 3 No.100 Frieza (Prism),2025-11-25,google_trends,17.7
Dragon Ball Carddass Hondan Part 3 No.100 Frieza (Prism),Dragon Ball Carddass Hondan Part 3 No.100 Frieza (Prism),2025-11-26,google_trends,16.4
Dragon Ball Carddass Hondan Part 3 No.100 Frieza (Prism),Dragon Ball Carddass Hondan Part 3 No.100 Frieza (Prism),2025-11-27,google_trends,18.3
Dragon Ball Carddass Hondan Part 3 No.100 Frieza (Prism),Dragon Ball Carddass Hondan Part 3 No.100 Frieza (Prism),2025-11-28,google_trends,15.7
Dragon Ball Carddass Hondan Part 3 No.100 Frieza (Prism),Dragon Ball Carddass Hondan Part 3 No.100 Frieza (Prism),2025-11-29,google_trends,15.2
Dragon Ball Carddass Hondan Part 3 No.100 Frieza (Prism),Dragon Ball Carddass Hondan Part 3 No.100 Frieza (Prism),2025-11-30,google_trends,15.1
Dragon Ball Carddass Hondan Part 3 No.100 Frieza (Prism),Dragon Ball Carddass Hondan Part 3 No.100 Frieza (Prism),2025-12-01,google_trends,16.7
Dragon Ball Carddass Hondan Part 3 No.100 Frieza (Prism),Dragon Ball Carddass Hondan Part 3 No.100 Frieza (Prism),2025-12-02,google_trends,16.2
Dragon Ball Carddass Hondan Part 3 No.100 Frieza (Prism),Dragon Ball Carddass Hondan Part 3 No.100 Frieza (Prism),2025-12-03,google_trends,16
Dragon Ball Carddass Hondan Part 3 No.100 Frieza (Prism),Dragon Ball Carddass Hondan Part 3 No.100 Frieza (Prism),2025-12-04,google_trends,16.3
Dragon Ball Carddass Hondan Part 3 No.100 Frieza (Prism),Dragon Ball Carddass Hondan Part 3 No.100 Frieza (Prism),2025-12-05,google_trends,18.9
Dragon Ball Carddass Hondan Part 3 No.100 Frieza (Prism),Dragon Ball Carddass Hondan Part 3 No.100 Frieza (Prism),2025-12-06,google_trends,18.3
Dragon Ball Carddass Hondan Part 3 No.100 Frieza (Prism),Dragon Ball Carddass Hondan Part 3 No.100 Frieza (Prism),2025-12-07,google_trends,16.4
Dragon Ball Carddass Hondan Part 3 No.100 Frieza (Prism),Dragon Ball Carddass Hondan Part 3 No.100 Frieza (Prism),2025-12-08,google_trends,17.9
Dragon Ball Carddass Hondan Part 3 No.100 Frieza (Prism),Dragon Ball Carddass Hondan Part 3 No.100 Frieza (Prism),2025-12-09,google_trends,18
Dragon Ball Carddass Hondan Part 3 No.100 Frieza (Prism),Dragon Ball Carddass Hondan Part 3 No.100 Frieza (Prism),2025-12-10,google_trends,17.3
Dragon Ball Carddass Hondan Part 3 No.100 Frieza (Prism),Dragon Ball Carddass Hondan Part 3 No.100 Frieza (Prism),2025-12-11,google_trends,18.2
Dragon Ball Carddass Hondan Part 3 No.100 Frieza (Prism),Dragon Ball Carddass Hondan Part 3 No.100 Frieza (Prism),2025-12-12,google_trends,18.6
Dragon Ball Carddass Hondan Part 3 No.100 Frieza (Prism),Dragon Ball Carddass Hondan Part 3 No.100 Frieza (Prism),2025-12-13,google_trends,16.6
Dragon Ball Carddass Hondan Part 3 No.100 Frieza (Prism),Dragon Ball Carddass Hondan Part 3 No.100 Frieza (Prism),2025-12-14,google_trends,15.4
Dragon Ball Carddass Hondan Part 3 No.100 Frieza (Prism),Dragon Ball Carddass Hondan Part 3 No.100 Frieza (Prism),2025-12-15,google_trends,15.3
Dragon Ball Carddass Hondan Part 3 No.100 Frieza (Prism),Dragon Ball Carddass Hondan Part 3 No.100 Frieza (Prism),2025-12-16,google_trends,15.5
Dragon Ball Carddass Hondan Part 3 No.100 Frieza (Prism),Dragon Ball Carddass Hondan Part 3 No.100 Frieza (Prism),2025-12-17,google_trends,18.8
Dragon Ball Carddass Hondan Part 3 No.100 Frieza (Prism),Dragon Ball Carddass Hondan Part 3 No.100 Frieza (Prism),2025-12-18,google_trends,15.8
Dragon Ball Carddass Hondan Part 3 No.100 Frieza (Prism),Dragon Ball Carddass Hondan Part 3 No.100 Frieza (Prism),2025-12-19,google_trends,16.7
Dragon Ball Carddass Hondan Part 3 No.100 Frieza (Prism),Dragon Ball Carddass Hondan Part 3 No.100 Frieza (Prism),2025-12-20,google_trends,17.4
Dragon Ball Carddass Hondan Part 3 No.100 Frieza (Prism),Dragon Ball Carddass Hondan Part 3 No.100 Frieza (Prism),2025-12-21,google_trends,15.3
Dragon Ball Carddass Hondan Part 3 No.100 Frieza (Prism),Dragon Ball Carddass Hondan Part 3 No.100 Frieza (Prism),2025-12-22,google_trends,18.1
Dragon Ball Carddass Hondan Part 3 No.100 Frieza (Prism),Dragon Ball Carddass Hondan Part 3 No.100 Frieza (Prism),2025-12-23,google_trends,15.1
Dragon Ball Carddass Hondan Part 3 No.100 Frieza (Prism),Dragon Ball Carddass Hondan Part 3 No.100 Frieza (Prism),2025-12-24,google_trends,17.3
Dragon Ball Carddass Hondan Part 3 No.100 Frieza (Prism),Dragon Ball Carddass Hondan Part 3 No.100 Frieza (Prism),2025-12-25,google_trends,18
Dragon Ball Carddass Hondan Part 3 No.100 Frieza (Prism),Dragon Ball Carddass Hondan Part 3 No.100 Frieza (Prism),2025-12-26,google_trends,15.5
Dragon Ball Carddass Hondan Part 3 No.100 Frieza (Prism),Dragon Ball Carddass Hondan Part 3 No.100 Frieza (Prism),2025-12-27,google_trends,15
Dragon Ball Carddass Hondan Part 3 No.100 Frieza (Prism),Dragon Ball Carddass Hondan Part 3 No.100 Frieza (Prism),2025-12-28,google_trends,17.3
Dragon Ball Carddass Hondan Part 3 No.100 Frieza (Prism),Dragon Ball Carddass Hondan Part 3 No.100 Frieza (Prism),2025-12-29,google_trends,18.2
Dragon Ball Carddass Hondan Part 3 No.100 Frieza (Prism),Dragon Ball Carddass Hondan Part 3 No.100 Frieza (Prism),2025-12-30,google_trends,15.8
Dragon Ball Carddass Hondan Part 3 No.100 Frieza (Prism),Dragon Ball Carddass Hondan Part 3 No.100 Frieza (Prism),2025-12-31,google_trends,15.6
Dragon Ball Carddass Hondan Part 3 No.100 Frieza (Prism),Dragon Ball Carddass Hondan Part 3 No.100 Frieza (Prism),2026-01-01,google_trends,17.2
Dragon Ball Carddass Hondan Part 3 No.100 Frieza (Prism),Dragon Ball Carddass Hondan Part 3 No.100 Frieza (Prism),2026-01-02,google_trends,18.9
Dragon Ball Carddass Hondan Part 3 No.100 Frieza (Prism),Dragon Ball Carddass Hondan Part 3 No.100 Frieza (Prism),2026-01-03,google_trends,17.5
Dragon Ball Carddass Hondan Part 3 No.100 Frieza (Prism),Dragon Ball Carddass Hondan Part 3 No.100 Frieza (Prism),2026-01-04,google_trends,18.9
Dragon Ball Carddass Hondan Part 3 No.100 Frieza (Prism),Dragon Ball Carddass Hondan Part 3 No.100 Frieza (Prism),2026-01-05,google_trends,18.2
Dragon Ball Carddass Hondan Part 3 No.100 Frieza (Prism),Dragon Ball Carddass Hondan Part 3 No.100 Frieza (Prism),2026-01-06,google_trends,15.3
Dragon Ball Carddass Hondan Part 3 No.100 Frieza (Prism),Dragon Ball Carddass Hondan Part 3 No.100 Frieza (Prism),2026-01-07,google_trends,15.9
Dragon Ball Carddass Hondan Part 3 No.100 Frieza (Prism),Dragon Ball Carddass Hondan Part 3 No.100 Frieza (Prism),2026-01-08,google_trends,16.2
Dragon Ball Carddass Hondan Part 3 No.100 Frieza (Prism),Dragon Ball Carddass Hondan Part 3 No.100 Frieza (Prism),2026-01-09,google_trends,16.6
Dragon Ball Carddass Hondan Part 3 No.100 Frieza (Prism),Dragon Ball Carddass Hondan Part 3 No.100 Frieza (Prism),2026-01-10,google_trends,17.1
Dragon Ball Carddass Hondan Part 3 No.100 Frieza (Prism),Dragon Ball Carddass Hondan Part 3 No.100 Frieza (Prism),2026-01-11,google_trends,17.3
Dragon Ball Carddass Hondan Part 3 No.100 Frieza (Prism),Dragon Ball Carddass Hondan Part 3 No.100 Frieza (Prism),2026-01-12,google_trends,17.5
Dragon Ball Carddass Hondan Part 3 No.100 Frieza (Prism),Dragon Ball Carddass Hondan Part 3 No.100 Frieza (Prism),2026-01-13,google_trends,16.8
Dragon Ball Carddass Hondan Part 3 No.100 Frieza (Prism),Dragon Ball Carddass Hondan Part 3 No.100 Frieza (Prism),2026-01-14,google_trends,18.8
Dragon Ball Carddass Hondan Part 3 No.100 Frieza (Prism),Dragon Ball Carddass Hondan Part 3 No.100 Frieza (Prism),2026-01-15,google_trends,17.2
Dragon Ball Carddass Hondan Part 3 No.100 Frieza (Prism),Dragon Ball Carddass Hondan Part 3 No.100 Frieza (Prism),2026-01-16,google_trends,15
Dragon Ball Carddass Hondan Part 3 No.100 Frieza (Prism),Dragon Ball Carddass Hondan Part 3 No.100 Frieza (Prism),2026-01-17,google_trends,16.6
Dragon Ball Carddass Hondan Part 3 No.100 Frieza (Prism),Dragon Ball Carddass Hondan Part 3 No.100 Frieza (Prism),2026-01-18,google_trends,15.4
Dragon Ball Carddass Hondan Part 3 No.100 Frieza (Prism),Dragon Ball Carddass Hondan Part 3 No.100 Frieza (Prism),2026-01-19,google_trends,17
Dragon Ball Carddass Hondan Part 3 No.100 Frieza (Prism),Dragon Ball Carddass Hondan Part 3 No.100 Frieza (Prism),2026-01-20,google_trends,17.9
Dragon Ball Carddass Hondan Part 3 No.100 Frieza (Prism),Dragon Ball Carddass Hondan Part 3 No.100 Frieza (Prism),2026-01-21,google_trends,16.3
Dragon Ball Carddass Hondan Part 3 No.100 Frieza (Prism),Dragon Ball Carddass Hondan Part 3 No.100 Frieza (Prism),2026-01-22,google_trends,16.7
Dragon Ball Carddass Hondan Part 3 No.100 Frieza (Prism),Dragon Ball Carddass Hondan Part 3 No.100 Frieza (Prism),2026-01-23,google_trends,17.4
Dragon Ball Carddass Hondan Part 3 No.100 Frieza (Prism),Dragon Ball Carddass Hondan Part 3 No.100 Frieza (Prism),2026-01-24,google_trends,17.3
Dragon Ball Carddass Hondan Part 3 No.100 Frieza (Prism),Dragon Ball Carddass Hondan Part 3 No.100 Frieza (Prism),2026-01-25,google_trends,15
Dragon Ball Carddass Hondan Part 3 No.100 Frieza (Prism),Dragon Ball Carddass Hondan Part 3 No.100 Frieza (Prism),2026-01-26,google_trends,17.4
Dragon Ball Carddass Hondan Part 3 No.100 Frieza (Prism),Dragon Ball Carddass Hondan Part 3 No.100 Frieza (Prism),2026-01-27,google_trends,18.2
Dragon Ball Carddass Hondan Part 3 No.100 Frieza (Prism),Dragon Ball Carddass Hondan Part 3 No.100 Frieza (Prism),2026-01-28,google_trends,16.8
Dragon Ball Carddass Hondan Part 3 No.100 Frieza (Prism),Dragon Ball Carddass Hondan Part 3 No.100 Frieza (Prism),2026-01-29,google_trends,15.6
Dragon Ball Carddass Hondan Part 3 No.100 Frieza (Prism),Dragon Ball Carddass Hondan Part 3 No.100 Frieza (Prism),2026-01-30,google_trends,17.2
Dragon Ball Carddass Hondan Part 3 No.100 Frieza (Prism),Dragon Ball Carddass Hondan Part 3 No.100 Frieza (Prism),2026-01-31,google_trends,16.5
Dragon Ball Carddass Hondan Part 3 No.100 Frieza (Prism),Dragon Ball Carddass Hondan Part 3 No.100 Frieza (Prism),2026-02-01,google_trends,18.4
Dragon Ball Carddass Hondan Part 3 No.100 Frieza (Prism),Dragon Ball Carddass Hondan Part 3 No.100 Frieza (Prism),2026-02-02,google_trends,15.1
Dragon Ball Carddass Hondan Part 3 No.100 Frieza (Prism),Dragon Ball Carddass Hondan Part 3 No.100 Frieza (Prism),2026-02-03,google_trends,17.4
Dragon Ball Carddass Hondan Part 3 No.100 Frieza (Prism),Dragon Ball Carddass Hondan Part 3 No.100 Frieza (Prism),2026-02-04,google_trends,17.5
Dragon Ball Carddass Hondan Part 3 No.100 Frieza (Prism),Dragon Ball Carddass Hondan Part 3 No.100 Frieza (Prism),2026-02-05,google_trends,17.9
Dragon Ball Carddass Hondan Part 3 No.100 Frieza (Prism),Dragon Ball Carddass Hondan Part 3 No.100 Frieza (Prism),2026-02-06,google_trends,15.9
Dragon Ball Carddass Hondan Part 3 No.100 Frieza (Prism),Dragon Ball Carddass Hondan Part 3 No.100 Frieza (Prism),2026-02-07,google_trends,16.9
Dragon Ball Carddass Hondan Part 3 No.100 Frieza (Prism),Dragon Ball Carddass Hondan Part 3 No.100 Frieza (Prism),2026-02-08,google_trends,17.8
Dragon Ball Carddass Hondan Part 3 No.100 Frieza (Prism),Dragon Ball Carddass Hondan Part 3 No.100 Frieza (Prism),2026-02-09,google_trends,17.3
Dragon Ball Carddass Hondan Part 3 No.100 Frieza (Prism),Dragon Ball Carddass Hondan Part 3 No.100 Frieza (Prism),2026-02-10,google_trends,18.6
Dragon Ball Carddass Hondan Part 3 No.100 Frieza (Prism),Dragon Ball Carddass Hondan Part 3 No.100 Frieza (Prism),2026-02-11,google_trends,16.4
Dragon Ball Carddass Hondan Part 3 No.100 Frieza (Prism),Dragon Ball Carddass Hondan Part 3 No.100 Frieza (Prism),2026-02-12,google_trends,17
Dragon Ball Carddass Hondan Part 3 No.100 Frieza (Prism),Dragon Ball Carddass Hondan Part 3 No.100 Frieza (Prism),2026-02-13,google_trends,15.4
Dragon Ball Carddass Hondan Part 3 No.100 Frieza (Prism),Dragon Ball Carddass Hondan Part 3 No.100 Frieza (Prism),2026-02-14,google_trends,15.4
Dragon Ball Carddass Hondan Part 3 No.100 Frieza (Prism),Dragon Ball Carddass Hondan Part 3 No.100 Frieza (Prism),2026-02-15,google_trends,15.8
Dragon Ball Carddass Hondan Part 3 No.100 Frieza (Prism),Dragon Ball Carddass Hondan Part 3 No.100 Frieza (Prism),2026-02-16,google_trends,15.8
Dragon Ball Carddass Hondan Part 3 No.100 Frieza (Prism),Dragon Ball Carddass Hondan Part 3 No.100 Frieza (Prism),2026-02-17,google_trends,15.5
Dragon Ball Carddass Hondan Part 3 No.100 Frieza (Prism),Dragon Ball Carddass Hondan Part 3 No.100 Frieza (Prism),2026-02-18,google_trends,17.1
Dragon Ball Carddass Hondan Part 3 No.100 Frieza (Prism),Dragon Ball Carddass Hondan Part 3 No.100 Frieza (Prism),2026-02-19,google_trends,17.8
Dragon Ball Carddass Hondan Part 3 No.100 Frieza (Prism),Dragon Ball Carddass Hondan Part 3 No.100 Frieza (Prism),2026-02-20,google_trends,16.6
Dragon Ball Carddass Hondan Part 3 No.100 Frieza (Prism),Dragon Ball Carddass Hondan Part 3 No.100 Frieza (Prism),2026-02-21,google_trends,15.5
Dragon Ball Carddass Hondan Part 3 No.100 Frieza (Prism),Dragon Ball Carddass Hondan Part 3 No.100 Frieza (Prism),2026-02-22,google_trends,17.9
Dragon Ball Carddass Hondan Part 3 No.100 Frieza (Prism),Dragon Ball Carddass Hondan Part 3 No.100 Frieza (Prism),2026-02-23,google_trends,16
Dragon Ball Carddass Hondan Part 3 No.100 Frieza (Prism),Dragon Ball Carddass Hondan Part 3 No.100 Frieza (Prism),2026-02-24,google_trends,17.9
Dragon Ball Carddass Hondan Part 3 No.100 Frieza (Prism),Dragon Ball Carddass Hondan Part 3 No.100 Frieza (Prism),2026-02-25,google_trends,16.7
Dragon Ball Carddass Hondan Part 3 No.100 Frieza (Prism),Dragon Ball Carddass Hondan Part 3 No.100 Frieza (Prism),2026-02-26,google_trends,16.2
Dragon Ball Carddass Hondan Part 3 No.100 Frieza (Prism),Dragon Ball Carddass Hondan Part 3 No.100 Frieza (Prism),2026-02-27,google_trends,18.5
Dragon Ball Carddass Hondan Part 3 No.100 Frieza (Prism),Dragon Ball Carddass Hondan Part 3 No.100 Frieza (Prism),2026-02-28,google_trends,18.7
Dragon Ball Carddass Hondan Part 3 No.100 Frieza (Prism),Dragon Ball Carddass Hondan Part 3 No.100 Frieza (Prism),2026-03-01,google_trends,15.7
Dragon Ball Carddass Hondan Part 3 No.100 Frieza (Prism),Dragon Ball Carddass Hondan Part 3 No.100 Frieza (Prism),2026-03-02,google_trends,18.7
Dragon Ball Carddass Hondan Part 3 No.100 Frieza (Prism),Dragon Ball Carddass Hondan Part 3 No.100 Frieza (Prism),2026-03-03,google_trends,18.2
Dragon Ball Carddass Hondan Part 3 No.100 Frieza (Prism),Dragon Ball Carddass Hondan Part 3 No.100 Frieza (Prism),2026-03-04,google_trends,18.6
Dragon Ball Carddass Hondan Part 3 No.100 Frieza (Prism),Dragon Ball Carddass Hondan Part 3 No.100 Frieza (Prism),2026-03-05,google_trends,15.9
Dragon Ball Carddass Hondan Part 3 No.100 Frieza (Prism),Dragon Ball Carddass Hondan Part 3 No.100 Frieza (Prism),2026-03-06,google_trends,17.6
Dragon Ball Carddass Hondan Part 3 No.100 Frieza (Prism),Dragon Ball Carddass Hondan Part 3 No.100 Frieza (Prism),2026-03-07,google_trends,15.6
Dragon Ball Carddass Hondan Part 3 No.100 Frieza (Prism),Dragon Ball Carddass Hondan Part 3 No.100 Frieza (Prism),2026-03-08,google_trends,17.6
Dragon Ball Carddass Hondan Part 3 No.100 Frieza (Prism),Dragon Ball Carddass Hondan Part 3 No.100 Frieza (Prism),2026-03-09,google_trends,18.6
Dragon Ball Carddass Hondan Part 3 No.100 Frieza (Prism),Dragon Ball Carddass Hondan Part 3 No.100 Frieza (Prism),2026-03-10,google_trends,17.4
Dragon Ball Carddass Hondan Part 3 No.100 Frieza (Prism),Dragon Ball Carddass Hondan Part 3 No.100 Frieza (Prism),2026-03-11,google_trends,16.4
Dragon Ball Carddass Hondan Part 3 No.100 Frieza (Prism),Dragon Ball Carddass Hondan Part 3 No.100 Frieza (Prism),2026-03-12,google_trends,17.4
Dragon Ball Carddass Hondan Part 3 No.100 Frieza (Prism),Dragon Ball Carddass Hondan Part 3 No.100 Frieza (Prism),2026-03-13,google_trends,18.9
Dragon Ball Carddass Hondan Part 3 No.100 Frieza (Prism),Dragon Ball Carddass Hondan Part 3 No.100 Frieza (Prism),2026-03-14,google_trends,15.7
Dragon Ball Carddass Hondan Part 3 No.100 Frieza (Prism),Dragon Ball Carddass Hondan Part 3 No.100 Frieza (Prism),2026-03-15,google_trends,18.9
Dragon Ball Carddass Hondan Part 3 No.100 Frieza (Prism),Dragon Ball Carddass Hondan Part 3 No.100 Frieza (Prism),2026-03-16,google_trends,16.8
Dragon Ball Carddass Hondan Part 3 No.100 Frieza (Prism),Dragon Ball Carddass Hondan Part 3 No.100 Frieza (Prism),2026-03-17,google_trends,17.6
Dragon Ball Carddass Hondan Part 3 No.100 Frieza (Prism),Dragon Ball Carddass Hondan Part 3 No.100 Frieza (Prism),2026-03-18,google_trends,16.6
Dragon Ball Carddass Hondan Part 3 No.100 Frieza (Prism),Dragon Ball Carddass Hondan Part 3 No.100 Frieza (Prism),2026-03-19,google_trends,17.2
Dragon Ball Carddass Hondan Part 3 No.100 Frieza (Prism),Dragon Ball Carddass Hondan Part 3 No.100 Frieza (Prism),2026-03-20,google_trends,15.1
Dragon Ball Carddass Hondan Part 3 No.100 Frieza (Prism),Dragon Ball Carddass Hondan Part 3 No.100 Frieza (Prism),2026-03-21,google_trends,17.9
Dragon Ball Carddass Hondan Part 3 No.100 Frieza (Prism),Dragon Ball Carddass Hondan Part 3 No.100 Frieza (Prism),2026-03-22,google_trends,16.7
Dragon Ball Carddass Hondan Part 3 No.100 Frieza (Prism),Dragon Ball Carddass Hondan Part 3 No.100 Frieza (Prism),2026-03-23,google_trends,15.6
Dragon Ball Carddass Hondan Part 3 No.100 Frieza (Prism),Dragon Ball Carddass Hondan Part 3 No.100 Frieza (Prism),2026-03-24,google_trends,18.2
Dragon Ball Carddass Hondan Part 3 No.100 Frieza (Prism),Dragon Ball Carddass Hondan Part 3 No.100 Frieza (Prism),2026-03-25,google_trends,15.9
Dragon Ball Carddass Hondan Part 3 No.100 Frieza (Prism),Dragon Ball Carddass Hondan Part 3 No.100 Frieza (Prism),2026-03-26,google_trends,17.4
Dragon Ball Carddass Hondan Part 3 No.100 Frieza (Prism),Dragon Ball Carddass Hondan Part 3 No.100 Frieza (Prism),2026-03-27,google_trends,15.7
Dragon Ball Carddass Hondan Part 3 No.100 Frieza (Prism),Dragon Ball Carddass Hondan Part 3 No.100 Frieza (Prism),2026-03-28,google_trends,16.6
Dragon Ball Carddass Hondan Part 3 No.100 Frieza (Prism),Dragon Ball Carddass Hondan Part 3 No.100 Frieza (Prism),2026-03-29,google_trends,18.8
Dragon Ball Carddass Hondan Part 3 No.100 Frieza (Prism),Dragon Ball Carddass Hondan Part 3 No.100 Frieza (Prism),2026-03-30,google_trends,16.3
Dragon Ball Carddass Hondan Part 3 No.100 Frieza (Prism),Dragon Ball Carddass Hondan Part 3 No.100 Frieza (Prism),2026-03-31,google_trends,18.7
Dragon Ball Carddass Hondan Part 3 No.100 Frieza (Prism),Dragon Ball Carddass Hondan Part 3 No.100 Frieza (Prism),2026-04-01,google_trends,16.9
Dragon Ball Carddass Hondan Part 3 No.100 Frieza (Prism),Dragon Ball Carddass Hondan Part 3 No.100 Frieza (Prism),2026-04-02,google_trends,15.6
Dragon Ball Carddass Hondan Part 3 No.100 Frieza (Prism),Dragon Ball Carddass Hondan Part 3 No.100 Frieza (Prism),2026-04-03,google_trends,17.2
Dragon Ball Carddass Hondan Part 3 No.100 Frieza (Prism),Dragon Ball Carddass Hondan Part 3 No.100 Frieza (Prism),2026-04-04,google_trends,15.5
Dragon Ball Carddass Hondan Part 3 No.100 Frieza (Prism),Dragon Ball Carddass Hondan Part 3 No.100 Frieza (Prism),2026-04-05,google_trends,17.8
Dragon Ball Carddass Hondan Part 3 No.100 Frieza (Prism),Dragon Ball Carddass Hondan Part 3 No.100 Frieza (Prism),2026-04-06,google_trends,16.5
Dragon Ball Carddass Hondan Part 3 No.100 Frieza (Prism),Dragon Ball Carddass Hondan Part 3 No.100 Frieza (Prism),2026-04-07,google_trends,16
Dragon Ball Carddass Hondan Part 3 No.100 Frieza (Prism),Dragon Ball Carddass Hondan Part 3 No.100 Frieza (Prism),2026-04-08,google_trends,17.8
Dragon Ball Carddass Hondan Part 3 No.100 Frieza (Prism),Dragon Ball Carddass Hondan Part 3 No.100 Frieza (Prism),2026-04-09,google_trends,18.8
Dragon Ball Carddass Hondan Part 3 No.100 Frieza (Prism),Dragon Ball Carddass Hondan Part 3 No.100 Frieza (Prism),2026-04-10,google_trends,15.4
Dragon Ball Carddass Hondan Part 3 No.100 Frieza (Prism),Dragon Ball Carddass Hondan Part 3 No.100 Frieza (Prism),2026-04-11,google_trends,15.4
Dragon Ball Carddass Hondan Part 3 No.100 Frieza (Prism),Dragon Ball Carddass Hondan Part 3 No.100 Frieza (Prism),2026-04-12,google_trends,18.5
Dragon Ball Carddass Hondan Part 3 No.100 Frieza (Prism),Dragon Ball Carddass Hondan Part 3 No.100 Frieza (Prism),2026-04-13,google_trends,17.8
Dragon Ball Carddass Hondan Part 3 No.100 Frieza (Prism),Dragon Ball Carddass Hondan Part 3 No.100 Frieza (Prism),2026-04-14,google_trends,18
Dragon Ball Carddass Hondan Part 3 No.100 Frieza (Prism),Dragon Ball Carddass Hondan Part 3 No.100 Frieza (Prism),2026-04-15,google_trends,16.4
Dragon Ball Carddass Hondan Part 3 No.100 Frieza (Prism),Dragon Ball Carddass Hondan Part 3 No.100 Frieza (Prism),2026-04-16,google_trends,18.6
Dragon Ball Carddass Hondan Part 3 No.100 Frieza (Prism),Dragon Ball Carddass Hondan Part 3 No.100 Frieza (Prism),2026-04-17,google_trends,16
Dragon Ball Carddass Hondan Part 3 No.100 Frieza (Prism),Dragon Ball Carddass Hondan Part 3 No.100 Frieza (Prism),2026-04-18,google_trends,16.9
Dragon Ball Carddass Hondan Part 3 No.100 Frieza (Prism),Dragon Ball Carddass Hondan Part 3 No.100 Frieza (Prism),2026-04-19,google_trends,18.3
Dragon Ball Carddass Hondan Part 3 No.100 Frieza (Prism),Dragon Ball Carddass Hondan Part 3 No.100 Frieza (Prism),2026-04-20,google_trends,18.2
Dragon Ball Carddass Hondan Part 3 No.100 Frieza (Prism),Dragon Ball Carddass Hondan Part 3 No.100 Frieza (Prism),2026-04-21,google_trends,16.1
Dragon Ball Carddass Hondan Part 3 No.100 Frieza (Prism),Dragon Ball Carddass Hondan Part 3 No.100 Frieza (Prism),2026-04-22,google_trends,18.6
Dragon Ball Carddass Hondan Part 3 No.100 Frieza (Prism),Dragon Ball Carddass Hondan Part 3 No.100 Frieza (Prism),2026-04-23,google_trends,18.3
Dragon Ball Carddass Hondan Part 3 No.100 Frieza (Prism),Dragon Ball Carddass Hondan Part 3 No.100 Frieza (Prism),2026-04-24,google_trends,18.9
Dragon Ball Carddass Hondan Part 3 No.100 Frieza (Prism),Dragon Ball Carddass Hondan Part 3 No.100 Frieza (Prism),2026-04-25,google_trends,15.9
Dragon Ball Carddass Hondan Part 3 No.100 Frieza (Prism),Dragon Ball Carddass Hondan Part 3 No.100 Frieza (Prism),2026-04-26,google_trends,18.6
Dragon Ball Carddass Hondan Part 3 No.100 Frieza (Prism),Dragon Ball Carddass Hondan Part 3 No.100 Frieza (Prism),2026-04-27,google_trends,18.6
Dragon Ball Carddass Hondan Part 3 No.100 Frieza (Prism),Dragon Ball Carddass Hondan Part 3 No.100 Frieza (Prism),2026-04-28,google_trends,18.7
Dragon Ball Carddass Hondan Part 3 No.100 Frieza (Prism),Dragon Ball Carddass Hondan Part 3 No.100 Frieza (Prism),2026-04-29,google_trends,18.9
Dragon Ball Carddass Hondan Part 3 No.100 Frieza (Prism),Dragon Ball Carddass Hondan Part 3 No.100 Frieza (Prism),2026-04-30,google_trends,15.6
Dragon Ball Carddass Hondan Part 3 No.100 Frieza (Prism),Dragon Ball Carddass Hondan Part 3 No.100 Frieza (Prism),2026-05-01,google_trends,16.2
Dragon Ball Carddass Hondan Part 3 No.100 Frieza (Prism),Dragon Ball Carddass Hondan Part 3 No.100 Frieza (Prism),2026-05-02,google_trends,18.9
Dragon Ball Carddass Hondan Part 3 No.100 Frieza (Prism),Dragon Ball Carddass Hondan Part 3 No.100 Frieza (Prism),2026-05-03,google_trends,18.8
Dragon Ball Carddass Hondan Part 3 No.100 Frieza (Prism),Dragon Ball Carddass Hondan Part 3 No.100 Frieza (Prism),2026-05-04,google_trends,18.8
Dragon Ball Carddass Hondan Part 3 No.100 Frieza (Prism),Dragon Ball Carddass Hondan Part 3 No.100 Frieza (Prism),2026-05-05,google_trends,16.5
Dragon Ball Carddass Hondan Part 3 No.100 Frieza (Prism),Dragon Ball Carddass Hondan Part 3 No.100 Frieza (Prism),2026-05-06,google_trends,17.3
Dragon Ball Carddass Hondan Part 3 No.100 Frieza (Prism),Dragon Ball Carddass Hondan Part 3 No.100 Frieza (Prism),2026-05-07,google_trends,18.5
Dragon Ball Carddass Hondan Part 3 No.100 Frieza (Prism),Dragon Ball Carddass Hondan Part 3 No.100 Frieza (Prism),2026-05-08,google_trends,18.6
Dragon Ball Carddass Hondan Part 3 No.100 Frieza (Prism),Dragon Ball Carddass Hondan Part 3 No.100 Frieza (Prism),2026-05-09,google_trends,18.7
Dragon Ball Carddass Hondan Part 3 No.100 Frieza (Prism),Dragon Ball Carddass Hondan Part 3 No.100 Frieza (Prism),2026-05-10,google_trends,15.4
Dragon Ball Carddass Hondan Part 3 No.100 Frieza (Prism),Dragon Ball Carddass Hondan Part 3 No.100 Frieza (Prism),2026-05-11,google_trends,17.1
Dragon Ball Carddass Hondan Part 3 No.100 Frieza (Prism),Dragon Ball Carddass Hondan Part 3 No.100 Frieza (Prism),2026-05-12,google_trends,15.9
Dragon Ball Carddass Hondan Part 3 No.100 Frieza (Prism),Dragon Ball Carddass Hondan Part 3 No.100 Frieza (Prism),2026-05-13,google_trends,19
Dragon Ball Carddass Hondan Part 3 No.100 Frieza (Prism),Dragon Ball Carddass Hondan Part 3 No.100 Frieza (Prism),2026-05-14,google_trends,18.6
Dragon Ball Carddass Hondan Part 3 No.100 Frieza (Prism),Dragon Ball Carddass Hondan Part 3 No.100 Frieza (Prism),2026-05-15,google_trends,17.7
Dragon Ball Carddass Hondan Part 3 No.100 Frieza (Prism),Dragon Ball Carddass Hondan Part 3 No.100 Frieza (Prism),2026-05-16,google_trends,15.8
Dragon Ball Carddass Hondan Part 3 No.100 Frieza (Prism),Dragon Ball Carddass Hondan Part 3 No.100 Frieza (Prism),2026-05-17,google_trends,17.2
Dragon Ball Carddass Hondan Part 3 No.100 Frieza (Prism),Dragon Ball Carddass Hondan Part 3 No.100 Frieza (Prism),2026-05-18,google_trends,16.7
Dragon Ball Carddass Hondan Part 3 No.100 Frieza (Prism),Dragon Ball Carddass Hondan Part 3 No.100 Frieza (Prism),2026-05-19,google_trends,17
Dragon Ball Carddass Hondan Part 3 No.100 Frieza (Prism),Dragon Ball Carddass Hondan Part 3 No.100 Frieza (Prism),2026-05-20,google_trends,16.3
Dragon Ball Carddass Hondan Part 3 No.100 Frieza (Prism),Dragon Ball Carddass Hondan Part 3 No.100 Frieza (Prism),2026-05-21,google_trends,17.4
Dragon Ball Carddass Hondan Part 3 No.100 Frieza (Prism),Dragon Ball Carddass Hondan Part 3 No.100 Frieza (Prism),2026-05-22,google_trends,16.1
Dragon Ball Carddass Hondan Part 3 No.100 Frieza (Prism),Dragon Ball Carddass Hondan Part 3 No.100 Frieza (Prism),2026-05-23,google_trends,15.7
Dragon Ball Carddass Hondan Part 3 No.100 Frieza (Prism),Dragon Ball Carddass Hondan Part 3 No.100 Frieza (Prism),2026-05-24,google_trends,17.5
Dragon Ball Carddass Hondan Part 3 No.100 Frieza (Prism),Dragon Ball Carddass Hondan Part 3 No.100 Frieza (Prism),2026-05-25,google_trends,16
Dragon Ball Carddass Hondan Part 3 No.100 Frieza (Prism),Dragon Ball Carddass Hondan Part 3 No.100 Frieza (Prism),2026-05-26,google_trends,18.7
Dragon Ball Carddass Hondan Part 3 No.100 Frieza (Prism),Dragon Ball Carddass Hondan Part 3 No.100 Frieza (Prism),2026-05-27,google_trends,16.3
Dragon Ball Carddass Hondan Part 3 No.100 Frieza (Prism),Dragon Ball Carddass Hondan Part 3 No.100 Frieza (Prism),2026-05-28,google_trends,18.6
Dragon Ball Carddass Hondan Part 3 No.100 Frieza (Prism),Dragon Ball Carddass Hondan Part 3 No.100 Frieza (Prism),2026-05-29,google_trends,17
Dragon Ball Carddass Hondan Part 3 No.100 Frieza (Prism),Dragon Ball Carddass Hondan Part 3 No.100 Frieza (Prism),2026-05-30,google_trends,18.6
Dragon Ball Carddass Hondan Part 3 No.100 Frieza (Prism),Dragon Ball Carddass Hondan Part 3 No.100 Frieza (Prism),2026-05-31,google_trends,15.4
Dragon Ball Carddass Hondan Part 3 No.100 Frieza (Prism),Dragon Ball Carddass Hondan Part 3 No.100 Frieza (Prism),2026-06-01,google_trends,16.8
Dragon Ball Carddass Hondan Part 3 No.100 Frieza (Prism),Dragon Ball Carddass Hondan Part 3 No.100 Frieza (Prism),2026-06-02,google_trends,16.4
Dragon Ball Carddass Hondan Part 3 No.100 Frieza (Prism),Dragon Ball Carddass Hondan Part 3 No.100 Frieza (Prism),2026-06-03,google_trends,16
Dragon Ball Carddass Hondan Part 3 No.100 Frieza (Prism),Dragon Ball Carddass Hondan Part 3 No.100 Frieza (Prism),2026-06-04,google_trends,17.7
Dragon Ball Carddass Hondan Part 3 No.100 Frieza (Prism),Dragon Ball Carddass Hondan Part 3 No.100 Frieza (Prism),2026-06-05,google_trends,18.4
Dragon Ball Carddass Hondan Part 3 No.100 Frieza (Prism),Dragon Ball Carddass Hondan Part 3 No.100 Frieza (Prism),2026-06-06,google_trends,16.4
Dragon Ball Carddass Hondan Part 3 No.100 Frieza (Prism),Dragon Ball Carddass Hondan Part 3 No.100 Frieza (Prism),2026-06-07,google_trends,17.4
Dragon Ball Carddass Hondan Part 3 No.100 Frieza (Prism),Dragon Ball Carddass Hondan Part 3 No.100 Frieza (Prism),2026-06-08,google_trends,18.1
Dragon Ball Carddass Hondan Part 3 No.100 Frieza (Prism),Dragon Ball Carddass Hondan Part 3 No.100 Frieza (Prism),2026-06-09,google_trends,16.3
Dragon Ball Carddass Hondan Part 3 No.100 Frieza (Prism),Dragon Ball Carddass Hondan Part 3 No.100 Frieza (Prism),2026-06-10,google_trends,17.5
Dragon Ball Carddass Hondan Part 3 No.100 Frieza (Prism),Dragon Ball Carddass Hondan Part 3 No.100 Frieza (Prism),2026-06-11,google_trends,15.7
Dragon Ball Carddass Hondan Part 3 No.100 Frieza (Prism),Dragon Ball Carddass Hondan Part 3 No.100 Frieza (Prism),2026-06-12,google_trends,18.9
Dragon Ball Carddass Hondan Part 3 No.100 Frieza (Prism),Dragon Ball Carddass Hondan Part 3 No.100 Frieza (Prism),2026-06-13,google_trends,17.9
Dragon Ball Carddass Hondan Part 3 No.100 Frieza (Prism),Dragon Ball Carddass Hondan Part 3 No.100 Frieza (Prism),2026-06-14,google_trends,18
Dragon Ball Carddass Hondan Part 3 No.100 Frieza (Prism),Dragon Ball Carddass Hondan Part 3 No.100 Frieza (Prism),2026-06-15,google_trends,17.1
Dragon Ball Carddass Hondan Part 3 No.100 Frieza (Prism),Dragon Ball Carddass Hondan Part 3 No.100 Frieza (Prism),2026-06-16,google_trends,15.2
Dragon Ball Carddass Hondan Part 3 No.100 Frieza (Prism),Dragon Ball Carddass Hondan Part 3 No.100 Frieza (Prism),2026-06-17,google_trends,17.3
Dragon Ball Carddass Hondan Part 3 No.100 Frieza (Prism),Dragon Ball Carddass Hondan Part 3 No.100 Frieza (Prism),2026-06-18,google_trends,15.5
Dragon Ball Carddass Hondan Part 3 No.100 Frieza (Prism),Dragon Ball Carddass Hondan Part 3 No.100 Frieza (Prism),2026-06-19,google_trends,17.7
Dragon Ball Carddass Hondan Part 3 No.100 Frieza (Prism),Dragon Ball Carddass Hondan Part 3 No.100 Frieza (Prism),2026-06-20,google_trends,17.6
Dragon Ball Carddass Hondan Part 3 No.100 Frieza (Prism),Dragon Ball Carddass Hondan Part 3 No.100 Frieza (Prism),2026-06-21,google_trends,17.9
Dragon Ball Carddass Hondan Part 3 No.100 Frieza (Prism),Dragon Ball Carddass Hondan Part 3 No.100 Frieza (Prism),2026-06-22,google_trends,16.1
Dragon Ball Carddass Hondan Part 3 No.100 Frieza (Prism),Dragon Ball Carddass Hondan Part 3 No.100 Frieza (Prism),2026-06-23,google_trends,17.2
Dragon Ball Carddass Hondan Part 3 No.100 Frieza (Prism),Dragon Ball Carddass Hondan Part 3 No.100 Frieza (Prism),2026-06-24,google_trends,18.5
Dragon Ball Carddass Hondan Part 3 No.100 Frieza (Prism),Dragon Ball Carddass Hondan Part 3 No.100 Frieza (Prism),2026-06-25,google_trends,15.7
Dragon Ball Carddass Hondan Part 3 No.100 Frieza (Prism),Dragon Ball Carddass Hondan Part 3 No.100 Frieza (Prism),2026-06-26,google_trends,17.8
Dragon Ball Carddass Hondan Part 3 No.100 Frieza (Prism),Dragon Ball Carddass Hondan Part 3 No.100 Frieza (Prism),2026-06-27,google_trends,17
Dragon Ball Carddass Hondan Part 3 No.100 Frieza (Prism),Dragon Ball Carddass Hondan Part 3 No.100 Frieza (Prism),2026-06-28,google_trends,15
Dragon Ball Carddass Hondan Part 3 No.100 Frieza (Prism),Dragon Ball Carddass Hondan Part 3 No.100 Frieza (Prism),2026-06-29,google_trends,17.2
Dragon Ball Carddass Hondan Part 3 No.100 Frieza (Prism),Dragon Ball Carddass Hondan Part 3 No.100 Frieza (Prism),2026-06-30,google_trends,19
Dragon Ball Carddass Hondan Part 3 No.100 Frieza (Prism),Dragon Ball Carddass Hondan Part 3 No.100 Frieza (Prism),2026-07-01,google_trends,15.8
Dragon Ball Carddass Hondan Part 3 No.100 Frieza (Prism),Dragon Ball Carddass Hondan Part 3 No.100 Frieza (Prism),2026-07-02,google_trends,17.6
Dragon Ball Carddass Hondan Part 3 No.100 Frieza (Prism),Dragon Ball Carddass Hondan Part 3 No.100 Frieza (Prism),2026-07-03,google_trends,18.9
Dragon Ball Carddass Hondan Part 3 No.100 Frieza (Prism),Dragon Ball Carddass Hondan Part 3 No.100 Frieza (Prism),2026-07-04,google_trends,15.1
Dragon Ball Carddass Hondan Part 3 No.100 Frieza (Prism),Dragon Ball Carddass Hondan Part 3 No.100 Frieza (Prism),2026-07-05,google_trends,18.4
Dragon Ball Carddass Hondan Part 3 No.100 Frieza (Prism),Dragon Ball Carddass Hondan Part 3 No.100 Frieza (Prism),2026-07-06,google_trends,16.6
Dragon Ball Carddass Hondan Part 3 No.100 Frieza (Prism),Dragon Ball Carddass Hondan Part 3 No.100 Frieza (Prism),2026-07-07,google_trends,16.6
Dragon Ball Carddass Hondan Part 3 No.100 Frieza (Prism),Dragon Ball Carddass Hondan Part 3 No.100 Frieza (Prism),2026-07-08,google_trends,17
Dragon Ball Carddass Hondan Part 3 No.100 Frieza (Prism),Dragon Ball Carddass Hondan Part 3 No.100 Frieza (Prism),2026-07-09,google_trends,16
Dragon Ball Carddass Hondan Part 3 No.100 Frieza (Prism),Dragon Ball Carddass Hondan Part 3 No.100 Frieza (Prism),2026-07-10,google_trends,18.9
Dragon Ball Carddass Hondan Part 3 No.100 Frieza (Prism),Dragon Ball Carddass Hondan Part 3 No.100 Frieza (Prism),2026-07-11,google_trends,18.6
Dragon Ball Carddass Hondan Part 3 No.100 Frieza (Prism),Dragon Ball Carddass Hondan Part 3 No.100 Frieza (Prism),2026-07-12,google_trends,15.7
Dragon Ball Carddass Hondan Part 3 No.100 Frieza (Prism),Dragon Ball Carddass Hondan Part 3 No.100 Frieza (Prism),2026-07-13,google_trends,15.7
Dragon Ball Carddass Hondan Part 3 No.100 Frieza (Prism),Dragon Ball Carddass Hondan Part 3 No.100 Frieza (Prism),2026-07-14,google_trends,18.8
Dragon Ball Carddass Hondan Part 3 No.100 Frieza (Prism),Dragon Ball Carddass Hondan Part 3 No.100 Frieza (Prism),2026-07-15,google_trends,15.9
Dragon Ball Carddass Hondan Part 3 No.100 Frieza (Prism),Dragon Ball Carddass Hondan Part 3 No.100 Frieza (Prism),2026-07-16,google_trends,16.3
Dragon Ball Carddass Hondan Part 3 No.100 Frieza (Prism),Dragon Ball Carddass Hondan Part 3 No.100 Frieza (Prism),2026-07-17,google_trends,16.1
Dragon Ball Carddass Hondan Part 3 No.100 Frieza (Prism),Dragon Ball Carddass Hondan Part 3 No.100 Frieza (Prism),2026-07-18,google_trends,19
Dragon Ball Carddass Hondan Part 3 No.100 Frieza (Prism),Dragon Ball Carddass Hondan Part 3 No.100 Frieza (Prism),2026-07-19,google_trends,18.9
Dragon Ball Carddass Hondan Part 3 No.100 Frieza (Prism),Dragon Ball Carddass Hondan Part 3 No.100 Frieza (Prism),2026-07-20,google_trends,18
Dragon Ball Carddass Hondan Part 3 No.100 Frieza (Prism),Dragon Ball Carddass Hondan Part 3 No.100 Frieza (Prism),2026-07-21,google_trends,18.7
Dragon Ball Carddass Hondan Part 3 No.100 Frieza (Prism),Dragon Ball Carddass Hondan Part 3 No.100 Frieza (Prism),2026-07-22,google_trends,17.3
Dragon Ball Carddass Hondan Part 3 No.100 Frieza (Prism),Dragon Ball Carddass Hondan Part 3 No.100 Frieza (Prism),2026-07-23,google_trends,17.6
Dragon Ball Carddass Hondan Part 3 No.100 Frieza (Prism),Dragon Ball Carddass Hondan Part 3 No.100 Frieza (Prism),2026-07-24,google_trends,18.7
Dragon Ball Carddass Hondan Part 3 No.100 Frieza (Prism),Dragon Ball Carddass Hondan Part 3 No.100 Frieza (Prism),2026-07-25,google_trends,16.9
Dragon Ball Carddass Hondan Part 1 Sealed Box,Dragon Ball Carddass Hondan Part 1 Sealed Box,2025-10-29,google_trends,15.1
Dragon Ball Carddass Hondan Part 1 Sealed Box,Dragon Ball Carddass Hondan Part 1 Sealed Box,2025-10-30,google_trends,17.1
Dragon Ball Carddass Hondan Part 1 Sealed Box,Dragon Ball Carddass Hondan Part 1 Sealed Box,2025-10-31,google_trends,16.8
Dragon Ball Carddass Hondan Part 1 Sealed Box,Dragon Ball Carddass Hondan Part 1 Sealed Box,2025-11-01,google_trends,18.1
Dragon Ball Carddass Hondan Part 1 Sealed Box,Dragon Ball Carddass Hondan Part 1 Sealed Box,2025-11-02,google_trends,17.2
Dragon Ball Carddass Hondan Part 1 Sealed Box,Dragon Ball Carddass Hondan Part 1 Sealed Box,2025-11-03,google_trends,16.3
Dragon Ball Carddass Hondan Part 1 Sealed Box,Dragon Ball Carddass Hondan Part 1 Sealed Box,2025-11-04,google_trends,15.3
Dragon Ball Carddass Hondan Part 1 Sealed Box,Dragon Ball Carddass Hondan Part 1 Sealed Box,2025-11-05,google_trends,16.6
Dragon Ball Carddass Hondan Part 1 Sealed Box,Dragon Ball Carddass Hondan Part 1 Sealed Box,2025-11-06,google_trends,18.9
Dragon Ball Carddass Hondan Part 1 Sealed Box,Dragon Ball Carddass Hondan Part 1 Sealed Box,2025-11-07,google_trends,17
Dragon Ball Carddass Hondan Part 1 Sealed Box,Dragon Ball Carddass Hondan Part 1 Sealed Box,2025-11-08,google_trends,18.4
Dragon Ball Carddass Hondan Part 1 Sealed Box,Dragon Ball Carddass Hondan Part 1 Sealed Box,2025-11-09,google_trends,15.4
Dragon Ball Carddass Hondan Part 1 Sealed Box,Dragon Ball Carddass Hondan Part 1 Sealed Box,2025-11-10,google_trends,18.4
Dragon Ball Carddass Hondan Part 1 Sealed Box,Dragon Ball Carddass Hondan Part 1 Sealed Box,2025-11-11,google_trends,17.4
Dragon Ball Carddass Hondan Part 1 Sealed Box,Dragon Ball Carddass Hondan Part 1 Sealed Box,2025-11-12,google_trends,16
Dragon Ball Carddass Hondan Part 1 Sealed Box,Dragon Ball Carddass Hondan Part 1 Sealed Box,2025-11-13,google_trends,18
Dragon Ball Carddass Hondan Part 1 Sealed Box,Dragon Ball Carddass Hondan Part 1 Sealed Box,2025-11-14,google_trends,18.5
Dragon Ball Carddass Hondan Part 1 Sealed Box,Dragon Ball Carddass Hondan Part 1 Sealed Box,2025-11-15,google_trends,16
Dragon Ball Carddass Hondan Part 1 Sealed Box,Dragon Ball Carddass Hondan Part 1 Sealed Box,2025-11-16,google_trends,16.1
Dragon Ball Carddass Hondan Part 1 Sealed Box,Dragon Ball Carddass Hondan Part 1 Sealed Box,2025-11-17,google_trends,15.9
Dragon Ball Carddass Hondan Part 1 Sealed Box,Dragon Ball Carddass Hondan Part 1 Sealed Box,2025-11-18,google_trends,19
Dragon Ball Carddass Hondan Part 1 Sealed Box,Dragon Ball Carddass Hondan Part 1 Sealed Box,2025-11-19,google_trends,16.3
Dragon Ball Carddass Hondan Part 1 Sealed Box,Dragon Ball Carddass Hondan Part 1 Sealed Box,2025-11-20,google_trends,18
Dragon Ball Carddass Hondan Part 1 Sealed Box,Dragon Ball Carddass Hondan Part 1 Sealed Box,2025-11-21,google_trends,17.1
Dragon Ball Carddass Hondan Part 1 Sealed Box,Dragon Ball Carddass Hondan Part 1 Sealed Box,2025-11-22,google_trends,15.5
Dragon Ball Carddass Hondan Part 1 Sealed Box,Dragon Ball Carddass Hondan Part 1 Sealed Box,2025-11-23,google_trends,17.4
Dragon Ball Carddass Hondan Part 1 Sealed Box,Dragon Ball Carddass Hondan Part 1 Sealed Box,2025-11-24,google_trends,18.7
Dragon Ball Carddass Hondan Part 1 Sealed Box,Dragon Ball Carddass Hondan Part 1 Sealed Box,2025-11-25,google_trends,17.5
Dragon Ball Carddass Hondan Part 1 Sealed Box,Dragon Ball Carddass Hondan Part 1 Sealed Box,2025-11-26,google_trends,16.7
Dragon Ball Carddass Hondan Part 1 Sealed Box,Dragon Ball Carddass Hondan Part 1 Sealed Box,2025-11-27,google_trends,15.7
Dragon Ball Carddass Hondan Part 1 Sealed Box,Dragon Ball Carddass Hondan Part 1 Sealed Box,2025-11-28,google_trends,18.1
Dragon Ball Carddass Hondan Part 1 Sealed Box,Dragon Ball Carddass Hondan Part 1 Sealed Box,2025-11-29,google_trends,15.4
Dragon Ball Carddass Hondan Part 1 Sealed Box,Dragon Ball Carddass Hondan Part 1 Sealed Box,2025-11-30,google_trends,16
Dragon Ball Carddass Hondan Part 1 Sealed Box,Dragon Ball Carddass Hondan Part 1 Sealed Box,2025-12-01,google_trends,18
Dragon Ball Carddass Hondan Part 1 Sealed Box,Dragon Ball Carddass Hondan Part 1 Sealed Box,2025-12-02,google_trends,16.3
Dragon Ball Carddass Hondan Part 1 Sealed Box,Dragon Ball Carddass Hondan Part 1 Sealed Box,2025-12-03,google_trends,18.1
Dragon Ball Carddass Hondan Part 1 Sealed Box,Dragon Ball Carddass Hondan Part 1 Sealed Box,2025-12-04,google_trends,15.3
Dragon Ball Carddass Hondan Part 1 Sealed Box,Dragon Ball Carddass Hondan Part 1 Sealed Box,2025-12-05,google_trends,16.5
Dragon Ball Carddass Hondan Part 1 Sealed Box,Dragon Ball Carddass Hondan Part 1 Sealed Box,2025-12-06,google_trends,18.1
Dragon Ball Carddass Hondan Part 1 Sealed Box,Dragon Ball Carddass Hondan Part 1 Sealed Box,2025-12-07,google_trends,18
Dragon Ball Carddass Hondan Part 1 Sealed Box,Dragon Ball Carddass Hondan Part 1 Sealed Box,2025-12-08,google_trends,17.7
Dragon Ball Carddass Hondan Part 1 Sealed Box,Dragon Ball Carddass Hondan Part 1 Sealed Box,2025-12-09,google_trends,18.5
Dragon Ball Carddass Hondan Part 1 Sealed Box,Dragon Ball Carddass Hondan Part 1 Sealed Box,2025-12-10,google_trends,17.6
Dragon Ball Carddass Hondan Part 1 Sealed Box,Dragon Ball Carddass Hondan Part 1 Sealed Box,2025-12-11,google_trends,16.7
Dragon Ball Carddass Hondan Part 1 Sealed Box,Dragon Ball Carddass Hondan Part 1 Sealed Box,2025-12-12,google_trends,16.6
Dragon Ball Carddass Hondan Part 1 Sealed Box,Dragon Ball Carddass Hondan Part 1 Sealed Box,2025-12-13,google_trends,17.5
Dragon Ball Carddass Hondan Part 1 Sealed Box,Dragon Ball Carddass Hondan Part 1 Sealed Box,2025-12-14,google_trends,15.7
Dragon Ball Carddass Hondan Part 1 Sealed Box,Dragon Ball Carddass Hondan Part 1 Sealed Box,2025-12-15,google_trends,16
Dragon Ball Carddass Hondan Part 1 Sealed Box,Dragon Ball Carddass Hondan Part 1 Sealed Box,2025-12-16,google_trends,15.4
Dragon Ball Carddass Hondan Part 1 Sealed Box,Dragon Ball Carddass Hondan Part 1 Sealed Box,2025-12-17,google_trends,18.6
Dragon Ball Carddass Hondan Part 1 Sealed Box,Dragon Ball Carddass Hondan Part 1 Sealed Box,2025-12-18,google_trends,17.7
Dragon Ball Carddass Hondan Part 1 Sealed Box,Dragon Ball Carddass Hondan Part 1 Sealed Box,2025-12-19,google_trends,18
Dragon Ball Carddass Hondan Part 1 Sealed Box,Dragon Ball Carddass Hondan Part 1 Sealed Box,2025-12-20,google_trends,19
Dragon Ball Carddass Hondan Part 1 Sealed Box,Dragon Ball Carddass Hondan Part 1 Sealed Box,2025-12-21,google_trends,17.3
Dragon Ball Carddass Hondan Part 1 Sealed Box,Dragon Ball Carddass Hondan Part 1 Sealed Box,2025-12-22,google_trends,17.8
Dragon Ball Carddass Hondan Part 1 Sealed Box,Dragon Ball Carddass Hondan Part 1 Sealed Box,2025-12-23,google_trends,17.7
Dragon Ball Carddass Hondan Part 1 Sealed Box,Dragon Ball Carddass Hondan Part 1 Sealed Box,2025-12-24,google_trends,17.2
Dragon Ball Carddass Hondan Part 1 Sealed Box,Dragon Ball Carddass Hondan Part 1 Sealed Box,2025-12-25,google_trends,18.3
Dragon Ball Carddass Hondan Part 1 Sealed Box,Dragon Ball Carddass Hondan Part 1 Sealed Box,2025-12-26,google_trends,17.7
Dragon Ball Carddass Hondan Part 1 Sealed Box,Dragon Ball Carddass Hondan Part 1 Sealed Box,2025-12-27,google_trends,18.8
Dragon Ball Carddass Hondan Part 1 Sealed Box,Dragon Ball Carddass Hondan Part 1 Sealed Box,2025-12-28,google_trends,17.9
Dragon Ball Carddass Hondan Part 1 Sealed Box,Dragon Ball Carddass Hondan Part 1 Sealed Box,2025-12-29,google_trends,16.2
Dragon Ball Carddass Hondan Part 1 Sealed Box,Dragon Ball Carddass Hondan Part 1 Sealed Box,2025-12-30,google_trends,16.8
Dragon Ball Carddass Hondan Part 1 Sealed Box,Dragon Ball Carddass Hondan Part 1 Sealed Box,2025-12-31,google_trends,16.2
Dragon Ball Carddass Hondan Part 1 Sealed Box,Dragon Ball Carddass Hondan Part 1 Sealed Box,2026-01-01,google_trends,16.4
Dragon Ball Carddass Hondan Part 1 Sealed Box,Dragon Ball Carddass Hondan Part 1 Sealed Box,2026-01-02,google_trends,17.8
Dragon Ball Carddass Hondan Part 1 Sealed Box,Dragon Ball Carddass Hondan Part 1 Sealed Box,2026-01-03,google_trends,17.5
Dragon Ball Carddass Hondan Part 1 Sealed Box,Dragon Ball Carddass Hondan Part 1 Sealed Box,2026-01-04,google_trends,18
Dragon Ball Carddass Hondan Part 1 Sealed Box,Dragon Ball Carddass Hondan Part 1 Sealed Box,2026-01-05,google_trends,16.1
Dragon Ball Carddass Hondan Part 1 Sealed Box,Dragon Ball Carddass Hondan Part 1 Sealed Box,2026-01-06,google_trends,16.6
Dragon Ball Carddass Hondan Part 1 Sealed Box,Dragon Ball Carddass Hondan Part 1 Sealed Box,2026-01-07,google_trends,17.5
Dragon Ball Carddass Hondan Part 1 Sealed Box,Dragon Ball Carddass Hondan Part 1 Sealed Box,2026-01-08,google_trends,15.6
Dragon Ball Carddass Hondan Part 1 Sealed Box,Dragon Ball Carddass Hondan Part 1 Sealed Box,2026-01-09,google_trends,18.1
Dragon Ball Carddass Hondan Part 1 Sealed Box,Dragon Ball Carddass Hondan Part 1 Sealed Box,2026-01-10,google_trends,18.5
Dragon Ball Carddass Hondan Part 1 Sealed Box,Dragon Ball Carddass Hondan Part 1 Sealed Box,2026-01-11,google_trends,17
Dragon Ball Carddass Hondan Part 1 Sealed Box,Dragon Ball Carddass Hondan Part 1 Sealed Box,2026-01-12,google_trends,18.2
Dragon Ball Carddass Hondan Part 1 Sealed Box,Dragon Ball Carddass Hondan Part 1 Sealed Box,2026-01-13,google_trends,16.6
Dragon Ball Carddass Hondan Part 1 Sealed Box,Dragon Ball Carddass Hondan Part 1 Sealed Box,2026-01-14,google_trends,15.6
Dragon Ball Carddass Hondan Part 1 Sealed Box,Dragon Ball Carddass Hondan Part 1 Sealed Box,2026-01-15,google_trends,17.3
Dragon Ball Carddass Hondan Part 1 Sealed Box,Dragon Ball Carddass Hondan Part 1 Sealed Box,2026-01-16,google_trends,19
Dragon Ball Carddass Hondan Part 1 Sealed Box,Dragon Ball Carddass Hondan Part 1 Sealed Box,2026-01-17,google_trends,15.7
Dragon Ball Carddass Hondan Part 1 Sealed Box,Dragon Ball Carddass Hondan Part 1 Sealed Box,2026-01-18,google_trends,18.2
Dragon Ball Carddass Hondan Part 1 Sealed Box,Dragon Ball Carddass Hondan Part 1 Sealed Box,2026-01-19,google_trends,17.7
Dragon Ball Carddass Hondan Part 1 Sealed Box,Dragon Ball Carddass Hondan Part 1 Sealed Box,2026-01-20,google_trends,17.3
Dragon Ball Carddass Hondan Part 1 Sealed Box,Dragon Ball Carddass Hondan Part 1 Sealed Box,2026-01-21,google_trends,15.2
Dragon Ball Carddass Hondan Part 1 Sealed Box,Dragon Ball Carddass Hondan Part 1 Sealed Box,2026-01-22,google_trends,15.5
Dragon Ball Carddass Hondan Part 1 Sealed Box,Dragon Ball Carddass Hondan Part 1 Sealed Box,2026-01-23,google_trends,15.3
Dragon Ball Carddass Hondan Part 1 Sealed Box,Dragon Ball Carddass Hondan Part 1 Sealed Box,2026-01-24,google_trends,15.6
Dragon Ball Carddass Hondan Part 1 Sealed Box,Dragon Ball Carddass Hondan Part 1 Sealed Box,2026-01-25,google_trends,16.9
Dragon Ball Carddass Hondan Part 1 Sealed Box,Dragon Ball Carddass Hondan Part 1 Sealed Box,2026-01-26,google_trends,17.4
Dragon Ball Carddass Hondan Part 1 Sealed Box,Dragon Ball Carddass Hondan Part 1 Sealed Box,2026-01-27,google_trends,17.2
Dragon Ball Carddass Hondan Part 1 Sealed Box,Dragon Ball Carddass Hondan Part 1 Sealed Box,2026-01-28,google_trends,17.2
Dragon Ball Carddass Hondan Part 1 Sealed Box,Dragon Ball Carddass Hondan Part 1 Sealed Box,2026-01-29,google_trends,17.8
Dragon Ball Carddass Hondan Part 1 Sealed Box,Dragon Ball Carddass Hondan Part 1 Sealed Box,2026-01-30,google_trends,17.1
Dragon Ball Carddass Hondan Part 1 Sealed Box,Dragon Ball Carddass Hondan Part 1 Sealed Box,2026-01-31,google_trends,19
Dragon Ball Carddass Hondan Part 1 Sealed Box,Dragon Ball Carddass Hondan Part 1 Sealed Box,2026-02-01,google_trends,18.1
Dragon Ball Carddass Hondan Part 1 Sealed Box,Dragon Ball Carddass Hondan Part 1 Sealed Box,2026-02-02,google_trends,15.1
Dragon Ball Carddass Hondan Part 1 Sealed Box,Dragon Ball Carddass Hondan Part 1 Sealed Box,2026-02-03,google_trends,15.2
Dragon Ball Carddass Hondan Part 1 Sealed Box,Dragon Ball Carddass Hondan Part 1 Sealed Box,2026-02-04,google_trends,16.5
Dragon Ball Carddass Hondan Part 1 Sealed Box,Dragon Ball Carddass Hondan Part 1 Sealed Box,2026-02-05,google_trends,18.5
Dragon Ball Carddass Hondan Part 1 Sealed Box,Dragon Ball Carddass Hondan Part 1 Sealed Box,2026-02-06,google_trends,17
Dragon Ball Carddass Hondan Part 1 Sealed Box,Dragon Ball Carddass Hondan Part 1 Sealed Box,2026-02-07,google_trends,16
Dragon Ball Carddass Hondan Part 1 Sealed Box,Dragon Ball Carddass Hondan Part 1 Sealed Box,2026-02-08,google_trends,18
Dragon Ball Carddass Hondan Part 1 Sealed Box,Dragon Ball Carddass Hondan Part 1 Sealed Box,2026-02-09,google_trends,18.7
Dragon Ball Carddass Hondan Part 1 Sealed Box,Dragon Ball Carddass Hondan Part 1 Sealed Box,2026-02-10,google_trends,15.8
Dragon Ball Carddass Hondan Part 1 Sealed Box,Dragon Ball Carddass Hondan Part 1 Sealed Box,2026-02-11,google_trends,18.6
Dragon Ball Carddass Hondan Part 1 Sealed Box,Dragon Ball Carddass Hondan Part 1 Sealed Box,2026-02-12,google_trends,18
Dragon Ball Carddass Hondan Part 1 Sealed Box,Dragon Ball Carddass Hondan Part 1 Sealed Box,2026-02-13,google_trends,17.4
Dragon Ball Carddass Hondan Part 1 Sealed Box,Dragon Ball Carddass Hondan Part 1 Sealed Box,2026-02-14,google_trends,15.4
Dragon Ball Carddass Hondan Part 1 Sealed Box,Dragon Ball Carddass Hondan Part 1 Sealed Box,2026-02-15,google_trends,18.9
Dragon Ball Carddass Hondan Part 1 Sealed Box,Dragon Ball Carddass Hondan Part 1 Sealed Box,2026-02-16,google_trends,15.6
Dragon Ball Carddass Hondan Part 1 Sealed Box,Dragon Ball Carddass Hondan Part 1 Sealed Box,2026-02-17,google_trends,15.2
Dragon Ball Carddass Hondan Part 1 Sealed Box,Dragon Ball Carddass Hondan Part 1 Sealed Box,2026-02-18,google_trends,15.1
Dragon Ball Carddass Hondan Part 1 Sealed Box,Dragon Ball Carddass Hondan Part 1 Sealed Box,2026-02-19,google_trends,18.5
Dragon Ball Carddass Hondan Part 1 Sealed Box,Dragon Ball Carddass Hondan Part 1 Sealed Box,2026-02-20,google_trends,16.9
Dragon Ball Carddass Hondan Part 1 Sealed Box,Dragon Ball Carddass Hondan Part 1 Sealed Box,2026-02-21,google_trends,15.5
Dragon Ball Carddass Hondan Part 1 Sealed Box,Dragon Ball Carddass Hondan Part 1 Sealed Box,2026-02-22,google_trends,16.5
Dragon Ball Carddass Hondan Part 1 Sealed Box,Dragon Ball Carddass Hondan Part 1 Sealed Box,2026-02-23,google_trends,18.3
Dragon Ball Carddass Hondan Part 1 Sealed Box,Dragon Ball Carddass Hondan Part 1 Sealed Box,2026-02-24,google_trends,16.9
Dragon Ball Carddass Hondan Part 1 Sealed Box,Dragon Ball Carddass Hondan Part 1 Sealed Box,2026-02-25,google_trends,17.8
Dragon Ball Carddass Hondan Part 1 Sealed Box,Dragon Ball Carddass Hondan Part 1 Sealed Box,2026-02-26,google_trends,18.3
Dragon Ball Carddass Hondan Part 1 Sealed Box,Dragon Ball Carddass Hondan Part 1 Sealed Box,2026-02-27,google_trends,16.3
Dragon Ball Carddass Hondan Part 1 Sealed Box,Dragon Ball Carddass Hondan Part 1 Sealed Box,2026-02-28,google_trends,18.2
Dragon Ball Carddass Hondan Part 1 Sealed Box,Dragon Ball Carddass Hondan Part 1 Sealed Box,2026-03-01,google_trends,18.5
Dragon Ball Carddass Hondan Part 1 Sealed Box,Dragon Ball Carddass Hondan Part 1 Sealed Box,2026-03-02,google_trends,15.9
Dragon Ball Carddass Hondan Part 1 Sealed Box,Dragon Ball Carddass Hondan Part 1 Sealed Box,2026-03-03,google_trends,16.3
Dragon Ball Carddass Hondan Part 1 Sealed Box,Dragon Ball Carddass Hondan Part 1 Sealed Box,2026-03-04,google_trends,18.6
Dragon Ball Carddass Hondan Part 1 Sealed Box,Dragon Ball Carddass Hondan Part 1 Sealed Box,2026-03-05,google_trends,16
Dragon Ball Carddass Hondan Part 1 Sealed Box,Dragon Ball Carddass Hondan Part 1 Sealed Box,2026-03-06,google_trends,15
Dragon Ball Carddass Hondan Part 1 Sealed Box,Dragon Ball Carddass Hondan Part 1 Sealed Box,2026-03-07,google_trends,18.3
Dragon Ball Carddass Hondan Part 1 Sealed Box,Dragon Ball Carddass Hondan Part 1 Sealed Box,2026-03-08,google_trends,18.7
Dragon Ball Carddass Hondan Part 1 Sealed Box,Dragon Ball Carddass Hondan Part 1 Sealed Box,2026-03-09,google_trends,17.7
Dragon Ball Carddass Hondan Part 1 Sealed Box,Dragon Ball Carddass Hondan Part 1 Sealed Box,2026-03-10,google_trends,18.5
Dragon Ball Carddass Hondan Part 1 Sealed Box,Dragon Ball Carddass Hondan Part 1 Sealed Box,2026-03-11,google_trends,16.7
Dragon Ball Carddass Hondan Part 1 Sealed Box,Dragon Ball Carddass Hondan Part 1 Sealed Box,2026-03-12,google_trends,18.3
Dragon Ball Carddass Hondan Part 1 Sealed Box,Dragon Ball Carddass Hondan Part 1 Sealed Box,2026-03-13,google_trends,17.7
Dragon Ball Carddass Hondan Part 1 Sealed Box,Dragon Ball Carddass Hondan Part 1 Sealed Box,2026-03-14,google_trends,15.4
Dragon Ball Carddass Hondan Part 1 Sealed Box,Dragon Ball Carddass Hondan Part 1 Sealed Box,2026-03-15,google_trends,15.9
Dragon Ball Carddass Hondan Part 1 Sealed Box,Dragon Ball Carddass Hondan Part 1 Sealed Box,2026-03-16,google_trends,18.5
Dragon Ball Carddass Hondan Part 1 Sealed Box,Dragon Ball Carddass Hondan Part 1 Sealed Box,2026-03-17,google_trends,18
Dragon Ball Carddass Hondan Part 1 Sealed Box,Dragon Ball Carddass Hondan Part 1 Sealed Box,2026-03-18,google_trends,16.5
Dragon Ball Carddass Hondan Part 1 Sealed Box,Dragon Ball Carddass Hondan Part 1 Sealed Box,2026-03-19,google_trends,17.2
Dragon Ball Carddass Hondan Part 1 Sealed Box,Dragon Ball Carddass Hondan Part 1 Sealed Box,2026-03-20,google_trends,15.8
Dragon Ball Carddass Hondan Part 1 Sealed Box,Dragon Ball Carddass Hondan Part 1 Sealed Box,2026-03-21,google_trends,18.3
Dragon Ball Carddass Hondan Part 1 Sealed Box,Dragon Ball Carddass Hondan Part 1 Sealed Box,2026-03-22,google_trends,18.4
Dragon Ball Carddass Hondan Part 1 Sealed Box,Dragon Ball Carddass Hondan Part 1 Sealed Box,2026-03-23,google_trends,19
Dragon Ball Carddass Hondan Part 1 Sealed Box,Dragon Ball Carddass Hondan Part 1 Sealed Box,2026-03-24,google_trends,18.2
Dragon Ball Carddass Hondan Part 1 Sealed Box,Dragon Ball Carddass Hondan Part 1 Sealed Box,2026-03-25,google_trends,16.5
Dragon Ball Carddass Hondan Part 1 Sealed Box,Dragon Ball Carddass Hondan Part 1 Sealed Box,2026-03-26,google_trends,18.8
Dragon Ball Carddass Hondan Part 1 Sealed Box,Dragon Ball Carddass Hondan Part 1 Sealed Box,2026-03-27,google_trends,18.2
Dragon Ball Carddass Hondan Part 1 Sealed Box,Dragon Ball Carddass Hondan Part 1 Sealed Box,2026-03-28,google_trends,15.4
Dragon Ball Carddass Hondan Part 1 Sealed Box,Dragon Ball Carddass Hondan Part 1 Sealed Box,2026-03-29,google_trends,16.4
Dragon Ball Carddass Hondan Part 1 Sealed Box,Dragon Ball Carddass Hondan Part 1 Sealed Box,2026-03-30,google_trends,17.1
Dragon Ball Carddass Hondan Part 1 Sealed Box,Dragon Ball Carddass Hondan Part 1 Sealed Box,2026-03-31,google_trends,18.6
Dragon Ball Carddass Hondan Part 1 Sealed Box,Dragon Ball Carddass Hondan Part 1 Sealed Box,2026-04-01,google_trends,15.3
Dragon Ball Carddass Hondan Part 1 Sealed Box,Dragon Ball Carddass Hondan Part 1 Sealed Box,2026-04-02,google_trends,18
Dragon Ball Carddass Hondan Part 1 Sealed Box,Dragon Ball Carddass Hondan Part 1 Sealed Box,2026-04-03,google_trends,16.1
Dragon Ball Carddass Hondan Part 1 Sealed Box,Dragon Ball Carddass Hondan Part 1 Sealed Box,2026-04-04,google_trends,18.4
Dragon Ball Carddass Hondan Part 1 Sealed Box,Dragon Ball Carddass Hondan Part 1 Sealed Box,2026-04-05,google_trends,15
Dragon Ball Carddass Hondan Part 1 Sealed Box,Dragon Ball Carddass Hondan Part 1 Sealed Box,2026-04-06,google_trends,15.1
Dragon Ball Carddass Hondan Part 1 Sealed Box,Dragon Ball Carddass Hondan Part 1 Sealed Box,2026-04-07,google_trends,16.8
Dragon Ball Carddass Hondan Part 1 Sealed Box,Dragon Ball Carddass Hondan Part 1 Sealed Box,2026-04-08,google_trends,15.7
Dragon Ball Carddass Hondan Part 1 Sealed Box,Dragon Ball Carddass Hondan Part 1 Sealed Box,2026-04-09,google_trends,18
Dragon Ball Carddass Hondan Part 1 Sealed Box,Dragon Ball Carddass Hondan Part 1 Sealed Box,2026-04-10,google_trends,16.7
Dragon Ball Carddass Hondan Part 1 Sealed Box,Dragon Ball Carddass Hondan Part 1 Sealed Box,2026-04-11,google_trends,15.5
Dragon Ball Carddass Hondan Part 1 Sealed Box,Dragon Ball Carddass Hondan Part 1 Sealed Box,2026-04-12,google_trends,17
Dragon Ball Carddass Hondan Part 1 Sealed Box,Dragon Ball Carddass Hondan Part 1 Sealed Box,2026-04-13,google_trends,18.7
Dragon Ball Carddass Hondan Part 1 Sealed Box,Dragon Ball Carddass Hondan Part 1 Sealed Box,2026-04-14,google_trends,18.6
Dragon Ball Carddass Hondan Part 1 Sealed Box,Dragon Ball Carddass Hondan Part 1 Sealed Box,2026-04-15,google_trends,18.7
Dragon Ball Carddass Hondan Part 1 Sealed Box,Dragon Ball Carddass Hondan Part 1 Sealed Box,2026-04-16,google_trends,17.7
Dragon Ball Carddass Hondan Part 1 Sealed Box,Dragon Ball Carddass Hondan Part 1 Sealed Box,2026-04-17,google_trends,15.5
Dragon Ball Carddass Hondan Part 1 Sealed Box,Dragon Ball Carddass Hondan Part 1 Sealed Box,2026-04-18,google_trends,18.3
Dragon Ball Carddass Hondan Part 1 Sealed Box,Dragon Ball Carddass Hondan Part 1 Sealed Box,2026-04-19,google_trends,15.9
Dragon Ball Carddass Hondan Part 1 Sealed Box,Dragon Ball Carddass Hondan Part 1 Sealed Box,2026-04-20,google_trends,16.1
Dragon Ball Carddass Hondan Part 1 Sealed Box,Dragon Ball Carddass Hondan Part 1 Sealed Box,2026-04-21,google_trends,18.2
Dragon Ball Carddass Hondan Part 1 Sealed Box,Dragon Ball Carddass Hondan Part 1 Sealed Box,2026-04-22,google_trends,18.1
Dragon Ball Carddass Hondan Part 1 Sealed Box,Dragon Ball Carddass Hondan Part 1 Sealed Box,2026-04-23,google_trends,16.1
Dragon Ball Carddass Hondan Part 1 Sealed Box,Dragon Ball Carddass Hondan Part 1 Sealed Box,2026-04-24,google_trends,18.8
Dragon Ball Carddass Hondan Part 1 Sealed Box,Dragon Ball Carddass Hondan Part 1 Sealed Box,2026-04-25,google_trends,16.6
Dragon Ball Carddass Hondan Part 1 Sealed Box,Dragon Ball Carddass Hondan Part 1 Sealed Box,2026-04-26,google_trends,16.3
Dragon Ball Carddass Hondan Part 1 Sealed Box,Dragon Ball Carddass Hondan Part 1 Sealed Box,2026-04-27,google_trends,18.8
Dragon Ball Carddass Hondan Part 1 Sealed Box,Dragon Ball Carddass Hondan Part 1 Sealed Box,2026-04-28,google_trends,15.9
Dragon Ball Carddass Hondan Part 1 Sealed Box,Dragon Ball Carddass Hondan Part 1 Sealed Box,2026-04-29,google_trends,17.4
Dragon Ball Carddass Hondan Part 1 Sealed Box,Dragon Ball Carddass Hondan Part 1 Sealed Box,2026-04-30,google_trends,17.1
Dragon Ball Carddass Hondan Part 1 Sealed Box,Dragon Ball Carddass Hondan Part 1 Sealed Box,2026-05-01,google_trends,17.8
Dragon Ball Carddass Hondan Part 1 Sealed Box,Dragon Ball Carddass Hondan Part 1 Sealed Box,2026-05-02,google_trends,16.5
Dragon Ball Carddass Hondan Part 1 Sealed Box,Dragon Ball Carddass Hondan Part 1 Sealed Box,2026-05-03,google_trends,18.1
Dragon Ball Carddass Hondan Part 1 Sealed Box,Dragon Ball Carddass Hondan Part 1 Sealed Box,2026-05-04,google_trends,15.1
Dragon Ball Carddass Hondan Part 1 Sealed Box,Dragon Ball Carddass Hondan Part 1 Sealed Box,2026-05-05,google_trends,17.1
Dragon Ball Carddass Hondan Part 1 Sealed Box,Dragon Ball Carddass Hondan Part 1 Sealed Box,2026-05-06,google_trends,19
Dragon Ball Carddass Hondan Part 1 Sealed Box,Dragon Ball Carddass Hondan Part 1 Sealed Box,2026-05-07,google_trends,18.1
Dragon Ball Carddass Hondan Part 1 Sealed Box,Dragon Ball Carddass Hondan Part 1 Sealed Box,2026-05-08,google_trends,17.1
Dragon Ball Carddass Hondan Part 1 Sealed Box,Dragon Ball Carddass Hondan Part 1 Sealed Box,2026-05-09,google_trends,15.9
Dragon Ball Carddass Hondan Part 1 Sealed Box,Dragon Ball Carddass Hondan Part 1 Sealed Box,2026-05-10,google_trends,17.4
Dragon Ball Carddass Hondan Part 1 Sealed Box,Dragon Ball Carddass Hondan Part 1 Sealed Box,2026-05-11,google_trends,16.2
Dragon Ball Carddass Hondan Part 1 Sealed Box,Dragon Ball Carddass Hondan Part 1 Sealed Box,2026-05-12,google_trends,16.8
Dragon Ball Carddass Hondan Part 1 Sealed Box,Dragon Ball Carddass Hondan Part 1 Sealed Box,2026-05-13,google_trends,15.4
Dragon Ball Carddass Hondan Part 1 Sealed Box,Dragon Ball Carddass Hondan Part 1 Sealed Box,2026-05-14,google_trends,16.8
Dragon Ball Carddass Hondan Part 1 Sealed Box,Dragon Ball Carddass Hondan Part 1 Sealed Box,2026-05-15,google_trends,17.7
Dragon Ball Carddass Hondan Part 1 Sealed Box,Dragon Ball Carddass Hondan Part 1 Sealed Box,2026-05-16,google_trends,17.2
Dragon Ball Carddass Hondan Part 1 Sealed Box,Dragon Ball Carddass Hondan Part 1 Sealed Box,2026-05-17,google_trends,15.5
Dragon Ball Carddass Hondan Part 1 Sealed Box,Dragon Ball Carddass Hondan Part 1 Sealed Box,2026-05-18,google_trends,18.4
Dragon Ball Carddass Hondan Part 1 Sealed Box,Dragon Ball Carddass Hondan Part 1 Sealed Box,2026-05-19,google_trends,17.7
Dragon Ball Carddass Hondan Part 1 Sealed Box,Dragon Ball Carddass Hondan Part 1 Sealed Box,2026-05-20,google_trends,18.7
Dragon Ball Carddass Hondan Part 1 Sealed Box,Dragon Ball Carddass Hondan Part 1 Sealed Box,2026-05-21,google_trends,17.1
Dragon Ball Carddass Hondan Part 1 Sealed Box,Dragon Ball Carddass Hondan Part 1 Sealed Box,2026-05-22,google_trends,16.1
Dragon Ball Carddass Hondan Part 1 Sealed Box,Dragon Ball Carddass Hondan Part 1 Sealed Box,2026-05-23,google_trends,19
Dragon Ball Carddass Hondan Part 1 Sealed Box,Dragon Ball Carddass Hondan Part 1 Sealed Box,2026-05-24,google_trends,18.4
Dragon Ball Carddass Hondan Part 1 Sealed Box,Dragon Ball Carddass Hondan Part 1 Sealed Box,2026-05-25,google_trends,15.3
Dragon Ball Carddass Hondan Part 1 Sealed Box,Dragon Ball Carddass Hondan Part 1 Sealed Box,2026-05-26,google_trends,17.6
Dragon Ball Carddass Hondan Part 1 Sealed Box,Dragon Ball Carddass Hondan Part 1 Sealed Box,2026-05-27,google_trends,16.7
Dragon Ball Carddass Hondan Part 1 Sealed Box,Dragon Ball Carddass Hondan Part 1 Sealed Box,2026-05-28,google_trends,15.2
Dragon Ball Carddass Hondan Part 1 Sealed Box,Dragon Ball Carddass Hondan Part 1 Sealed Box,2026-05-29,google_trends,17.9
Dragon Ball Carddass Hondan Part 1 Sealed Box,Dragon Ball Carddass Hondan Part 1 Sealed Box,2026-05-30,google_trends,15.6
Dragon Ball Carddass Hondan Part 1 Sealed Box,Dragon Ball Carddass Hondan Part 1 Sealed Box,2026-05-31,google_trends,16.8
Dragon Ball Carddass Hondan Part 1 Sealed Box,Dragon Ball Carddass Hondan Part 1 Sealed Box,2026-06-01,google_trends,18
Dragon Ball Carddass Hondan Part 1 Sealed Box,Dragon Ball Carddass Hondan Part 1 Sealed Box,2026-06-02,google_trends,16.9
Dragon Ball Carddass Hondan Part 1 Sealed Box,Dragon Ball Carddass Hondan Part 1 Sealed Box,2026-06-03,google_trends,15.4
Dragon Ball Carddass Hondan Part 1 Sealed Box,Dragon Ball Carddass Hondan Part 1 Sealed Box,2026-06-04,google_trends,18.2
Dragon Ball Carddass Hondan Part 1 Sealed Box,Dragon Ball Carddass Hondan Part 1 Sealed Box,2026-06-05,google_trends,17.8
Dragon Ball Carddass Hondan Part 1 Sealed Box,Dragon Ball Carddass Hondan Part 1 Sealed Box,2026-06-06,google_trends,17
Dragon Ball Carddass Hondan Part 1 Sealed Box,Dragon Ball Carddass Hondan Part 1 Sealed Box,2026-06-07,google_trends,17.5
Dragon Ball Carddass Hondan Part 1 Sealed Box,Dragon Ball Carddass Hondan Part 1 Sealed Box,2026-06-08,google_trends,16.9
Dragon Ball Carddass Hondan Part 1 Sealed Box,Dragon Ball Carddass Hondan Part 1 Sealed Box,2026-06-09,google_trends,18.5
Dragon Ball Carddass Hondan Part 1 Sealed Box,Dragon Ball Carddass Hondan Part 1 Sealed Box,2026-06-10,google_trends,17.8
Dragon Ball Carddass Hondan Part 1 Sealed Box,Dragon Ball Carddass Hondan Part 1 Sealed Box,2026-06-11,google_trends,16.7
Dragon Ball Carddass Hondan Part 1 Sealed Box,Dragon Ball Carddass Hondan Part 1 Sealed Box,2026-06-12,google_trends,17.8
Dragon Ball Carddass Hondan Part 1 Sealed Box,Dragon Ball Carddass Hondan Part 1 Sealed Box,2026-06-13,google_trends,16.9
Dragon Ball Carddass Hondan Part 1 Sealed Box,Dragon Ball Carddass Hondan Part 1 Sealed Box,2026-06-14,google_trends,18.8
Dragon Ball Carddass Hondan Part 1 Sealed Box,Dragon Ball Carddass Hondan Part 1 Sealed Box,2026-06-15,google_trends,18.7
Dragon Ball Carddass Hondan Part 1 Sealed Box,Dragon Ball Carddass Hondan Part 1 Sealed Box,2026-06-16,google_trends,15.9
Dragon Ball Carddass Hondan Part 1 Sealed Box,Dragon Ball Carddass Hondan Part 1 Sealed Box,2026-06-17,google_trends,16.1
Dragon Ball Carddass Hondan Part 1 Sealed Box,Dragon Ball Carddass Hondan Part 1 Sealed Box,2026-06-18,google_trends,17.3
Dragon Ball Carddass Hondan Part 1 Sealed Box,Dragon Ball Carddass Hondan Part 1 Sealed Box,2026-06-19,google_trends,17.4
Dragon Ball Carddass Hondan Part 1 Sealed Box,Dragon Ball Carddass Hondan Part 1 Sealed Box,2026-06-20,google_trends,15.1
Dragon Ball Carddass Hondan Part 1 Sealed Box,Dragon Ball Carddass Hondan Part 1 Sealed Box,2026-06-21,google_trends,16.9
Dragon Ball Carddass Hondan Part 1 Sealed Box,Dragon Ball Carddass Hondan Part 1 Sealed Box,2026-06-22,google_trends,15.1
Dragon Ball Carddass Hondan Part 1 Sealed Box,Dragon Ball Carddass Hondan Part 1 Sealed Box,2026-06-23,google_trends,15.1
Dragon Ball Carddass Hondan Part 1 Sealed Box,Dragon Ball Carddass Hondan Part 1 Sealed Box,2026-06-24,google_trends,16.3
Dragon Ball Carddass Hondan Part 1 Sealed Box,Dragon Ball Carddass Hondan Part 1 Sealed Box,2026-06-25,google_trends,15.6
Dragon Ball Carddass Hondan Part 1 Sealed Box,Dragon Ball Carddass Hondan Part 1 Sealed Box,2026-06-26,google_trends,18.1
Dragon Ball Carddass Hondan Part 1 Sealed Box,Dragon Ball Carddass Hondan Part 1 Sealed Box,2026-06-27,google_trends,16.1
Dragon Ball Carddass Hondan Part 1 Sealed Box,Dragon Ball Carddass Hondan Part 1 Sealed Box,2026-06-28,google_trends,15.6
Dragon Ball Carddass Hondan Part 1 Sealed Box,Dragon Ball Carddass Hondan Part 1 Sealed Box,2026-06-29,google_trends,15.4
Dragon Ball Carddass Hondan Part 1 Sealed Box,Dragon Ball Carddass Hondan Part 1 Sealed Box,2026-06-30,google_trends,15.2
Dragon Ball Carddass Hondan Part 1 Sealed Box,Dragon Ball Carddass Hondan Part 1 Sealed Box,2026-07-01,google_trends,16.3
Dragon Ball Carddass Hondan Part 1 Sealed Box,Dragon Ball Carddass Hondan Part 1 Sealed Box,2026-07-02,google_trends,15.7
Dragon Ball Carddass Hondan Part 1 Sealed Box,Dragon Ball Carddass Hondan Part 1 Sealed Box,2026-07-03,google_trends,16
Dragon Ball Carddass Hondan Part 1 Sealed Box,Dragon Ball Carddass Hondan Part 1 Sealed Box,2026-07-04,google_trends,15.8
Dragon Ball Carddass Hondan Part 1 Sealed Box,Dragon Ball Carddass Hondan Part 1 Sealed Box,2026-07-05,google_trends,16.8
Dragon Ball Carddass Hondan Part 1 Sealed Box,Dragon Ball Carddass Hondan Part 1 Sealed Box,2026-07-06,google_trends,15.6
Dragon Ball Carddass Hondan Part 1 Sealed Box,Dragon Ball Carddass Hondan Part 1 Sealed Box,2026-07-07,google_trends,16.8
Dragon Ball Carddass Hondan Part 1 Sealed Box,Dragon Ball Carddass Hondan Part 1 Sealed Box,2026-07-08,google_trends,17.3
Dragon Ball Carddass Hondan Part 1 Sealed Box,Dragon Ball Carddass Hondan Part 1 Sealed Box,2026-07-09,google_trends,17.2
Dragon Ball Carddass Hondan Part 1 Sealed Box,Dragon Ball Carddass Hondan Part 1 Sealed Box,2026-07-10,google_trends,16.3
Dragon Ball Carddass Hondan Part 1 Sealed Box,Dragon Ball Carddass Hondan Part 1 Sealed Box,2026-07-11,google_trends,18
Dragon Ball Carddass Hondan Part 1 Sealed Box,Dragon Ball Carddass Hondan Part 1 Sealed Box,2026-07-12,google_trends,16.8
Dragon Ball Carddass Hondan Part 1 Sealed Box,Dragon Ball Carddass Hondan Part 1 Sealed Box,2026-07-13,google_trends,15.2
Dragon Ball Carddass Hondan Part 1 Sealed Box,Dragon Ball Carddass Hondan Part 1 Sealed Box,2026-07-14,google_trends,17.9
Dragon Ball Carddass Hondan Part 1 Sealed Box,Dragon Ball Carddass Hondan Part 1 Sealed Box,2026-07-15,google_trends,16.6
Dragon Ball Carddass Hondan Part 1 Sealed Box,Dragon Ball Carddass Hondan Part 1 Sealed Box,2026-07-16,google_trends,16.8
Dragon Ball Carddass Hondan Part 1 Sealed Box,Dragon Ball Carddass Hondan Part 1 Sealed Box,2026-07-17,google_trends,15.5
Dragon Ball Carddass Hondan Part 1 Sealed Box,Dragon Ball Carddass Hondan Part 1 Sealed Box,2026-07-18,google_trends,15.4
Dragon Ball Carddass Hondan Part 1 Sealed Box,Dragon Ball Carddass Hondan Part 1 Sealed Box,2026-07-19,google_trends,15.1
Dragon Ball Carddass Hondan Part 1 Sealed Box,Dragon Ball Carddass Hondan Part 1 Sealed Box,2026-07-20,google_trends,18.4
Dragon Ball Carddass Hondan Part 1 Sealed Box,Dragon Ball Carddass Hondan Part 1 Sealed Box,2026-07-21,google_trends,16.1
Dragon Ball Carddass Hondan Part 1 Sealed Box,Dragon Ball Carddass Hondan Part 1 Sealed Box,2026-07-22,google_trends,15.7
Dragon Ball Carddass Hondan Part 1 Sealed Box,Dragon Ball Carddass Hondan Part 1 Sealed Box,2026-07-23,google_trends,15.9
Dragon Ball Carddass Hondan Part 1 Sealed Box,Dragon Ball Carddass Hondan Part 1 Sealed Box,2026-07-24,google_trends,16.2
Dragon Ball Carddass Hondan Part 1 Sealed Box,Dragon Ball Carddass Hondan Part 1 Sealed Box,2026-07-25,google_trends,16.2
Pikachu CoroCoro Comic Promo #025,Pikachu CoroCoro Comic Promo #025,2025-10-29,google_trends,14.3
Pikachu CoroCoro Comic Promo #025,Pikachu CoroCoro Comic Promo #025,2025-10-30,google_trends,17.8
Pikachu CoroCoro Comic Promo #025,Pikachu CoroCoro Comic Promo #025,2025-10-31,google_trends,17.5
Pikachu CoroCoro Comic Promo #025,Pikachu CoroCoro Comic Promo #025,2025-11-01,google_trends,17.7
Pikachu CoroCoro Comic Promo #025,Pikachu CoroCoro Comic Promo #025,2025-11-02,google_trends,17.8
Pikachu CoroCoro Comic Promo #025,Pikachu CoroCoro Comic Promo #025,2025-11-03,google_trends,16.1
Pikachu CoroCoro Comic Promo #025,Pikachu CoroCoro Comic Promo #025,2025-11-04,google_trends,17.3
Pikachu CoroCoro Comic Promo #025,Pikachu CoroCoro Comic Promo #025,2025-11-05,google_trends,14.4
Pikachu CoroCoro Comic Promo #025,Pikachu CoroCoro Comic Promo #025,2025-11-06,google_trends,15.3
Pikachu CoroCoro Comic Promo #025,Pikachu CoroCoro Comic Promo #025,2025-11-07,google_trends,16.7
Pikachu CoroCoro Comic Promo #025,Pikachu CoroCoro Comic Promo #025,2025-11-08,google_trends,15.2
Pikachu CoroCoro Comic Promo #025,Pikachu CoroCoro Comic Promo #025,2025-11-09,google_trends,16.5
Pikachu CoroCoro Comic Promo #025,Pikachu CoroCoro Comic Promo #025,2025-11-10,google_trends,15.2
Pikachu CoroCoro Comic Promo #025,Pikachu CoroCoro Comic Promo #025,2025-11-11,google_trends,15.8
Pikachu CoroCoro Comic Promo #025,Pikachu CoroCoro Comic Promo #025,2025-11-12,google_trends,15.1
Pikachu CoroCoro Comic Promo #025,Pikachu CoroCoro Comic Promo #025,2025-11-13,google_trends,14.1
Pikachu CoroCoro Comic Promo #025,Pikachu CoroCoro Comic Promo #025,2025-11-14,google_trends,16.5
Pikachu CoroCoro Comic Promo #025,Pikachu CoroCoro Comic Promo #025,2025-11-15,google_trends,15.5
Pikachu CoroCoro Comic Promo #025,Pikachu CoroCoro Comic Promo #025,2025-11-16,google_trends,16.1
Pikachu CoroCoro Comic Promo #025,Pikachu CoroCoro Comic Promo #025,2025-11-17,google_trends,16.2
Pikachu CoroCoro Comic Promo #025,Pikachu CoroCoro Comic Promo #025,2025-11-18,google_trends,16.8
Pikachu CoroCoro Comic Promo #025,Pikachu CoroCoro Comic Promo #025,2025-11-19,google_trends,17.7
Pikachu CoroCoro Comic Promo #025,Pikachu CoroCoro Comic Promo #025,2025-11-20,google_trends,17.2
Pikachu CoroCoro Comic Promo #025,Pikachu CoroCoro Comic Promo #025,2025-11-21,google_trends,17.2
Pikachu CoroCoro Comic Promo #025,Pikachu CoroCoro Comic Promo #025,2025-11-22,google_trends,14.5
Pikachu CoroCoro Comic Promo #025,Pikachu CoroCoro Comic Promo #025,2025-11-23,google_trends,14.8
Pikachu CoroCoro Comic Promo #025,Pikachu CoroCoro Comic Promo #025,2025-11-24,google_trends,15.4
Pikachu CoroCoro Comic Promo #025,Pikachu CoroCoro Comic Promo #025,2025-11-25,google_trends,16.6
Pikachu CoroCoro Comic Promo #025,Pikachu CoroCoro Comic Promo #025,2025-11-26,google_trends,16.9
Pikachu CoroCoro Comic Promo #025,Pikachu CoroCoro Comic Promo #025,2025-11-27,google_trends,14.2
Pikachu CoroCoro Comic Promo #025,Pikachu CoroCoro Comic Promo #025,2025-11-28,google_trends,17.8
Pikachu CoroCoro Comic Promo #025,Pikachu CoroCoro Comic Promo #025,2025-11-29,google_trends,15.3
Pikachu CoroCoro Comic Promo #025,Pikachu CoroCoro Comic Promo #025,2025-11-30,google_trends,16.3
Pikachu CoroCoro Comic Promo #025,Pikachu CoroCoro Comic Promo #025,2025-12-01,google_trends,14.7
Pikachu CoroCoro Comic Promo #025,Pikachu CoroCoro Comic Promo #025,2025-12-02,google_trends,15.9
Pikachu CoroCoro Comic Promo #025,Pikachu CoroCoro Comic Promo #025,2025-12-03,google_trends,17.8
Pikachu CoroCoro Comic Promo #025,Pikachu CoroCoro Comic Promo #025,2025-12-04,google_trends,14.5
Pikachu CoroCoro Comic Promo #025,Pikachu CoroCoro Comic Promo #025,2025-12-05,google_trends,14.8
Pikachu CoroCoro Comic Promo #025,Pikachu CoroCoro Comic Promo #025,2025-12-06,google_trends,16.9
Pikachu CoroCoro Comic Promo #025,Pikachu CoroCoro Comic Promo #025,2025-12-07,google_trends,17.7
Pikachu CoroCoro Comic Promo #025,Pikachu CoroCoro Comic Promo #025,2025-12-08,google_trends,15.1
Pikachu CoroCoro Comic Promo #025,Pikachu CoroCoro Comic Promo #025,2025-12-09,google_trends,14.9
Pikachu CoroCoro Comic Promo #025,Pikachu CoroCoro Comic Promo #025,2025-12-10,google_trends,15
Pikachu CoroCoro Comic Promo #025,Pikachu CoroCoro Comic Promo #025,2025-12-11,google_trends,17
Pikachu CoroCoro Comic Promo #025,Pikachu CoroCoro Comic Promo #025,2025-12-12,google_trends,15.6
Pikachu CoroCoro Comic Promo #025,Pikachu CoroCoro Comic Promo #025,2025-12-13,google_trends,15.1
Pikachu CoroCoro Comic Promo #025,Pikachu CoroCoro Comic Promo #025,2025-12-14,google_trends,17.7
Pikachu CoroCoro Comic Promo #025,Pikachu CoroCoro Comic Promo #025,2025-12-15,google_trends,17.8
Pikachu CoroCoro Comic Promo #025,Pikachu CoroCoro Comic Promo #025,2025-12-16,google_trends,16.8
Pikachu CoroCoro Comic Promo #025,Pikachu CoroCoro Comic Promo #025,2025-12-17,google_trends,18
Pikachu CoroCoro Comic Promo #025,Pikachu CoroCoro Comic Promo #025,2025-12-18,google_trends,14.3
Pikachu CoroCoro Comic Promo #025,Pikachu CoroCoro Comic Promo #025,2025-12-19,google_trends,14.7
Pikachu CoroCoro Comic Promo #025,Pikachu CoroCoro Comic Promo #025,2025-12-20,google_trends,14.6
Pikachu CoroCoro Comic Promo #025,Pikachu CoroCoro Comic Promo #025,2025-12-21,google_trends,16
Pikachu CoroCoro Comic Promo #025,Pikachu CoroCoro Comic Promo #025,2025-12-22,google_trends,17.2
Pikachu CoroCoro Comic Promo #025,Pikachu CoroCoro Comic Promo #025,2025-12-23,google_trends,17.3
Pikachu CoroCoro Comic Promo #025,Pikachu CoroCoro Comic Promo #025,2025-12-24,google_trends,14.4
Pikachu CoroCoro Comic Promo #025,Pikachu CoroCoro Comic Promo #025,2025-12-25,google_trends,14.7
Pikachu CoroCoro Comic Promo #025,Pikachu CoroCoro Comic Promo #025,2025-12-26,google_trends,16.5
Pikachu CoroCoro Comic Promo #025,Pikachu CoroCoro Comic Promo #025,2025-12-27,google_trends,16.9
Pikachu CoroCoro Comic Promo #025,Pikachu CoroCoro Comic Promo #025,2025-12-28,google_trends,15.5
Pikachu CoroCoro Comic Promo #025,Pikachu CoroCoro Comic Promo #025,2025-12-29,google_trends,14.1
Pikachu CoroCoro Comic Promo #025,Pikachu CoroCoro Comic Promo #025,2025-12-30,google_trends,14.4
Pikachu CoroCoro Comic Promo #025,Pikachu CoroCoro Comic Promo #025,2025-12-31,google_trends,16.3
Pikachu CoroCoro Comic Promo #025,Pikachu CoroCoro Comic Promo #025,2026-01-01,google_trends,16
Pikachu CoroCoro Comic Promo #025,Pikachu CoroCoro Comic Promo #025,2026-01-02,google_trends,17.5
Pikachu CoroCoro Comic Promo #025,Pikachu CoroCoro Comic Promo #025,2026-01-03,google_trends,15
Pikachu CoroCoro Comic Promo #025,Pikachu CoroCoro Comic Promo #025,2026-01-04,google_trends,16.2
Pikachu CoroCoro Comic Promo #025,Pikachu CoroCoro Comic Promo #025,2026-01-05,google_trends,17.8
Pikachu CoroCoro Comic Promo #025,Pikachu CoroCoro Comic Promo #025,2026-01-06,google_trends,14
Pikachu CoroCoro Comic Promo #025,Pikachu CoroCoro Comic Promo #025,2026-01-07,google_trends,14.6
Pikachu CoroCoro Comic Promo #025,Pikachu CoroCoro Comic Promo #025,2026-01-08,google_trends,16.9
Pikachu CoroCoro Comic Promo #025,Pikachu CoroCoro Comic Promo #025,2026-01-09,google_trends,16.1
Pikachu CoroCoro Comic Promo #025,Pikachu CoroCoro Comic Promo #025,2026-01-10,google_trends,17.6
Pikachu CoroCoro Comic Promo #025,Pikachu CoroCoro Comic Promo #025,2026-01-11,google_trends,15.3
Pikachu CoroCoro Comic Promo #025,Pikachu CoroCoro Comic Promo #025,2026-01-12,google_trends,17.6
Pikachu CoroCoro Comic Promo #025,Pikachu CoroCoro Comic Promo #025,2026-01-13,google_trends,16.2
Pikachu CoroCoro Comic Promo #025,Pikachu CoroCoro Comic Promo #025,2026-01-14,google_trends,16.4
Pikachu CoroCoro Comic Promo #025,Pikachu CoroCoro Comic Promo #025,2026-01-15,google_trends,15.1
Pikachu CoroCoro Comic Promo #025,Pikachu CoroCoro Comic Promo #025,2026-01-16,google_trends,15.7
Pikachu CoroCoro Comic Promo #025,Pikachu CoroCoro Comic Promo #025,2026-01-17,google_trends,16.4
Pikachu CoroCoro Comic Promo #025,Pikachu CoroCoro Comic Promo #025,2026-01-18,google_trends,15.5
Pikachu CoroCoro Comic Promo #025,Pikachu CoroCoro Comic Promo #025,2026-01-19,google_trends,15.6
Pikachu CoroCoro Comic Promo #025,Pikachu CoroCoro Comic Promo #025,2026-01-20,google_trends,14.2
Pikachu CoroCoro Comic Promo #025,Pikachu CoroCoro Comic Promo #025,2026-01-21,google_trends,14.7
Pikachu CoroCoro Comic Promo #025,Pikachu CoroCoro Comic Promo #025,2026-01-22,google_trends,17
Pikachu CoroCoro Comic Promo #025,Pikachu CoroCoro Comic Promo #025,2026-01-23,google_trends,17.4
Pikachu CoroCoro Comic Promo #025,Pikachu CoroCoro Comic Promo #025,2026-01-24,google_trends,17.7
Pikachu CoroCoro Comic Promo #025,Pikachu CoroCoro Comic Promo #025,2026-01-25,google_trends,14.6
Pikachu CoroCoro Comic Promo #025,Pikachu CoroCoro Comic Promo #025,2026-01-26,google_trends,15.9
Pikachu CoroCoro Comic Promo #025,Pikachu CoroCoro Comic Promo #025,2026-01-27,google_trends,16.9
Pikachu CoroCoro Comic Promo #025,Pikachu CoroCoro Comic Promo #025,2026-01-28,google_trends,16.3
Pikachu CoroCoro Comic Promo #025,Pikachu CoroCoro Comic Promo #025,2026-01-29,google_trends,17.2
Pikachu CoroCoro Comic Promo #025,Pikachu CoroCoro Comic Promo #025,2026-01-30,google_trends,16.2
Pikachu CoroCoro Comic Promo #025,Pikachu CoroCoro Comic Promo #025,2026-01-31,google_trends,17.9
Pikachu CoroCoro Comic Promo #025,Pikachu CoroCoro Comic Promo #025,2026-02-01,google_trends,14.6
Pikachu CoroCoro Comic Promo #025,Pikachu CoroCoro Comic Promo #025,2026-02-02,google_trends,14.7
Pikachu CoroCoro Comic Promo #025,Pikachu CoroCoro Comic Promo #025,2026-02-03,google_trends,14.4
Pikachu CoroCoro Comic Promo #025,Pikachu CoroCoro Comic Promo #025,2026-02-04,google_trends,14.9
Pikachu CoroCoro Comic Promo #025,Pikachu CoroCoro Comic Promo #025,2026-02-05,google_trends,15.7
Pikachu CoroCoro Comic Promo #025,Pikachu CoroCoro Comic Promo #025,2026-02-06,google_trends,16.9
Pikachu CoroCoro Comic Promo #025,Pikachu CoroCoro Comic Promo #025,2026-02-07,google_trends,17.6
Pikachu CoroCoro Comic Promo #025,Pikachu CoroCoro Comic Promo #025,2026-02-08,google_trends,15
Pikachu CoroCoro Comic Promo #025,Pikachu CoroCoro Comic Promo #025,2026-02-09,google_trends,14.4
Pikachu CoroCoro Comic Promo #025,Pikachu CoroCoro Comic Promo #025,2026-02-10,google_trends,14.2
Pikachu CoroCoro Comic Promo #025,Pikachu CoroCoro Comic Promo #025,2026-02-11,google_trends,16.2
Pikachu CoroCoro Comic Promo #025,Pikachu CoroCoro Comic Promo #025,2026-02-12,google_trends,14.6
Pikachu CoroCoro Comic Promo #025,Pikachu CoroCoro Comic Promo #025,2026-02-13,google_trends,14.4
Pikachu CoroCoro Comic Promo #025,Pikachu CoroCoro Comic Promo #025,2026-02-14,google_trends,16.6
Pikachu CoroCoro Comic Promo #025,Pikachu CoroCoro Comic Promo #025,2026-02-15,google_trends,17
Pikachu CoroCoro Comic Promo #025,Pikachu CoroCoro Comic Promo #025,2026-02-16,google_trends,16.8
Pikachu CoroCoro Comic Promo #025,Pikachu CoroCoro Comic Promo #025,2026-02-17,google_trends,16.4
Pikachu CoroCoro Comic Promo #025,Pikachu CoroCoro Comic Promo #025,2026-02-18,google_trends,16.2
Pikachu CoroCoro Comic Promo #025,Pikachu CoroCoro Comic Promo #025,2026-02-19,google_trends,15.1
Pikachu CoroCoro Comic Promo #025,Pikachu CoroCoro Comic Promo #025,2026-02-20,google_trends,14.4
Pikachu CoroCoro Comic Promo #025,Pikachu CoroCoro Comic Promo #025,2026-02-21,google_trends,15.3
Pikachu CoroCoro Comic Promo #025,Pikachu CoroCoro Comic Promo #025,2026-02-22,google_trends,15.3
Pikachu CoroCoro Comic Promo #025,Pikachu CoroCoro Comic Promo #025,2026-02-23,google_trends,14.5
Pikachu CoroCoro Comic Promo #025,Pikachu CoroCoro Comic Promo #025,2026-02-24,google_trends,17.7
Pikachu CoroCoro Comic Promo #025,Pikachu CoroCoro Comic Promo #025,2026-02-25,google_trends,16.6
Pikachu CoroCoro Comic Promo #025,Pikachu CoroCoro Comic Promo #025,2026-02-26,google_trends,17
Pikachu CoroCoro Comic Promo #025,Pikachu CoroCoro Comic Promo #025,2026-02-27,google_trends,14.4
Pikachu CoroCoro Comic Promo #025,Pikachu CoroCoro Comic Promo #025,2026-02-28,google_trends,16.5
Pikachu CoroCoro Comic Promo #025,Pikachu CoroCoro Comic Promo #025,2026-03-01,google_trends,14.3
Pikachu CoroCoro Comic Promo #025,Pikachu CoroCoro Comic Promo #025,2026-03-02,google_trends,17.3
Pikachu CoroCoro Comic Promo #025,Pikachu CoroCoro Comic Promo #025,2026-03-03,google_trends,17
Pikachu CoroCoro Comic Promo #025,Pikachu CoroCoro Comic Promo #025,2026-03-04,google_trends,14.1
Pikachu CoroCoro Comic Promo #025,Pikachu CoroCoro Comic Promo #025,2026-03-05,google_trends,17.3
Pikachu CoroCoro Comic Promo #025,Pikachu CoroCoro Comic Promo #025,2026-03-06,google_trends,16.6
Pikachu CoroCoro Comic Promo #025,Pikachu CoroCoro Comic Promo #025,2026-03-07,google_trends,14
Pikachu CoroCoro Comic Promo #025,Pikachu CoroCoro Comic Promo #025,2026-03-08,google_trends,17
Pikachu CoroCoro Comic Promo #025,Pikachu CoroCoro Comic Promo #025,2026-03-09,google_trends,15
Pikachu CoroCoro Comic Promo #025,Pikachu CoroCoro Comic Promo #025,2026-03-10,google_trends,16.5
Pikachu CoroCoro Comic Promo #025,Pikachu CoroCoro Comic Promo #025,2026-03-11,google_trends,15
Pikachu CoroCoro Comic Promo #025,Pikachu CoroCoro Comic Promo #025,2026-03-12,google_trends,17.9
Pikachu CoroCoro Comic Promo #025,Pikachu CoroCoro Comic Promo #025,2026-03-13,google_trends,17.1
Pikachu CoroCoro Comic Promo #025,Pikachu CoroCoro Comic Promo #025,2026-03-14,google_trends,14.9
Pikachu CoroCoro Comic Promo #025,Pikachu CoroCoro Comic Promo #025,2026-03-15,google_trends,16
Pikachu CoroCoro Comic Promo #025,Pikachu CoroCoro Comic Promo #025,2026-03-16,google_trends,16
Pikachu CoroCoro Comic Promo #025,Pikachu CoroCoro Comic Promo #025,2026-03-17,google_trends,14.7
Pikachu CoroCoro Comic Promo #025,Pikachu CoroCoro Comic Promo #025,2026-03-18,google_trends,17.9
Pikachu CoroCoro Comic Promo #025,Pikachu CoroCoro Comic Promo #025,2026-03-19,google_trends,15.4
Pikachu CoroCoro Comic Promo #025,Pikachu CoroCoro Comic Promo #025,2026-03-20,google_trends,16.5
Pikachu CoroCoro Comic Promo #025,Pikachu CoroCoro Comic Promo #025,2026-03-21,google_trends,15.3
Pikachu CoroCoro Comic Promo #025,Pikachu CoroCoro Comic Promo #025,2026-03-22,google_trends,16.5
Pikachu CoroCoro Comic Promo #025,Pikachu CoroCoro Comic Promo #025,2026-03-23,google_trends,17
Pikachu CoroCoro Comic Promo #025,Pikachu CoroCoro Comic Promo #025,2026-03-24,google_trends,15.3
Pikachu CoroCoro Comic Promo #025,Pikachu CoroCoro Comic Promo #025,2026-03-25,google_trends,15.6
Pikachu CoroCoro Comic Promo #025,Pikachu CoroCoro Comic Promo #025,2026-03-26,google_trends,15.5
Pikachu CoroCoro Comic Promo #025,Pikachu CoroCoro Comic Promo #025,2026-03-27,google_trends,16.9
Pikachu CoroCoro Comic Promo #025,Pikachu CoroCoro Comic Promo #025,2026-03-28,google_trends,16.1
Pikachu CoroCoro Comic Promo #025,Pikachu CoroCoro Comic Promo #025,2026-03-29,google_trends,16.5
Pikachu CoroCoro Comic Promo #025,Pikachu CoroCoro Comic Promo #025,2026-03-30,google_trends,16.5
Pikachu CoroCoro Comic Promo #025,Pikachu CoroCoro Comic Promo #025,2026-03-31,google_trends,16.8
Pikachu CoroCoro Comic Promo #025,Pikachu CoroCoro Comic Promo #025,2026-04-01,google_trends,14.9
Pikachu CoroCoro Comic Promo #025,Pikachu CoroCoro Comic Promo #025,2026-04-02,google_trends,16.9
Pikachu CoroCoro Comic Promo #025,Pikachu CoroCoro Comic Promo #025,2026-04-03,google_trends,17.5
Pikachu CoroCoro Comic Promo #025,Pikachu CoroCoro Comic Promo #025,2026-04-04,google_trends,16.4
Pikachu CoroCoro Comic Promo #025,Pikachu CoroCoro Comic Promo #025,2026-04-05,google_trends,14.5
Pikachu CoroCoro Comic Promo #025,Pikachu CoroCoro Comic Promo #025,2026-04-06,google_trends,15.7
Pikachu CoroCoro Comic Promo #025,Pikachu CoroCoro Comic Promo #025,2026-04-07,google_trends,14.7
Pikachu CoroCoro Comic Promo #025,Pikachu CoroCoro Comic Promo #025,2026-04-08,google_trends,17.4
Pikachu CoroCoro Comic Promo #025,Pikachu CoroCoro Comic Promo #025,2026-04-09,google_trends,15
Pikachu CoroCoro Comic Promo #025,Pikachu CoroCoro Comic Promo #025,2026-04-10,google_trends,15.3
Pikachu CoroCoro Comic Promo #025,Pikachu CoroCoro Comic Promo #025,2026-04-11,google_trends,14.7
Pikachu CoroCoro Comic Promo #025,Pikachu CoroCoro Comic Promo #025,2026-04-12,google_trends,16
Pikachu CoroCoro Comic Promo #025,Pikachu CoroCoro Comic Promo #025,2026-04-13,google_trends,17.8
Pikachu CoroCoro Comic Promo #025,Pikachu CoroCoro Comic Promo #025,2026-04-14,google_trends,15
Pikachu CoroCoro Comic Promo #025,Pikachu CoroCoro Comic Promo #025,2026-04-15,google_trends,17.9
Pikachu CoroCoro Comic Promo #025,Pikachu CoroCoro Comic Promo #025,2026-04-16,google_trends,16
Pikachu CoroCoro Comic Promo #025,Pikachu CoroCoro Comic Promo #025,2026-04-17,google_trends,17.5
Pikachu CoroCoro Comic Promo #025,Pikachu CoroCoro Comic Promo #025,2026-04-18,google_trends,14.8
Pikachu CoroCoro Comic Promo #025,Pikachu CoroCoro Comic Promo #025,2026-04-19,google_trends,15.6
Pikachu CoroCoro Comic Promo #025,Pikachu CoroCoro Comic Promo #025,2026-04-20,google_trends,16.8
Pikachu CoroCoro Comic Promo #025,Pikachu CoroCoro Comic Promo #025,2026-04-21,google_trends,14.9
Pikachu CoroCoro Comic Promo #025,Pikachu CoroCoro Comic Promo #025,2026-04-22,google_trends,15.1
Pikachu CoroCoro Comic Promo #025,Pikachu CoroCoro Comic Promo #025,2026-04-23,google_trends,16.1
Pikachu CoroCoro Comic Promo #025,Pikachu CoroCoro Comic Promo #025,2026-04-24,google_trends,14.1
Pikachu CoroCoro Comic Promo #025,Pikachu CoroCoro Comic Promo #025,2026-04-25,google_trends,16
Pikachu CoroCoro Comic Promo #025,Pikachu CoroCoro Comic Promo #025,2026-04-26,google_trends,18
Pikachu CoroCoro Comic Promo #025,Pikachu CoroCoro Comic Promo #025,2026-04-27,google_trends,17.3
Pikachu CoroCoro Comic Promo #025,Pikachu CoroCoro Comic Promo #025,2026-04-28,google_trends,14.8
Pikachu CoroCoro Comic Promo #025,Pikachu CoroCoro Comic Promo #025,2026-04-29,google_trends,15.6
Pikachu CoroCoro Comic Promo #025,Pikachu CoroCoro Comic Promo #025,2026-04-30,google_trends,15.5
Pikachu CoroCoro Comic Promo #025,Pikachu CoroCoro Comic Promo #025,2026-05-01,google_trends,15.3
Pikachu CoroCoro Comic Promo #025,Pikachu CoroCoro Comic Promo #025,2026-05-02,google_trends,16.3
Pikachu CoroCoro Comic Promo #025,Pikachu CoroCoro Comic Promo #025,2026-05-03,google_trends,15.8
Pikachu CoroCoro Comic Promo #025,Pikachu CoroCoro Comic Promo #025,2026-05-04,google_trends,14.4
Pikachu CoroCoro Comic Promo #025,Pikachu CoroCoro Comic Promo #025,2026-05-05,google_trends,17.3
Pikachu CoroCoro Comic Promo #025,Pikachu CoroCoro Comic Promo #025,2026-05-06,google_trends,14.4
Pikachu CoroCoro Comic Promo #025,Pikachu CoroCoro Comic Promo #025,2026-05-07,google_trends,17.3
Pikachu CoroCoro Comic Promo #025,Pikachu CoroCoro Comic Promo #025,2026-05-08,google_trends,17.2
Pikachu CoroCoro Comic Promo #025,Pikachu CoroCoro Comic Promo #025,2026-05-09,google_trends,15.7
Pikachu CoroCoro Comic Promo #025,Pikachu CoroCoro Comic Promo #025,2026-05-10,google_trends,16.3
Pikachu CoroCoro Comic Promo #025,Pikachu CoroCoro Comic Promo #025,2026-05-11,google_trends,17.9
Pikachu CoroCoro Comic Promo #025,Pikachu CoroCoro Comic Promo #025,2026-05-12,google_trends,14.5
Pikachu CoroCoro Comic Promo #025,Pikachu CoroCoro Comic Promo #025,2026-05-13,google_trends,15.5
Pikachu CoroCoro Comic Promo #025,Pikachu CoroCoro Comic Promo #025,2026-05-14,google_trends,14.5
Pikachu CoroCoro Comic Promo #025,Pikachu CoroCoro Comic Promo #025,2026-05-15,google_trends,14.8
Pikachu CoroCoro Comic Promo #025,Pikachu CoroCoro Comic Promo #025,2026-05-16,google_trends,16.9
Pikachu CoroCoro Comic Promo #025,Pikachu CoroCoro Comic Promo #025,2026-05-17,google_trends,14.5
Pikachu CoroCoro Comic Promo #025,Pikachu CoroCoro Comic Promo #025,2026-05-18,google_trends,15.7
Pikachu CoroCoro Comic Promo #025,Pikachu CoroCoro Comic Promo #025,2026-05-19,google_trends,16.5
Pikachu CoroCoro Comic Promo #025,Pikachu CoroCoro Comic Promo #025,2026-05-20,google_trends,14.8
Pikachu CoroCoro Comic Promo #025,Pikachu CoroCoro Comic Promo #025,2026-05-21,google_trends,16
Pikachu CoroCoro Comic Promo #025,Pikachu CoroCoro Comic Promo #025,2026-05-22,google_trends,16.7
Pikachu CoroCoro Comic Promo #025,Pikachu CoroCoro Comic Promo #025,2026-05-23,google_trends,15.4
Pikachu CoroCoro Comic Promo #025,Pikachu CoroCoro Comic Promo #025,2026-05-24,google_trends,17.2
Pikachu CoroCoro Comic Promo #025,Pikachu CoroCoro Comic Promo #025,2026-05-25,google_trends,16.3
Pikachu CoroCoro Comic Promo #025,Pikachu CoroCoro Comic Promo #025,2026-05-26,google_trends,16.5
Pikachu CoroCoro Comic Promo #025,Pikachu CoroCoro Comic Promo #025,2026-05-27,google_trends,16
Pikachu CoroCoro Comic Promo #025,Pikachu CoroCoro Comic Promo #025,2026-05-28,google_trends,15.9
Pikachu CoroCoro Comic Promo #025,Pikachu CoroCoro Comic Promo #025,2026-05-29,google_trends,15.1
Pikachu CoroCoro Comic Promo #025,Pikachu CoroCoro Comic Promo #025,2026-05-30,google_trends,15
Pikachu CoroCoro Comic Promo #025,Pikachu CoroCoro Comic Promo #025,2026-05-31,google_trends,17
Pikachu CoroCoro Comic Promo #025,Pikachu CoroCoro Comic Promo #025,2026-06-01,google_trends,15.7
Pikachu CoroCoro Comic Promo #025,Pikachu CoroCoro Comic Promo #025,2026-06-02,google_trends,14.8
Pikachu CoroCoro Comic Promo #025,Pikachu CoroCoro Comic Promo #025,2026-06-03,google_trends,14.3
Pikachu CoroCoro Comic Promo #025,Pikachu CoroCoro Comic Promo #025,2026-06-04,google_trends,14.7
Pikachu CoroCoro Comic Promo #025,Pikachu CoroCoro Comic Promo #025,2026-06-05,google_trends,14.8
Pikachu CoroCoro Comic Promo #025,Pikachu CoroCoro Comic Promo #025,2026-06-06,google_trends,18
Pikachu CoroCoro Comic Promo #025,Pikachu CoroCoro Comic Promo #025,2026-06-07,google_trends,18
Pikachu CoroCoro Comic Promo #025,Pikachu CoroCoro Comic Promo #025,2026-06-08,google_trends,15.5
Pikachu CoroCoro Comic Promo #025,Pikachu CoroCoro Comic Promo #025,2026-06-09,google_trends,16.9
Pikachu CoroCoro Comic Promo #025,Pikachu CoroCoro Comic Promo #025,2026-06-10,google_trends,14.7
Pikachu CoroCoro Comic Promo #025,Pikachu CoroCoro Comic Promo #025,2026-06-11,google_trends,14.6
Pikachu CoroCoro Comic Promo #025,Pikachu CoroCoro Comic Promo #025,2026-06-12,google_trends,14.7
Pikachu CoroCoro Comic Promo #025,Pikachu CoroCoro Comic Promo #025,2026-06-13,google_trends,14.6
Pikachu CoroCoro Comic Promo #025,Pikachu CoroCoro Comic Promo #025,2026-06-14,google_trends,15.9
Pikachu CoroCoro Comic Promo #025,Pikachu CoroCoro Comic Promo #025,2026-06-15,google_trends,16.2
Pikachu CoroCoro Comic Promo #025,Pikachu CoroCoro Comic Promo #025,2026-06-16,google_trends,14.2
Pikachu CoroCoro Comic Promo #025,Pikachu CoroCoro Comic Promo #025,2026-06-17,google_trends,15.9
Pikachu CoroCoro Comic Promo #025,Pikachu CoroCoro Comic Promo #025,2026-06-18,google_trends,17.3
Pikachu CoroCoro Comic Promo #025,Pikachu CoroCoro Comic Promo #025,2026-06-19,google_trends,17.6
Pikachu CoroCoro Comic Promo #025,Pikachu CoroCoro Comic Promo #025,2026-06-20,google_trends,16.6
Pikachu CoroCoro Comic Promo #025,Pikachu CoroCoro Comic Promo #025,2026-06-21,google_trends,16.8
Pikachu CoroCoro Comic Promo #025,Pikachu CoroCoro Comic Promo #025,2026-06-22,google_trends,15
Pikachu CoroCoro Comic Promo #025,Pikachu CoroCoro Comic Promo #025,2026-06-23,google_trends,17.4
Pikachu CoroCoro Comic Promo #025,Pikachu CoroCoro Comic Promo #025,2026-06-24,google_trends,16.8
Pikachu CoroCoro Comic Promo #025,Pikachu CoroCoro Comic Promo #025,2026-06-25,google_trends,16.6
Pikachu CoroCoro Comic Promo #025,Pikachu CoroCoro Comic Promo #025,2026-06-26,google_trends,14.9
Pikachu CoroCoro Comic Promo #025,Pikachu CoroCoro Comic Promo #025,2026-06-27,google_trends,17.6
Pikachu CoroCoro Comic Promo #025,Pikachu CoroCoro Comic Promo #025,2026-06-28,google_trends,14.5
Pikachu CoroCoro Comic Promo #025,Pikachu CoroCoro Comic Promo #025,2026-06-29,google_trends,16.4
Pikachu CoroCoro Comic Promo #025,Pikachu CoroCoro Comic Promo #025,2026-06-30,google_trends,16.9
Pikachu CoroCoro Comic Promo #025,Pikachu CoroCoro Comic Promo #025,2026-07-01,google_trends,14
Pikachu CoroCoro Comic Promo #025,Pikachu CoroCoro Comic Promo #025,2026-07-02,google_trends,17.2
Pikachu CoroCoro Comic Promo #025,Pikachu CoroCoro Comic Promo #025,2026-07-03,google_trends,16.7
Pikachu CoroCoro Comic Promo #025,Pikachu CoroCoro Comic Promo #025,2026-07-04,google_trends,14.4
Pikachu CoroCoro Comic Promo #025,Pikachu CoroCoro Comic Promo #025,2026-07-05,google_trends,17
Pikachu CoroCoro Comic Promo #025,Pikachu CoroCoro Comic Promo #025,2026-07-06,google_trends,17
Pikachu CoroCoro Comic Promo #025,Pikachu CoroCoro Comic Promo #025,2026-07-07,google_trends,14.3
Pikachu CoroCoro Comic Promo #025,Pikachu CoroCoro Comic Promo #025,2026-07-08,google_trends,15.7
Pikachu CoroCoro Comic Promo #025,Pikachu CoroCoro Comic Promo #025,2026-07-09,google_trends,17.7
Pikachu CoroCoro Comic Promo #025,Pikachu CoroCoro Comic Promo #025,2026-07-10,google_trends,17.9
Pikachu CoroCoro Comic Promo #025,Pikachu CoroCoro Comic Promo #025,2026-07-11,google_trends,15.2
Pikachu CoroCoro Comic Promo #025,Pikachu CoroCoro Comic Promo #025,2026-07-12,google_trends,18
Pikachu CoroCoro Comic Promo #025,Pikachu CoroCoro Comic Promo #025,2026-07-13,google_trends,14.1
Pikachu CoroCoro Comic Promo #025,Pikachu CoroCoro Comic Promo #025,2026-07-14,google_trends,17.8
Pikachu CoroCoro Comic Promo #025,Pikachu CoroCoro Comic Promo #025,2026-07-15,google_trends,14.4
Pikachu CoroCoro Comic Promo #025,Pikachu CoroCoro Comic Promo #025,2026-07-16,google_trends,17.2
Pikachu CoroCoro Comic Promo #025,Pikachu CoroCoro Comic Promo #025,2026-07-17,google_trends,15.4
Pikachu CoroCoro Comic Promo #025,Pikachu CoroCoro Comic Promo #025,2026-07-18,google_trends,17.4
Pikachu CoroCoro Comic Promo #025,Pikachu CoroCoro Comic Promo #025,2026-07-19,google_trends,15.9
Pikachu CoroCoro Comic Promo #025,Pikachu CoroCoro Comic Promo #025,2026-07-20,google_trends,16.2
Pikachu CoroCoro Comic Promo #025,Pikachu CoroCoro Comic Promo #025,2026-07-21,google_trends,16
Pikachu CoroCoro Comic Promo #025,Pikachu CoroCoro Comic Promo #025,2026-07-22,google_trends,16.2
Pikachu CoroCoro Comic Promo #025,Pikachu CoroCoro Comic Promo #025,2026-07-23,google_trends,16.2
Pikachu CoroCoro Comic Promo #025,Pikachu CoroCoro Comic Promo #025,2026-07-24,google_trends,17.3
Pikachu CoroCoro Comic Promo #025,Pikachu CoroCoro Comic Promo #025,2026-07-25,google_trends,15.2
Jigglypuff CoroCoro Comic Promo #039,Jigglypuff CoroCoro Comic Promo #039,2025-10-29,google_trends,14.9
Jigglypuff CoroCoro Comic Promo #039,Jigglypuff CoroCoro Comic Promo #039,2025-10-30,google_trends,16.8
Jigglypuff CoroCoro Comic Promo #039,Jigglypuff CoroCoro Comic Promo #039,2025-10-31,google_trends,15.5
Jigglypuff CoroCoro Comic Promo #039,Jigglypuff CoroCoro Comic Promo #039,2025-11-01,google_trends,14
Jigglypuff CoroCoro Comic Promo #039,Jigglypuff CoroCoro Comic Promo #039,2025-11-02,google_trends,17
Jigglypuff CoroCoro Comic Promo #039,Jigglypuff CoroCoro Comic Promo #039,2025-11-03,google_trends,14.1
Jigglypuff CoroCoro Comic Promo #039,Jigglypuff CoroCoro Comic Promo #039,2025-11-04,google_trends,15.2
Jigglypuff CoroCoro Comic Promo #039,Jigglypuff CoroCoro Comic Promo #039,2025-11-05,google_trends,13.7
Jigglypuff CoroCoro Comic Promo #039,Jigglypuff CoroCoro Comic Promo #039,2025-11-06,google_trends,15
Jigglypuff CoroCoro Comic Promo #039,Jigglypuff CoroCoro Comic Promo #039,2025-11-07,google_trends,16.8
Jigglypuff CoroCoro Comic Promo #039,Jigglypuff CoroCoro Comic Promo #039,2025-11-08,google_trends,14.7
Jigglypuff CoroCoro Comic Promo #039,Jigglypuff CoroCoro Comic Promo #039,2025-11-09,google_trends,15.6
Jigglypuff CoroCoro Comic Promo #039,Jigglypuff CoroCoro Comic Promo #039,2025-11-10,google_trends,15.3
Jigglypuff CoroCoro Comic Promo #039,Jigglypuff CoroCoro Comic Promo #039,2025-11-11,google_trends,14.8
Jigglypuff CoroCoro Comic Promo #039,Jigglypuff CoroCoro Comic Promo #039,2025-11-12,google_trends,16.8
Jigglypuff CoroCoro Comic Promo #039,Jigglypuff CoroCoro Comic Promo #039,2025-11-13,google_trends,17.3
Jigglypuff CoroCoro Comic Promo #039,Jigglypuff CoroCoro Comic Promo #039,2025-11-14,google_trends,15.2
Jigglypuff CoroCoro Comic Promo #039,Jigglypuff CoroCoro Comic Promo #039,2025-11-15,google_trends,15.9
Jigglypuff CoroCoro Comic Promo #039,Jigglypuff CoroCoro Comic Promo #039,2025-11-16,google_trends,15.8
Jigglypuff CoroCoro Comic Promo #039,Jigglypuff CoroCoro Comic Promo #039,2025-11-17,google_trends,15.4
Jigglypuff CoroCoro Comic Promo #039,Jigglypuff CoroCoro Comic Promo #039,2025-11-18,google_trends,14.3
Jigglypuff CoroCoro Comic Promo #039,Jigglypuff CoroCoro Comic Promo #039,2025-11-19,google_trends,14.8
Jigglypuff CoroCoro Comic Promo #039,Jigglypuff CoroCoro Comic Promo #039,2025-11-20,google_trends,15.5
Jigglypuff CoroCoro Comic Promo #039,Jigglypuff CoroCoro Comic Promo #039,2025-11-21,google_trends,15.8
Jigglypuff CoroCoro Comic Promo #039,Jigglypuff CoroCoro Comic Promo #039,2025-11-22,google_trends,16
Jigglypuff CoroCoro Comic Promo #039,Jigglypuff CoroCoro Comic Promo #039,2025-11-23,google_trends,15.7
Jigglypuff CoroCoro Comic Promo #039,Jigglypuff CoroCoro Comic Promo #039,2025-11-24,google_trends,14.3
Jigglypuff CoroCoro Comic Promo #039,Jigglypuff CoroCoro Comic Promo #039,2025-11-25,google_trends,15.3
Jigglypuff CoroCoro Comic Promo #039,Jigglypuff CoroCoro Comic Promo #039,2025-11-26,google_trends,16
Jigglypuff CoroCoro Comic Promo #039,Jigglypuff CoroCoro Comic Promo #039,2025-11-27,google_trends,16.3
Jigglypuff CoroCoro Comic Promo #039,Jigglypuff CoroCoro Comic Promo #039,2025-11-28,google_trends,14.6
Jigglypuff CoroCoro Comic Promo #039,Jigglypuff CoroCoro Comic Promo #039,2025-11-29,google_trends,15.8
Jigglypuff CoroCoro Comic Promo #039,Jigglypuff CoroCoro Comic Promo #039,2025-11-30,google_trends,15.7
Jigglypuff CoroCoro Comic Promo #039,Jigglypuff CoroCoro Comic Promo #039,2025-12-01,google_trends,16
Jigglypuff CoroCoro Comic Promo #039,Jigglypuff CoroCoro Comic Promo #039,2025-12-02,google_trends,14.1
Jigglypuff CoroCoro Comic Promo #039,Jigglypuff CoroCoro Comic Promo #039,2025-12-03,google_trends,14.7
Jigglypuff CoroCoro Comic Promo #039,Jigglypuff CoroCoro Comic Promo #039,2025-12-04,google_trends,16.9
Jigglypuff CoroCoro Comic Promo #039,Jigglypuff CoroCoro Comic Promo #039,2025-12-05,google_trends,15.2
Jigglypuff CoroCoro Comic Promo #039,Jigglypuff CoroCoro Comic Promo #039,2025-12-06,google_trends,16.2
Jigglypuff CoroCoro Comic Promo #039,Jigglypuff CoroCoro Comic Promo #039,2025-12-07,google_trends,17.5
Jigglypuff CoroCoro Comic Promo #039,Jigglypuff CoroCoro Comic Promo #039,2025-12-08,google_trends,16.8
Jigglypuff CoroCoro Comic Promo #039,Jigglypuff CoroCoro Comic Promo #039,2025-12-09,google_trends,15.1
Jigglypuff CoroCoro Comic Promo #039,Jigglypuff CoroCoro Comic Promo #039,2025-12-10,google_trends,17.2
Jigglypuff CoroCoro Comic Promo #039,Jigglypuff CoroCoro Comic Promo #039,2025-12-11,google_trends,14.8
Jigglypuff CoroCoro Comic Promo #039,Jigglypuff CoroCoro Comic Promo #039,2025-12-12,google_trends,15.9
Jigglypuff CoroCoro Comic Promo #039,Jigglypuff CoroCoro Comic Promo #039,2025-12-13,google_trends,17.3
Jigglypuff CoroCoro Comic Promo #039,Jigglypuff CoroCoro Comic Promo #039,2025-12-14,google_trends,17
Jigglypuff CoroCoro Comic Promo #039,Jigglypuff CoroCoro Comic Promo #039,2025-12-15,google_trends,16.6
Jigglypuff CoroCoro Comic Promo #039,Jigglypuff CoroCoro Comic Promo #039,2025-12-16,google_trends,14.3
Jigglypuff CoroCoro Comic Promo #039,Jigglypuff CoroCoro Comic Promo #039,2025-12-17,google_trends,15.6
Jigglypuff CoroCoro Comic Promo #039,Jigglypuff CoroCoro Comic Promo #039,2025-12-18,google_trends,17.9
Jigglypuff CoroCoro Comic Promo #039,Jigglypuff CoroCoro Comic Promo #039,2025-12-19,google_trends,14.9
Jigglypuff CoroCoro Comic Promo #039,Jigglypuff CoroCoro Comic Promo #039,2025-12-20,google_trends,18
Jigglypuff CoroCoro Comic Promo #039,Jigglypuff CoroCoro Comic Promo #039,2025-12-21,google_trends,14.4
Jigglypuff CoroCoro Comic Promo #039,Jigglypuff CoroCoro Comic Promo #039,2025-12-22,google_trends,18.1
Jigglypuff CoroCoro Comic Promo #039,Jigglypuff CoroCoro Comic Promo #039,2025-12-23,google_trends,17.6
Jigglypuff CoroCoro Comic Promo #039,Jigglypuff CoroCoro Comic Promo #039,2025-12-24,google_trends,16
Jigglypuff CoroCoro Comic Promo #039,Jigglypuff CoroCoro Comic Promo #039,2025-12-25,google_trends,15.2
Jigglypuff CoroCoro Comic Promo #039,Jigglypuff CoroCoro Comic Promo #039,2025-12-26,google_trends,15.6
Jigglypuff CoroCoro Comic Promo #039,Jigglypuff CoroCoro Comic Promo #039,2025-12-27,google_trends,15.6
Jigglypuff CoroCoro Comic Promo #039,Jigglypuff CoroCoro Comic Promo #039,2025-12-28,google_trends,17.2
Jigglypuff CoroCoro Comic Promo #039,Jigglypuff CoroCoro Comic Promo #039,2025-12-29,google_trends,18.6
Jigglypuff CoroCoro Comic Promo #039,Jigglypuff CoroCoro Comic Promo #039,2025-12-30,google_trends,16.1
Jigglypuff CoroCoro Comic Promo #039,Jigglypuff CoroCoro Comic Promo #039,2025-12-31,google_trends,15.9
Jigglypuff CoroCoro Comic Promo #039,Jigglypuff CoroCoro Comic Promo #039,2026-01-01,google_trends,18.6
Jigglypuff CoroCoro Comic Promo #039,Jigglypuff CoroCoro Comic Promo #039,2026-01-02,google_trends,18.2
Jigglypuff CoroCoro Comic Promo #039,Jigglypuff CoroCoro Comic Promo #039,2026-01-03,google_trends,16.8
Jigglypuff CoroCoro Comic Promo #039,Jigglypuff CoroCoro Comic Promo #039,2026-01-04,google_trends,16.4
Jigglypuff CoroCoro Comic Promo #039,Jigglypuff CoroCoro Comic Promo #039,2026-01-05,google_trends,17
Jigglypuff CoroCoro Comic Promo #039,Jigglypuff CoroCoro Comic Promo #039,2026-01-06,google_trends,15.7
Jigglypuff CoroCoro Comic Promo #039,Jigglypuff CoroCoro Comic Promo #039,2026-01-07,google_trends,15.7
Jigglypuff CoroCoro Comic Promo #039,Jigglypuff CoroCoro Comic Promo #039,2026-01-08,google_trends,17.5
Jigglypuff CoroCoro Comic Promo #039,Jigglypuff CoroCoro Comic Promo #039,2026-01-09,google_trends,17.9
Jigglypuff CoroCoro Comic Promo #039,Jigglypuff CoroCoro Comic Promo #039,2026-01-10,google_trends,17.8
Jigglypuff CoroCoro Comic Promo #039,Jigglypuff CoroCoro Comic Promo #039,2026-01-11,google_trends,17
Jigglypuff CoroCoro Comic Promo #039,Jigglypuff CoroCoro Comic Promo #039,2026-01-12,google_trends,17.1
Jigglypuff CoroCoro Comic Promo #039,Jigglypuff CoroCoro Comic Promo #039,2026-01-13,google_trends,17.7
Jigglypuff CoroCoro Comic Promo #039,Jigglypuff CoroCoro Comic Promo #039,2026-01-14,google_trends,16.5
Jigglypuff CoroCoro Comic Promo #039,Jigglypuff CoroCoro Comic Promo #039,2026-01-15,google_trends,16.4
Jigglypuff CoroCoro Comic Promo #039,Jigglypuff CoroCoro Comic Promo #039,2026-01-16,google_trends,17.1
Jigglypuff CoroCoro Comic Promo #039,Jigglypuff CoroCoro Comic Promo #039,2026-01-17,google_trends,18.2
Jigglypuff CoroCoro Comic Promo #039,Jigglypuff CoroCoro Comic Promo #039,2026-01-18,google_trends,16.1
Jigglypuff CoroCoro Comic Promo #039,Jigglypuff CoroCoro Comic Promo #039,2026-01-19,google_trends,19.1
Jigglypuff CoroCoro Comic Promo #039,Jigglypuff CoroCoro Comic Promo #039,2026-01-20,google_trends,19.1
Jigglypuff CoroCoro Comic Promo #039,Jigglypuff CoroCoro Comic Promo #039,2026-01-21,google_trends,16.6
Jigglypuff CoroCoro Comic Promo #039,Jigglypuff CoroCoro Comic Promo #039,2026-01-22,google_trends,15.6
Jigglypuff CoroCoro Comic Promo #039,Jigglypuff CoroCoro Comic Promo #039,2026-01-23,google_trends,18.1
Jigglypuff CoroCoro Comic Promo #039,Jigglypuff CoroCoro Comic Promo #039,2026-01-24,google_trends,18.3
Jigglypuff CoroCoro Comic Promo #039,Jigglypuff CoroCoro Comic Promo #039,2026-01-25,google_trends,17.5
Jigglypuff CoroCoro Comic Promo #039,Jigglypuff CoroCoro Comic Promo #039,2026-01-26,google_trends,16.3
Jigglypuff CoroCoro Comic Promo #039,Jigglypuff CoroCoro Comic Promo #039,2026-01-27,google_trends,17.5
Jigglypuff CoroCoro Comic Promo #039,Jigglypuff CoroCoro Comic Promo #039,2026-01-28,google_trends,19
Jigglypuff CoroCoro Comic Promo #039,Jigglypuff CoroCoro Comic Promo #039,2026-01-29,google_trends,17.7
Jigglypuff CoroCoro Comic Promo #039,Jigglypuff CoroCoro Comic Promo #039,2026-01-30,google_trends,17.6
Jigglypuff CoroCoro Comic Promo #039,Jigglypuff CoroCoro Comic Promo #039,2026-01-31,google_trends,16.3
Jigglypuff CoroCoro Comic Promo #039,Jigglypuff CoroCoro Comic Promo #039,2026-02-01,google_trends,18
Jigglypuff CoroCoro Comic Promo #039,Jigglypuff CoroCoro Comic Promo #039,2026-02-02,google_trends,17.7
Jigglypuff CoroCoro Comic Promo #039,Jigglypuff CoroCoro Comic Promo #039,2026-02-03,google_trends,19.4
Jigglypuff CoroCoro Comic Promo #039,Jigglypuff CoroCoro Comic Promo #039,2026-02-04,google_trends,17.2
Jigglypuff CoroCoro Comic Promo #039,Jigglypuff CoroCoro Comic Promo #039,2026-02-05,google_trends,18.9
Jigglypuff CoroCoro Comic Promo #039,Jigglypuff CoroCoro Comic Promo #039,2026-02-06,google_trends,17
Jigglypuff CoroCoro Comic Promo #039,Jigglypuff CoroCoro Comic Promo #039,2026-02-07,google_trends,19.3
Jigglypuff CoroCoro Comic Promo #039,Jigglypuff CoroCoro Comic Promo #039,2026-02-08,google_trends,19
Jigglypuff CoroCoro Comic Promo #039,Jigglypuff CoroCoro Comic Promo #039,2026-02-09,google_trends,18.7
Jigglypuff CoroCoro Comic Promo #039,Jigglypuff CoroCoro Comic Promo #039,2026-02-10,google_trends,19.3
Jigglypuff CoroCoro Comic Promo #039,Jigglypuff CoroCoro Comic Promo #039,2026-02-11,google_trends,16
Jigglypuff CoroCoro Comic Promo #039,Jigglypuff CoroCoro Comic Promo #039,2026-02-12,google_trends,15.9
Jigglypuff CoroCoro Comic Promo #039,Jigglypuff CoroCoro Comic Promo #039,2026-02-13,google_trends,18.2
Jigglypuff CoroCoro Comic Promo #039,Jigglypuff CoroCoro Comic Promo #039,2026-02-14,google_trends,16.6
Jigglypuff CoroCoro Comic Promo #039,Jigglypuff CoroCoro Comic Promo #039,2026-02-15,google_trends,18.5
Jigglypuff CoroCoro Comic Promo #039,Jigglypuff CoroCoro Comic Promo #039,2026-02-16,google_trends,18.9
Jigglypuff CoroCoro Comic Promo #039,Jigglypuff CoroCoro Comic Promo #039,2026-02-17,google_trends,19.5
Jigglypuff CoroCoro Comic Promo #039,Jigglypuff CoroCoro Comic Promo #039,2026-02-18,google_trends,19.7
Jigglypuff CoroCoro Comic Promo #039,Jigglypuff CoroCoro Comic Promo #039,2026-02-19,google_trends,18.8
Jigglypuff CoroCoro Comic Promo #039,Jigglypuff CoroCoro Comic Promo #039,2026-02-20,google_trends,17.9
Jigglypuff CoroCoro Comic Promo #039,Jigglypuff CoroCoro Comic Promo #039,2026-02-21,google_trends,19.9
Jigglypuff CoroCoro Comic Promo #039,Jigglypuff CoroCoro Comic Promo #039,2026-02-22,google_trends,16.8
Jigglypuff CoroCoro Comic Promo #039,Jigglypuff CoroCoro Comic Promo #039,2026-02-23,google_trends,18.5
Jigglypuff CoroCoro Comic Promo #039,Jigglypuff CoroCoro Comic Promo #039,2026-02-24,google_trends,17.3
Jigglypuff CoroCoro Comic Promo #039,Jigglypuff CoroCoro Comic Promo #039,2026-02-25,google_trends,17.7
Jigglypuff CoroCoro Comic Promo #039,Jigglypuff CoroCoro Comic Promo #039,2026-02-26,google_trends,18.2
Jigglypuff CoroCoro Comic Promo #039,Jigglypuff CoroCoro Comic Promo #039,2026-02-27,google_trends,16.8
Jigglypuff CoroCoro Comic Promo #039,Jigglypuff CoroCoro Comic Promo #039,2026-02-28,google_trends,17.4
Jigglypuff CoroCoro Comic Promo #039,Jigglypuff CoroCoro Comic Promo #039,2026-03-01,google_trends,17.4
Jigglypuff CoroCoro Comic Promo #039,Jigglypuff CoroCoro Comic Promo #039,2026-03-02,google_trends,17.2
Jigglypuff CoroCoro Comic Promo #039,Jigglypuff CoroCoro Comic Promo #039,2026-03-03,google_trends,19.5
Jigglypuff CoroCoro Comic Promo #039,Jigglypuff CoroCoro Comic Promo #039,2026-03-04,google_trends,16.9
Jigglypuff CoroCoro Comic Promo #039,Jigglypuff CoroCoro Comic Promo #039,2026-03-05,google_trends,18.7
Jigglypuff CoroCoro Comic Promo #039,Jigglypuff CoroCoro Comic Promo #039,2026-03-06,google_trends,17.3
Jigglypuff CoroCoro Comic Promo #039,Jigglypuff CoroCoro Comic Promo #039,2026-03-07,google_trends,17.2
Jigglypuff CoroCoro Comic Promo #039,Jigglypuff CoroCoro Comic Promo #039,2026-03-08,google_trends,17.3
Jigglypuff CoroCoro Comic Promo #039,Jigglypuff CoroCoro Comic Promo #039,2026-03-09,google_trends,18.3
Jigglypuff CoroCoro Comic Promo #039,Jigglypuff CoroCoro Comic Promo #039,2026-03-10,google_trends,18.4
Jigglypuff CoroCoro Comic Promo #039,Jigglypuff CoroCoro Comic Promo #039,2026-03-11,google_trends,19.3
Jigglypuff CoroCoro Comic Promo #039,Jigglypuff CoroCoro Comic Promo #039,2026-03-12,google_trends,17.4
Jigglypuff CoroCoro Comic Promo #039,Jigglypuff CoroCoro Comic Promo #039,2026-03-13,google_trends,18.8
Jigglypuff CoroCoro Comic Promo #039,Jigglypuff CoroCoro Comic Promo #039,2026-03-14,google_trends,18.4
Jigglypuff CoroCoro Comic Promo #039,Jigglypuff CoroCoro Comic Promo #039,2026-03-15,google_trends,16.6
Jigglypuff CoroCoro Comic Promo #039,Jigglypuff CoroCoro Comic Promo #039,2026-03-16,google_trends,16.8
Jigglypuff CoroCoro Comic Promo #039,Jigglypuff CoroCoro Comic Promo #039,2026-03-17,google_trends,18.2
Jigglypuff CoroCoro Comic Promo #039,Jigglypuff CoroCoro Comic Promo #039,2026-03-18,google_trends,19.7
Jigglypuff CoroCoro Comic Promo #039,Jigglypuff CoroCoro Comic Promo #039,2026-03-19,google_trends,16.9
Jigglypuff CoroCoro Comic Promo #039,Jigglypuff CoroCoro Comic Promo #039,2026-03-20,google_trends,18.5
Jigglypuff CoroCoro Comic Promo #039,Jigglypuff CoroCoro Comic Promo #039,2026-03-21,google_trends,17.8
Jigglypuff CoroCoro Comic Promo #039,Jigglypuff CoroCoro Comic Promo #039,2026-03-22,google_trends,16.8
Jigglypuff CoroCoro Comic Promo #039,Jigglypuff CoroCoro Comic Promo #039,2026-03-23,google_trends,17.7
Jigglypuff CoroCoro Comic Promo #039,Jigglypuff CoroCoro Comic Promo #039,2026-03-24,google_trends,16.9
Jigglypuff CoroCoro Comic Promo #039,Jigglypuff CoroCoro Comic Promo #039,2026-03-25,google_trends,18.8
Jigglypuff CoroCoro Comic Promo #039,Jigglypuff CoroCoro Comic Promo #039,2026-03-26,google_trends,18.4
Jigglypuff CoroCoro Comic Promo #039,Jigglypuff CoroCoro Comic Promo #039,2026-03-27,google_trends,20.3
Jigglypuff CoroCoro Comic Promo #039,Jigglypuff CoroCoro Comic Promo #039,2026-03-28,google_trends,19.2
Jigglypuff CoroCoro Comic Promo #039,Jigglypuff CoroCoro Comic Promo #039,2026-03-29,google_trends,18.1
Jigglypuff CoroCoro Comic Promo #039,Jigglypuff CoroCoro Comic Promo #039,2026-03-30,google_trends,19.3
Jigglypuff CoroCoro Comic Promo #039,Jigglypuff CoroCoro Comic Promo #039,2026-03-31,google_trends,18
Jigglypuff CoroCoro Comic Promo #039,Jigglypuff CoroCoro Comic Promo #039,2026-04-01,google_trends,17.3
Jigglypuff CoroCoro Comic Promo #039,Jigglypuff CoroCoro Comic Promo #039,2026-04-02,google_trends,20.2
Jigglypuff CoroCoro Comic Promo #039,Jigglypuff CoroCoro Comic Promo #039,2026-04-03,google_trends,17.8
Jigglypuff CoroCoro Comic Promo #039,Jigglypuff CoroCoro Comic Promo #039,2026-04-04,google_trends,21.1
Jigglypuff CoroCoro Comic Promo #039,Jigglypuff CoroCoro Comic Promo #039,2026-04-05,google_trends,18.3
Jigglypuff CoroCoro Comic Promo #039,Jigglypuff CoroCoro Comic Promo #039,2026-04-06,google_trends,19.7
Jigglypuff CoroCoro Comic Promo #039,Jigglypuff CoroCoro Comic Promo #039,2026-04-07,google_trends,17.2
Jigglypuff CoroCoro Comic Promo #039,Jigglypuff CoroCoro Comic Promo #039,2026-04-08,google_trends,17.2
Jigglypuff CoroCoro Comic Promo #039,Jigglypuff CoroCoro Comic Promo #039,2026-04-09,google_trends,17.9
Jigglypuff CoroCoro Comic Promo #039,Jigglypuff CoroCoro Comic Promo #039,2026-04-10,google_trends,20.3
Jigglypuff CoroCoro Comic Promo #039,Jigglypuff CoroCoro Comic Promo #039,2026-04-11,google_trends,21.1
Jigglypuff CoroCoro Comic Promo #039,Jigglypuff CoroCoro Comic Promo #039,2026-04-12,google_trends,20
Jigglypuff CoroCoro Comic Promo #039,Jigglypuff CoroCoro Comic Promo #039,2026-04-13,google_trends,20.1
Jigglypuff CoroCoro Comic Promo #039,Jigglypuff CoroCoro Comic Promo #039,2026-04-14,google_trends,18.8
Jigglypuff CoroCoro Comic Promo #039,Jigglypuff CoroCoro Comic Promo #039,2026-04-15,google_trends,19.8
Jigglypuff CoroCoro Comic Promo #039,Jigglypuff CoroCoro Comic Promo #039,2026-04-16,google_trends,20.5
Jigglypuff CoroCoro Comic Promo #039,Jigglypuff CoroCoro Comic Promo #039,2026-04-17,google_trends,19
Jigglypuff CoroCoro Comic Promo #039,Jigglypuff CoroCoro Comic Promo #039,2026-04-18,google_trends,17.7
Jigglypuff CoroCoro Comic Promo #039,Jigglypuff CoroCoro Comic Promo #039,2026-04-19,google_trends,21.1
Jigglypuff CoroCoro Comic Promo #039,Jigglypuff CoroCoro Comic Promo #039,2026-04-20,google_trends,18.1
Jigglypuff CoroCoro Comic Promo #039,Jigglypuff CoroCoro Comic Promo #039,2026-04-21,google_trends,18.7
Jigglypuff CoroCoro Comic Promo #039,Jigglypuff CoroCoro Comic Promo #039,2026-04-22,google_trends,21.1
Jigglypuff CoroCoro Comic Promo #039,Jigglypuff CoroCoro Comic Promo #039,2026-04-23,google_trends,21.4
Jigglypuff CoroCoro Comic Promo #039,Jigglypuff CoroCoro Comic Promo #039,2026-04-24,google_trends,20.1
Jigglypuff CoroCoro Comic Promo #039,Jigglypuff CoroCoro Comic Promo #039,2026-04-25,google_trends,18.9
Jigglypuff CoroCoro Comic Promo #039,Jigglypuff CoroCoro Comic Promo #039,2026-04-26,google_trends,21.4
Jigglypuff CoroCoro Comic Promo #039,Jigglypuff CoroCoro Comic Promo #039,2026-04-27,google_trends,21.2
Jigglypuff CoroCoro Comic Promo #039,Jigglypuff CoroCoro Comic Promo #039,2026-04-28,google_trends,21.2
Jigglypuff CoroCoro Comic Promo #039,Jigglypuff CoroCoro Comic Promo #039,2026-04-29,google_trends,19
Jigglypuff CoroCoro Comic Promo #039,Jigglypuff CoroCoro Comic Promo #039,2026-04-30,google_trends,20.3
Jigglypuff CoroCoro Comic Promo #039,Jigglypuff CoroCoro Comic Promo #039,2026-05-01,google_trends,21.6
Jigglypuff CoroCoro Comic Promo #039,Jigglypuff CoroCoro Comic Promo #039,2026-05-02,google_trends,18.2
Jigglypuff CoroCoro Comic Promo #039,Jigglypuff CoroCoro Comic Promo #039,2026-05-03,google_trends,18.9
Jigglypuff CoroCoro Comic Promo #039,Jigglypuff CoroCoro Comic Promo #039,2026-05-04,google_trends,17.9
Jigglypuff CoroCoro Comic Promo #039,Jigglypuff CoroCoro Comic Promo #039,2026-05-05,google_trends,18.7
Jigglypuff CoroCoro Comic Promo #039,Jigglypuff CoroCoro Comic Promo #039,2026-05-06,google_trends,20.1
Jigglypuff CoroCoro Comic Promo #039,Jigglypuff CoroCoro Comic Promo #039,2026-05-07,google_trends,21.8
Jigglypuff CoroCoro Comic Promo #039,Jigglypuff CoroCoro Comic Promo #039,2026-05-08,google_trends,21.4
Jigglypuff CoroCoro Comic Promo #039,Jigglypuff CoroCoro Comic Promo #039,2026-05-09,google_trends,21.7
Jigglypuff CoroCoro Comic Promo #039,Jigglypuff CoroCoro Comic Promo #039,2026-05-10,google_trends,18.1
Jigglypuff CoroCoro Comic Promo #039,Jigglypuff CoroCoro Comic Promo #039,2026-05-11,google_trends,18.8
Jigglypuff CoroCoro Comic Promo #039,Jigglypuff CoroCoro Comic Promo #039,2026-05-12,google_trends,22.1
Jigglypuff CoroCoro Comic Promo #039,Jigglypuff CoroCoro Comic Promo #039,2026-05-13,google_trends,19.2
Jigglypuff CoroCoro Comic Promo #039,Jigglypuff CoroCoro Comic Promo #039,2026-05-14,google_trends,18.8
Jigglypuff CoroCoro Comic Promo #039,Jigglypuff CoroCoro Comic Promo #039,2026-05-15,google_trends,21
Jigglypuff CoroCoro Comic Promo #039,Jigglypuff CoroCoro Comic Promo #039,2026-05-16,google_trends,21.1
Jigglypuff CoroCoro Comic Promo #039,Jigglypuff CoroCoro Comic Promo #039,2026-05-17,google_trends,20.1
Jigglypuff CoroCoro Comic Promo #039,Jigglypuff CoroCoro Comic Promo #039,2026-05-18,google_trends,19.7
Jigglypuff CoroCoro Comic Promo #039,Jigglypuff CoroCoro Comic Promo #039,2026-05-19,google_trends,19.8
Jigglypuff CoroCoro Comic Promo #039,Jigglypuff CoroCoro Comic Promo #039,2026-05-20,google_trends,20.9
Jigglypuff CoroCoro Comic Promo #039,Jigglypuff CoroCoro Comic Promo #039,2026-05-21,google_trends,18.5
Jigglypuff CoroCoro Comic Promo #039,Jigglypuff CoroCoro Comic Promo #039,2026-05-22,google_trends,19.2
Jigglypuff CoroCoro Comic Promo #039,Jigglypuff CoroCoro Comic Promo #039,2026-05-23,google_trends,19.7
Jigglypuff CoroCoro Comic Promo #039,Jigglypuff CoroCoro Comic Promo #039,2026-05-24,google_trends,19.6
Jigglypuff CoroCoro Comic Promo #039,Jigglypuff CoroCoro Comic Promo #039,2026-05-25,google_trends,19.7
Jigglypuff CoroCoro Comic Promo #039,Jigglypuff CoroCoro Comic Promo #039,2026-05-26,google_trends,20.9
Jigglypuff CoroCoro Comic Promo #039,Jigglypuff CoroCoro Comic Promo #039,2026-05-27,google_trends,18.8
Jigglypuff CoroCoro Comic Promo #039,Jigglypuff CoroCoro Comic Promo #039,2026-05-28,google_trends,22.3
Jigglypuff CoroCoro Comic Promo #039,Jigglypuff CoroCoro Comic Promo #039,2026-05-29,google_trends,19.9
Jigglypuff CoroCoro Comic Promo #039,Jigglypuff CoroCoro Comic Promo #039,2026-05-30,google_trends,21.1
Jigglypuff CoroCoro Comic Promo #039,Jigglypuff CoroCoro Comic Promo #039,2026-05-31,google_trends,20
Jigglypuff CoroCoro Comic Promo #039,Jigglypuff CoroCoro Comic Promo #039,2026-06-01,google_trends,19.6
Jigglypuff CoroCoro Comic Promo #039,Jigglypuff CoroCoro Comic Promo #039,2026-06-02,google_trends,19.3
Jigglypuff CoroCoro Comic Promo #039,Jigglypuff CoroCoro Comic Promo #039,2026-06-03,google_trends,21.1
Jigglypuff CoroCoro Comic Promo #039,Jigglypuff CoroCoro Comic Promo #039,2026-06-04,google_trends,20.6
Jigglypuff CoroCoro Comic Promo #039,Jigglypuff CoroCoro Comic Promo #039,2026-06-05,google_trends,20.3
Jigglypuff CoroCoro Comic Promo #039,Jigglypuff CoroCoro Comic Promo #039,2026-06-06,google_trends,21.9
Jigglypuff CoroCoro Comic Promo #039,Jigglypuff CoroCoro Comic Promo #039,2026-06-07,google_trends,20.2
Jigglypuff CoroCoro Comic Promo #039,Jigglypuff CoroCoro Comic Promo #039,2026-06-08,google_trends,20.3
Jigglypuff CoroCoro Comic Promo #039,Jigglypuff CoroCoro Comic Promo #039,2026-06-09,google_trends,22.4
Jigglypuff CoroCoro Comic Promo #039,Jigglypuff CoroCoro Comic Promo #039,2026-06-10,google_trends,21.6
Jigglypuff CoroCoro Comic Promo #039,Jigglypuff CoroCoro Comic Promo #039,2026-06-11,google_trends,19.9
Jigglypuff CoroCoro Comic Promo #039,Jigglypuff CoroCoro Comic Promo #039,2026-06-12,google_trends,21
Jigglypuff CoroCoro Comic Promo #039,Jigglypuff CoroCoro Comic Promo #039,2026-06-13,google_trends,22.6
Jigglypuff CoroCoro Comic Promo #039,Jigglypuff CoroCoro Comic Promo #039,2026-06-14,google_trends,20.2
Jigglypuff CoroCoro Comic Promo #039,Jigglypuff CoroCoro Comic Promo #039,2026-06-15,google_trends,21.1
Jigglypuff CoroCoro Comic Promo #039,Jigglypuff CoroCoro Comic Promo #039,2026-06-16,google_trends,19.9
Jigglypuff CoroCoro Comic Promo #039,Jigglypuff CoroCoro Comic Promo #039,2026-06-17,google_trends,22.6
Jigglypuff CoroCoro Comic Promo #039,Jigglypuff CoroCoro Comic Promo #039,2026-06-18,google_trends,21.2
Jigglypuff CoroCoro Comic Promo #039,Jigglypuff CoroCoro Comic Promo #039,2026-06-19,google_trends,20.9
Jigglypuff CoroCoro Comic Promo #039,Jigglypuff CoroCoro Comic Promo #039,2026-06-20,google_trends,20.3
Jigglypuff CoroCoro Comic Promo #039,Jigglypuff CoroCoro Comic Promo #039,2026-06-21,google_trends,19.9
Jigglypuff CoroCoro Comic Promo #039,Jigglypuff CoroCoro Comic Promo #039,2026-06-22,google_trends,21.2
Jigglypuff CoroCoro Comic Promo #039,Jigglypuff CoroCoro Comic Promo #039,2026-06-23,google_trends,23.1
Jigglypuff CoroCoro Comic Promo #039,Jigglypuff CoroCoro Comic Promo #039,2026-06-24,google_trends,23.1
Jigglypuff CoroCoro Comic Promo #039,Jigglypuff CoroCoro Comic Promo #039,2026-06-25,google_trends,22.1
Jigglypuff CoroCoro Comic Promo #039,Jigglypuff CoroCoro Comic Promo #039,2026-06-26,google_trends,22.8
Jigglypuff CoroCoro Comic Promo #039,Jigglypuff CoroCoro Comic Promo #039,2026-06-27,google_trends,22.9
Jigglypuff CoroCoro Comic Promo #039,Jigglypuff CoroCoro Comic Promo #039,2026-06-28,google_trends,20.5
Jigglypuff CoroCoro Comic Promo #039,Jigglypuff CoroCoro Comic Promo #039,2026-06-29,google_trends,22.6
Jigglypuff CoroCoro Comic Promo #039,Jigglypuff CoroCoro Comic Promo #039,2026-06-30,google_trends,22.3
Jigglypuff CoroCoro Comic Promo #039,Jigglypuff CoroCoro Comic Promo #039,2026-07-01,google_trends,22.3
Jigglypuff CoroCoro Comic Promo #039,Jigglypuff CoroCoro Comic Promo #039,2026-07-02,google_trends,21.7
Jigglypuff CoroCoro Comic Promo #039,Jigglypuff CoroCoro Comic Promo #039,2026-07-03,google_trends,23.3
Jigglypuff CoroCoro Comic Promo #039,Jigglypuff CoroCoro Comic Promo #039,2026-07-04,google_trends,20.8
Jigglypuff CoroCoro Comic Promo #039,Jigglypuff CoroCoro Comic Promo #039,2026-07-05,google_trends,21.2
Jigglypuff CoroCoro Comic Promo #039,Jigglypuff CoroCoro Comic Promo #039,2026-07-06,google_trends,21.4
Jigglypuff CoroCoro Comic Promo #039,Jigglypuff CoroCoro Comic Promo #039,2026-07-07,google_trends,20.4
Jigglypuff CoroCoro Comic Promo #039,Jigglypuff CoroCoro Comic Promo #039,2026-07-08,google_trends,22.2
Jigglypuff CoroCoro Comic Promo #039,Jigglypuff CoroCoro Comic Promo #039,2026-07-09,google_trends,20.5
Jigglypuff CoroCoro Comic Promo #039,Jigglypuff CoroCoro Comic Promo #039,2026-07-10,google_trends,20.2
Jigglypuff CoroCoro Comic Promo #039,Jigglypuff CoroCoro Comic Promo #039,2026-07-11,google_trends,23.6
Jigglypuff CoroCoro Comic Promo #039,Jigglypuff CoroCoro Comic Promo #039,2026-07-12,google_trends,19.9
Jigglypuff CoroCoro Comic Promo #039,Jigglypuff CoroCoro Comic Promo #039,2026-07-13,google_trends,19.9
Jigglypuff CoroCoro Comic Promo #039,Jigglypuff CoroCoro Comic Promo #039,2026-07-14,google_trends,23.5
Jigglypuff CoroCoro Comic Promo #039,Jigglypuff CoroCoro Comic Promo #039,2026-07-15,google_trends,22.4
Jigglypuff CoroCoro Comic Promo #039,Jigglypuff CoroCoro Comic Promo #039,2026-07-16,google_trends,22.9
Jigglypuff CoroCoro Comic Promo #039,Jigglypuff CoroCoro Comic Promo #039,2026-07-17,google_trends,21.7
Jigglypuff CoroCoro Comic Promo #039,Jigglypuff CoroCoro Comic Promo #039,2026-07-18,google_trends,20.9
Jigglypuff CoroCoro Comic Promo #039,Jigglypuff CoroCoro Comic Promo #039,2026-07-19,google_trends,20.9
Jigglypuff CoroCoro Comic Promo #039,Jigglypuff CoroCoro Comic Promo #039,2026-07-20,google_trends,20.8
Jigglypuff CoroCoro Comic Promo #039,Jigglypuff CoroCoro Comic Promo #039,2026-07-21,google_trends,21.8
Jigglypuff CoroCoro Comic Promo #039,Jigglypuff CoroCoro Comic Promo #039,2026-07-22,google_trends,21.7
Jigglypuff CoroCoro Comic Promo #039,Jigglypuff CoroCoro Comic Promo #039,2026-07-23,google_trends,22.1
Jigglypuff CoroCoro Comic Promo #039,Jigglypuff CoroCoro Comic Promo #039,2026-07-24,google_trends,20.8
Jigglypuff CoroCoro Comic Promo #039,Jigglypuff CoroCoro Comic Promo #039,2026-07-25,google_trends,22.6
Charizard Topsun (Blue Back),Charizard Topsun (Blue Back),2025-10-29,google_trends,16.4
Charizard Topsun (Blue Back),Charizard Topsun (Blue Back),2025-10-30,google_trends,14.8
Charizard Topsun (Blue Back),Charizard Topsun (Blue Back),2025-10-31,google_trends,13.8
Charizard Topsun (Blue Back),Charizard Topsun (Blue Back),2025-11-01,google_trends,13.1
Charizard Topsun (Blue Back),Charizard Topsun (Blue Back),2025-11-02,google_trends,14.3
Charizard Topsun (Blue Back),Charizard Topsun (Blue Back),2025-11-03,google_trends,16.6
Charizard Topsun (Blue Back),Charizard Topsun (Blue Back),2025-11-04,google_trends,14.1
Charizard Topsun (Blue Back),Charizard Topsun (Blue Back),2025-11-05,google_trends,13.4
Charizard Topsun (Blue Back),Charizard Topsun (Blue Back),2025-11-06,google_trends,16.6
Charizard Topsun (Blue Back),Charizard Topsun (Blue Back),2025-11-07,google_trends,15.3
Charizard Topsun (Blue Back),Charizard Topsun (Blue Back),2025-11-08,google_trends,13.8
Charizard Topsun (Blue Back),Charizard Topsun (Blue Back),2025-11-09,google_trends,14.3
Charizard Topsun (Blue Back),Charizard Topsun (Blue Back),2025-11-10,google_trends,13.2
Charizard Topsun (Blue Back),Charizard Topsun (Blue Back),2025-11-11,google_trends,13.6
Charizard Topsun (Blue Back),Charizard Topsun (Blue Back),2025-11-12,google_trends,14.9
Charizard Topsun (Blue Back),Charizard Topsun (Blue Back),2025-11-13,google_trends,13.2
Charizard Topsun (Blue Back),Charizard Topsun (Blue Back),2025-11-14,google_trends,13.2
Charizard Topsun (Blue Back),Charizard Topsun (Blue Back),2025-11-15,google_trends,16.8
Charizard Topsun (Blue Back),Charizard Topsun (Blue Back),2025-11-16,google_trends,15.3
Charizard Topsun (Blue Back),Charizard Topsun (Blue Back),2025-11-17,google_trends,14.6
Charizard Topsun (Blue Back),Charizard Topsun (Blue Back),2025-11-18,google_trends,15.4
Charizard Topsun (Blue Back),Charizard Topsun (Blue Back),2025-11-19,google_trends,14.3
Charizard Topsun (Blue Back),Charizard Topsun (Blue Back),2025-11-20,google_trends,13.7
Charizard Topsun (Blue Back),Charizard Topsun (Blue Back),2025-11-21,google_trends,15.8
Charizard Topsun (Blue Back),Charizard Topsun (Blue Back),2025-11-22,google_trends,15.8
Charizard Topsun (Blue Back),Charizard Topsun (Blue Back),2025-11-23,google_trends,15.1
Charizard Topsun (Blue Back),Charizard Topsun (Blue Back),2025-11-24,google_trends,16.5
Charizard Topsun (Blue Back),Charizard Topsun (Blue Back),2025-11-25,google_trends,14
Charizard Topsun (Blue Back),Charizard Topsun (Blue Back),2025-11-26,google_trends,14.9
Charizard Topsun (Blue Back),Charizard Topsun (Blue Back),2025-11-27,google_trends,14.8
Charizard Topsun (Blue Back),Charizard Topsun (Blue Back),2025-11-28,google_trends,14.9
Charizard Topsun (Blue Back),Charizard Topsun (Blue Back),2025-11-29,google_trends,15.1
Charizard Topsun (Blue Back),Charizard Topsun (Blue Back),2025-11-30,google_trends,14.1
Charizard Topsun (Blue Back),Charizard Topsun (Blue Back),2025-12-01,google_trends,13.9
Charizard Topsun (Blue Back),Charizard Topsun (Blue Back),2025-12-02,google_trends,16.1
Charizard Topsun (Blue Back),Charizard Topsun (Blue Back),2025-12-03,google_trends,14.2
Charizard Topsun (Blue Back),Charizard Topsun (Blue Back),2025-12-04,google_trends,14.8
Charizard Topsun (Blue Back),Charizard Topsun (Blue Back),2025-12-05,google_trends,13.5
Charizard Topsun (Blue Back),Charizard Topsun (Blue Back),2025-12-06,google_trends,16.8
Charizard Topsun (Blue Back),Charizard Topsun (Blue Back),2025-12-07,google_trends,15
Charizard Topsun (Blue Back),Charizard Topsun (Blue Back),2025-12-08,google_trends,15.5
Charizard Topsun (Blue Back),Charizard Topsun (Blue Back),2025-12-09,google_trends,14.2
Charizard Topsun (Blue Back),Charizard Topsun (Blue Back),2025-12-10,google_trends,13.5
Charizard Topsun (Blue Back),Charizard Topsun (Blue Back),2025-12-11,google_trends,13.6
Charizard Topsun (Blue Back),Charizard Topsun (Blue Back),2025-12-12,google_trends,14.6
Charizard Topsun (Blue Back),Charizard Topsun (Blue Back),2025-12-13,google_trends,14.4
Charizard Topsun (Blue Back),Charizard Topsun (Blue Back),2025-12-14,google_trends,13.1
Charizard Topsun (Blue Back),Charizard Topsun (Blue Back),2025-12-15,google_trends,16.4
Charizard Topsun (Blue Back),Charizard Topsun (Blue Back),2025-12-16,google_trends,13.7
Charizard Topsun (Blue Back),Charizard Topsun (Blue Back),2025-12-17,google_trends,16.9
Charizard Topsun (Blue Back),Charizard Topsun (Blue Back),2025-12-18,google_trends,13.9
Charizard Topsun (Blue Back),Charizard Topsun (Blue Back),2025-12-19,google_trends,15.4
Charizard Topsun (Blue Back),Charizard Topsun (Blue Back),2025-12-20,google_trends,15.7
Charizard Topsun (Blue Back),Charizard Topsun (Blue Back),2025-12-21,google_trends,14
Charizard Topsun (Blue Back),Charizard Topsun (Blue Back),2025-12-22,google_trends,14.2
Charizard Topsun (Blue Back),Charizard Topsun (Blue Back),2025-12-23,google_trends,14.6
Charizard Topsun (Blue Back),Charizard Topsun (Blue Back),2025-12-24,google_trends,13.7
Charizard Topsun (Blue Back),Charizard Topsun (Blue Back),2025-12-25,google_trends,15.1
Charizard Topsun (Blue Back),Charizard Topsun (Blue Back),2025-12-26,google_trends,13.4
Charizard Topsun (Blue Back),Charizard Topsun (Blue Back),2025-12-27,google_trends,14.1
Charizard Topsun (Blue Back),Charizard Topsun (Blue Back),2025-12-28,google_trends,16.2
Charizard Topsun (Blue Back),Charizard Topsun (Blue Back),2025-12-29,google_trends,15.7
Charizard Topsun (Blue Back),Charizard Topsun (Blue Back),2025-12-30,google_trends,13.3
Charizard Topsun (Blue Back),Charizard Topsun (Blue Back),2025-12-31,google_trends,14
Charizard Topsun (Blue Back),Charizard Topsun (Blue Back),2026-01-01,google_trends,15.8
Charizard Topsun (Blue Back),Charizard Topsun (Blue Back),2026-01-02,google_trends,14.7
Charizard Topsun (Blue Back),Charizard Topsun (Blue Back),2026-01-03,google_trends,14.9
Charizard Topsun (Blue Back),Charizard Topsun (Blue Back),2026-01-04,google_trends,16.4
Charizard Topsun (Blue Back),Charizard Topsun (Blue Back),2026-01-05,google_trends,14.2
Charizard Topsun (Blue Back),Charizard Topsun (Blue Back),2026-01-06,google_trends,13
Charizard Topsun (Blue Back),Charizard Topsun (Blue Back),2026-01-07,google_trends,14
Charizard Topsun (Blue Back),Charizard Topsun (Blue Back),2026-01-08,google_trends,13.8
Charizard Topsun (Blue Back),Charizard Topsun (Blue Back),2026-01-09,google_trends,14.7
Charizard Topsun (Blue Back),Charizard Topsun (Blue Back),2026-01-10,google_trends,15.8
Charizard Topsun (Blue Back),Charizard Topsun (Blue Back),2026-01-11,google_trends,16.1
Charizard Topsun (Blue Back),Charizard Topsun (Blue Back),2026-01-12,google_trends,14.9
Charizard Topsun (Blue Back),Charizard Topsun (Blue Back),2026-01-13,google_trends,16.2
Charizard Topsun (Blue Back),Charizard Topsun (Blue Back),2026-01-14,google_trends,16.2
Charizard Topsun (Blue Back),Charizard Topsun (Blue Back),2026-01-15,google_trends,14.2
Charizard Topsun (Blue Back),Charizard Topsun (Blue Back),2026-01-16,google_trends,16.8
Charizard Topsun (Blue Back),Charizard Topsun (Blue Back),2026-01-17,google_trends,14.1
Charizard Topsun (Blue Back),Charizard Topsun (Blue Back),2026-01-18,google_trends,14
Charizard Topsun (Blue Back),Charizard Topsun (Blue Back),2026-01-19,google_trends,14
Charizard Topsun (Blue Back),Charizard Topsun (Blue Back),2026-01-20,google_trends,16
Charizard Topsun (Blue Back),Charizard Topsun (Blue Back),2026-01-21,google_trends,14.4
Charizard Topsun (Blue Back),Charizard Topsun (Blue Back),2026-01-22,google_trends,14.5
Charizard Topsun (Blue Back),Charizard Topsun (Blue Back),2026-01-23,google_trends,13.5
Charizard Topsun (Blue Back),Charizard Topsun (Blue Back),2026-01-24,google_trends,13.6
Charizard Topsun (Blue Back),Charizard Topsun (Blue Back),2026-01-25,google_trends,14.2
Charizard Topsun (Blue Back),Charizard Topsun (Blue Back),2026-01-26,google_trends,14.8
Charizard Topsun (Blue Back),Charizard Topsun (Blue Back),2026-01-27,google_trends,15.3
Charizard Topsun (Blue Back),Charizard Topsun (Blue Back),2026-01-28,google_trends,15.5
Charizard Topsun (Blue Back),Charizard Topsun (Blue Back),2026-01-29,google_trends,13.8
Charizard Topsun (Blue Back),Charizard Topsun (Blue Back),2026-01-30,google_trends,16.8
Charizard Topsun (Blue Back),Charizard Topsun (Blue Back),2026-01-31,google_trends,13.3
Charizard Topsun (Blue Back),Charizard Topsun (Blue Back),2026-02-01,google_trends,14.3
Charizard Topsun (Blue Back),Charizard Topsun (Blue Back),2026-02-02,google_trends,15.9
Charizard Topsun (Blue Back),Charizard Topsun (Blue Back),2026-02-03,google_trends,15.3
Charizard Topsun (Blue Back),Charizard Topsun (Blue Back),2026-02-04,google_trends,15.4
Charizard Topsun (Blue Back),Charizard Topsun (Blue Back),2026-02-05,google_trends,16.2
Charizard Topsun (Blue Back),Charizard Topsun (Blue Back),2026-02-06,google_trends,16.2
Charizard Topsun (Blue Back),Charizard Topsun (Blue Back),2026-02-07,google_trends,15.2
Charizard Topsun (Blue Back),Charizard Topsun (Blue Back),2026-02-08,google_trends,13
Charizard Topsun (Blue Back),Charizard Topsun (Blue Back),2026-02-09,google_trends,13.6
Charizard Topsun (Blue Back),Charizard Topsun (Blue Back),2026-02-10,google_trends,15.6
Charizard Topsun (Blue Back),Charizard Topsun (Blue Back),2026-02-11,google_trends,14
Charizard Topsun (Blue Back),Charizard Topsun (Blue Back),2026-02-12,google_trends,13.6
Charizard Topsun (Blue Back),Charizard Topsun (Blue Back),2026-02-13,google_trends,15.9
Charizard Topsun (Blue Back),Charizard Topsun (Blue Back),2026-02-14,google_trends,13.8
Charizard Topsun (Blue Back),Charizard Topsun (Blue Back),2026-02-15,google_trends,15.3
Charizard Topsun (Blue Back),Charizard Topsun (Blue Back),2026-02-16,google_trends,14.3
Charizard Topsun (Blue Back),Charizard Topsun (Blue Back),2026-02-17,google_trends,16.6
Charizard Topsun (Blue Back),Charizard Topsun (Blue Back),2026-02-18,google_trends,15.1
Charizard Topsun (Blue Back),Charizard Topsun (Blue Back),2026-02-19,google_trends,13.7
Charizard Topsun (Blue Back),Charizard Topsun (Blue Back),2026-02-20,google_trends,13.7
Charizard Topsun (Blue Back),Charizard Topsun (Blue Back),2026-02-21,google_trends,15.6
Charizard Topsun (Blue Back),Charizard Topsun (Blue Back),2026-02-22,google_trends,15.4
Charizard Topsun (Blue Back),Charizard Topsun (Blue Back),2026-02-23,google_trends,16
Charizard Topsun (Blue Back),Charizard Topsun (Blue Back),2026-02-24,google_trends,15.1
Charizard Topsun (Blue Back),Charizard Topsun (Blue Back),2026-02-25,google_trends,15.3
Charizard Topsun (Blue Back),Charizard Topsun (Blue Back),2026-02-26,google_trends,16.8
Charizard Topsun (Blue Back),Charizard Topsun (Blue Back),2026-02-27,google_trends,14.2
Charizard Topsun (Blue Back),Charizard Topsun (Blue Back),2026-02-28,google_trends,13.1
Charizard Topsun (Blue Back),Charizard Topsun (Blue Back),2026-03-01,google_trends,15.4
Charizard Topsun (Blue Back),Charizard Topsun (Blue Back),2026-03-02,google_trends,14.1
Charizard Topsun (Blue Back),Charizard Topsun (Blue Back),2026-03-03,google_trends,16.2
Charizard Topsun (Blue Back),Charizard Topsun (Blue Back),2026-03-04,google_trends,14
Charizard Topsun (Blue Back),Charizard Topsun (Blue Back),2026-03-05,google_trends,16
Charizard Topsun (Blue Back),Charizard Topsun (Blue Back),2026-03-06,google_trends,14.8
Charizard Topsun (Blue Back),Charizard Topsun (Blue Back),2026-03-07,google_trends,15
Charizard Topsun (Blue Back),Charizard Topsun (Blue Back),2026-03-08,google_trends,13
Charizard Topsun (Blue Back),Charizard Topsun (Blue Back),2026-03-09,google_trends,15.2
Charizard Topsun (Blue Back),Charizard Topsun (Blue Back),2026-03-10,google_trends,15.7
Charizard Topsun (Blue Back),Charizard Topsun (Blue Back),2026-03-11,google_trends,13.2
Charizard Topsun (Blue Back),Charizard Topsun (Blue Back),2026-03-12,google_trends,15.7
Charizard Topsun (Blue Back),Charizard Topsun (Blue Back),2026-03-13,google_trends,15.9
Charizard Topsun (Blue Back),Charizard Topsun (Blue Back),2026-03-14,google_trends,13.5
Charizard Topsun (Blue Back),Charizard Topsun (Blue Back),2026-03-15,google_trends,13.7
Charizard Topsun (Blue Back),Charizard Topsun (Blue Back),2026-03-16,google_trends,14.7
Charizard Topsun (Blue Back),Charizard Topsun (Blue Back),2026-03-17,google_trends,15.4
Charizard Topsun (Blue Back),Charizard Topsun (Blue Back),2026-03-18,google_trends,15.7
Charizard Topsun (Blue Back),Charizard Topsun (Blue Back),2026-03-19,google_trends,13.1
Charizard Topsun (Blue Back),Charizard Topsun (Blue Back),2026-03-20,google_trends,16
Charizard Topsun (Blue Back),Charizard Topsun (Blue Back),2026-03-21,google_trends,13.5
Charizard Topsun (Blue Back),Charizard Topsun (Blue Back),2026-03-22,google_trends,13.5
Charizard Topsun (Blue Back),Charizard Topsun (Blue Back),2026-03-23,google_trends,15.8
Charizard Topsun (Blue Back),Charizard Topsun (Blue Back),2026-03-24,google_trends,14.1
Charizard Topsun (Blue Back),Charizard Topsun (Blue Back),2026-03-25,google_trends,13.2
Charizard Topsun (Blue Back),Charizard Topsun (Blue Back),2026-03-26,google_trends,15.2
Charizard Topsun (Blue Back),Charizard Topsun (Blue Back),2026-03-27,google_trends,13.8
Charizard Topsun (Blue Back),Charizard Topsun (Blue Back),2026-03-28,google_trends,15.7
Charizard Topsun (Blue Back),Charizard Topsun (Blue Back),2026-03-29,google_trends,16.6
Charizard Topsun (Blue Back),Charizard Topsun (Blue Back),2026-03-30,google_trends,14.8
Charizard Topsun (Blue Back),Charizard Topsun (Blue Back),2026-03-31,google_trends,13.8
Charizard Topsun (Blue Back),Charizard Topsun (Blue Back),2026-04-01,google_trends,16.1
Charizard Topsun (Blue Back),Charizard Topsun (Blue Back),2026-04-02,google_trends,13.9
Charizard Topsun (Blue Back),Charizard Topsun (Blue Back),2026-04-03,google_trends,13.8
Charizard Topsun (Blue Back),Charizard Topsun (Blue Back),2026-04-04,google_trends,16.8
Charizard Topsun (Blue Back),Charizard Topsun (Blue Back),2026-04-05,google_trends,15.9
Charizard Topsun (Blue Back),Charizard Topsun (Blue Back),2026-04-06,google_trends,17
Charizard Topsun (Blue Back),Charizard Topsun (Blue Back),2026-04-07,google_trends,16.3
Charizard Topsun (Blue Back),Charizard Topsun (Blue Back),2026-04-08,google_trends,13.3
Charizard Topsun (Blue Back),Charizard Topsun (Blue Back),2026-04-09,google_trends,16.1
Charizard Topsun (Blue Back),Charizard Topsun (Blue Back),2026-04-10,google_trends,16.7
Charizard Topsun (Blue Back),Charizard Topsun (Blue Back),2026-04-11,google_trends,14.5
Charizard Topsun (Blue Back),Charizard Topsun (Blue Back),2026-04-12,google_trends,14.4
Charizard Topsun (Blue Back),Charizard Topsun (Blue Back),2026-04-13,google_trends,16.2
Charizard Topsun (Blue Back),Charizard Topsun (Blue Back),2026-04-14,google_trends,14.8
Charizard Topsun (Blue Back),Charizard Topsun (Blue Back),2026-04-15,google_trends,15.6
Charizard Topsun (Blue Back),Charizard Topsun (Blue Back),2026-04-16,google_trends,16
Charizard Topsun (Blue Back),Charizard Topsun (Blue Back),2026-04-17,google_trends,16.9
Charizard Topsun (Blue Back),Charizard Topsun (Blue Back),2026-04-18,google_trends,13.5
Charizard Topsun (Blue Back),Charizard Topsun (Blue Back),2026-04-19,google_trends,15.4
Charizard Topsun (Blue Back),Charizard Topsun (Blue Back),2026-04-20,google_trends,16.1
Charizard Topsun (Blue Back),Charizard Topsun (Blue Back),2026-04-21,google_trends,15.2
Charizard Topsun (Blue Back),Charizard Topsun (Blue Back),2026-04-22,google_trends,16.5
Charizard Topsun (Blue Back),Charizard Topsun (Blue Back),2026-04-23,google_trends,14.4
Charizard Topsun (Blue Back),Charizard Topsun (Blue Back),2026-04-24,google_trends,16.1
Charizard Topsun (Blue Back),Charizard Topsun (Blue Back),2026-04-25,google_trends,15.8
Charizard Topsun (Blue Back),Charizard Topsun (Blue Back),2026-04-26,google_trends,13.9
Charizard Topsun (Blue Back),Charizard Topsun (Blue Back),2026-04-27,google_trends,15
Charizard Topsun (Blue Back),Charizard Topsun (Blue Back),2026-04-28,google_trends,15.8
Charizard Topsun (Blue Back),Charizard Topsun (Blue Back),2026-04-29,google_trends,15
Charizard Topsun (Blue Back),Charizard Topsun (Blue Back),2026-04-30,google_trends,13.2
Charizard Topsun (Blue Back),Charizard Topsun (Blue Back),2026-05-01,google_trends,13.5
Charizard Topsun (Blue Back),Charizard Topsun (Blue Back),2026-05-02,google_trends,14.3
Charizard Topsun (Blue Back),Charizard Topsun (Blue Back),2026-05-03,google_trends,14.4
Charizard Topsun (Blue Back),Charizard Topsun (Blue Back),2026-05-04,google_trends,16.3
Charizard Topsun (Blue Back),Charizard Topsun (Blue Back),2026-05-05,google_trends,16.4
Charizard Topsun (Blue Back),Charizard Topsun (Blue Back),2026-05-06,google_trends,14.5
Charizard Topsun (Blue Back),Charizard Topsun (Blue Back),2026-05-07,google_trends,13.1
Charizard Topsun (Blue Back),Charizard Topsun (Blue Back),2026-05-08,google_trends,14.8
Charizard Topsun (Blue Back),Charizard Topsun (Blue Back),2026-05-09,google_trends,14.8
Charizard Topsun (Blue Back),Charizard Topsun (Blue Back),2026-05-10,google_trends,16.1
Charizard Topsun (Blue Back),Charizard Topsun (Blue Back),2026-05-11,google_trends,13.7
Charizard Topsun (Blue Back),Charizard Topsun (Blue Back),2026-05-12,google_trends,14.5
Charizard Topsun (Blue Back),Charizard Topsun (Blue Back),2026-05-13,google_trends,13
Charizard Topsun (Blue Back),Charizard Topsun (Blue Back),2026-05-14,google_trends,16.8
Charizard Topsun (Blue Back),Charizard Topsun (Blue Back),2026-05-15,google_trends,14.8
Charizard Topsun (Blue Back),Charizard Topsun (Blue Back),2026-05-16,google_trends,15.6
Charizard Topsun (Blue Back),Charizard Topsun (Blue Back),2026-05-17,google_trends,14.2
Charizard Topsun (Blue Back),Charizard Topsun (Blue Back),2026-05-18,google_trends,14.6
Charizard Topsun (Blue Back),Charizard Topsun (Blue Back),2026-05-19,google_trends,14.2
Charizard Topsun (Blue Back),Charizard Topsun (Blue Back),2026-05-20,google_trends,15.9
Charizard Topsun (Blue Back),Charizard Topsun (Blue Back),2026-05-21,google_trends,14.7
Charizard Topsun (Blue Back),Charizard Topsun (Blue Back),2026-05-22,google_trends,16.9
Charizard Topsun (Blue Back),Charizard Topsun (Blue Back),2026-05-23,google_trends,13.2
Charizard Topsun (Blue Back),Charizard Topsun (Blue Back),2026-05-24,google_trends,13.3
Charizard Topsun (Blue Back),Charizard Topsun (Blue Back),2026-05-25,google_trends,14.9
Charizard Topsun (Blue Back),Charizard Topsun (Blue Back),2026-05-26,google_trends,16.4
Charizard Topsun (Blue Back),Charizard Topsun (Blue Back),2026-05-27,google_trends,13.7
Charizard Topsun (Blue Back),Charizard Topsun (Blue Back),2026-05-28,google_trends,14
Charizard Topsun (Blue Back),Charizard Topsun (Blue Back),2026-05-29,google_trends,16.9
Charizard Topsun (Blue Back),Charizard Topsun (Blue Back),2026-05-30,google_trends,15
Charizard Topsun (Blue Back),Charizard Topsun (Blue Back),2026-05-31,google_trends,14.9
Charizard Topsun (Blue Back),Charizard Topsun (Blue Back),2026-06-01,google_trends,13.7
Charizard Topsun (Blue Back),Charizard Topsun (Blue Back),2026-06-02,google_trends,16.8
Charizard Topsun (Blue Back),Charizard Topsun (Blue Back),2026-06-03,google_trends,17.7
Charizard Topsun (Blue Back),Charizard Topsun (Blue Back),2026-06-04,google_trends,18
Charizard Topsun (Blue Back),Charizard Topsun (Blue Back),2026-06-05,google_trends,19.7
Charizard Topsun (Blue Back),Charizard Topsun (Blue Back),2026-06-06,google_trends,20.6
Charizard Topsun (Blue Back),Charizard Topsun (Blue Back),2026-06-07,google_trends,25
Charizard Topsun (Blue Back),Charizard Topsun (Blue Back),2026-06-08,google_trends,23.1
Charizard Topsun (Blue Back),Charizard Topsun (Blue Back),2026-06-09,google_trends,27.1
Charizard Topsun (Blue Back),Charizard Topsun (Blue Back),2026-06-10,google_trends,28.4
Charizard Topsun (Blue Back),Charizard Topsun (Blue Back),2026-06-11,google_trends,26.9
Charizard Topsun (Blue Back),Charizard Topsun (Blue Back),2026-06-12,google_trends,30
Charizard Topsun (Blue Back),Charizard Topsun (Blue Back),2026-06-13,google_trends,29.7
Charizard Topsun (Blue Back),Charizard Topsun (Blue Back),2026-06-14,google_trends,32.7
Charizard Topsun (Blue Back),Charizard Topsun (Blue Back),2026-06-15,google_trends,33.1
Charizard Topsun (Blue Back),Charizard Topsun (Blue Back),2026-06-16,google_trends,35
Charizard Topsun (Blue Back),Charizard Topsun (Blue Back),2026-06-17,google_trends,38
Charizard Topsun (Blue Back),Charizard Topsun (Blue Back),2026-06-18,google_trends,37
Charizard Topsun (Blue Back),Charizard Topsun (Blue Back),2026-06-19,google_trends,37.7
Charizard Topsun (Blue Back),Charizard Topsun (Blue Back),2026-06-20,google_trends,40.6
Charizard Topsun (Blue Back),Charizard Topsun (Blue Back),2026-06-21,google_trends,42.3
Charizard Topsun (Blue Back),Charizard Topsun (Blue Back),2026-06-22,google_trends,43
Charizard Topsun (Blue Back),Charizard Topsun (Blue Back),2026-06-23,google_trends,46.5
Charizard Topsun (Blue Back),Charizard Topsun (Blue Back),2026-06-24,google_trends,45.3
Charizard Topsun (Blue Back),Charizard Topsun (Blue Back),2026-06-25,google_trends,45.7
Charizard Topsun (Blue Back),Charizard Topsun (Blue Back),2026-06-26,google_trends,49.6
Charizard Topsun (Blue Back),Charizard Topsun (Blue Back),2026-06-27,google_trends,52.1
Charizard Topsun (Blue Back),Charizard Topsun (Blue Back),2026-06-28,google_trends,51.2
Charizard Topsun (Blue Back),Charizard Topsun (Blue Back),2026-06-29,google_trends,53.7
Charizard Topsun (Blue Back),Charizard Topsun (Blue Back),2026-06-30,google_trends,56.1
Charizard Topsun (Blue Back),Charizard Topsun (Blue Back),2026-07-01,google_trends,54.6
Charizard Topsun (Blue Back),Charizard Topsun (Blue Back),2026-07-02,google_trends,58.5
Charizard Topsun (Blue Back),Charizard Topsun (Blue Back),2026-07-03,google_trends,58.6
Charizard Topsun (Blue Back),Charizard Topsun (Blue Back),2026-07-04,google_trends,57.9
Charizard Topsun (Blue Back),Charizard Topsun (Blue Back),2026-07-05,google_trends,61.8
Charizard Topsun (Blue Back),Charizard Topsun (Blue Back),2026-07-06,google_trends,63
Charizard Topsun (Blue Back),Charizard Topsun (Blue Back),2026-07-07,google_trends,63.2
Charizard Topsun (Blue Back),Charizard Topsun (Blue Back),2026-07-08,google_trends,66.8
Charizard Topsun (Blue Back),Charizard Topsun (Blue Back),2026-07-09,google_trends,67.3
Charizard Topsun (Blue Back),Charizard Topsun (Blue Back),2026-07-10,google_trends,66.6
Charizard Topsun (Blue Back),Charizard Topsun (Blue Back),2026-07-11,google_trends,67.8
Charizard Topsun (Blue Back),Charizard Topsun (Blue Back),2026-07-12,google_trends,70.5
Charizard Topsun (Blue Back),Charizard Topsun (Blue Back),2026-07-13,google_trends,69.8
Charizard Topsun (Blue Back),Charizard Topsun (Blue Back),2026-07-14,google_trends,75.1
Charizard Topsun (Blue Back),Charizard Topsun (Blue Back),2026-07-15,google_trends,73.5
Charizard Topsun (Blue Back),Charizard Topsun (Blue Back),2026-07-16,google_trends,75.3
Charizard Topsun (Blue Back),Charizard Topsun (Blue Back),2026-07-17,google_trends,77.2
Charizard Topsun (Blue Back),Charizard Topsun (Blue Back),2026-07-18,google_trends,77
Charizard Topsun (Blue Back),Charizard Topsun (Blue Back),2026-07-19,google_trends,78.4
Charizard Topsun (Blue Back),Charizard Topsun (Blue Back),2026-07-20,google_trends,81
Charizard Topsun (Blue Back),Charizard Topsun (Blue Back),2026-07-21,google_trends,82.6
Charizard Topsun (Blue Back),Charizard Topsun (Blue Back),2026-07-22,google_trends,85.2
Charizard Topsun (Blue Back),Charizard Topsun (Blue Back),2026-07-23,google_trends,84.2
Charizard Topsun (Blue Back),Charizard Topsun (Blue Back),2026-07-24,google_trends,87.9
Charizard Topsun (Blue Back),Charizard Topsun (Blue Back),2026-07-25,google_trends,88.5
Pikachu JR East Rally Promo,Pikachu JR East Rally Promo,2025-10-29,google_trends,15.1
Pikachu JR East Rally Promo,Pikachu JR East Rally Promo,2025-10-30,google_trends,16.6
Pikachu JR East Rally Promo,Pikachu JR East Rally Promo,2025-10-31,google_trends,19
Pikachu JR East Rally Promo,Pikachu JR East Rally Promo,2025-11-01,google_trends,18.7
Pikachu JR East Rally Promo,Pikachu JR East Rally Promo,2025-11-02,google_trends,17.2
Pikachu JR East Rally Promo,Pikachu JR East Rally Promo,2025-11-03,google_trends,16.3
Pikachu JR East Rally Promo,Pikachu JR East Rally Promo,2025-11-04,google_trends,18.1
Pikachu JR East Rally Promo,Pikachu JR East Rally Promo,2025-11-05,google_trends,15.3
Pikachu JR East Rally Promo,Pikachu JR East Rally Promo,2025-11-06,google_trends,18.9
Pikachu JR East Rally Promo,Pikachu JR East Rally Promo,2025-11-07,google_trends,17
Pikachu JR East Rally Promo,Pikachu JR East Rally Promo,2025-11-08,google_trends,17.3
Pikachu JR East Rally Promo,Pikachu JR East Rally Promo,2025-11-09,google_trends,16.3
Pikachu JR East Rally Promo,Pikachu JR East Rally Promo,2025-11-10,google_trends,15.1
Pikachu JR East Rally Promo,Pikachu JR East Rally Promo,2025-11-11,google_trends,17.7
Pikachu JR East Rally Promo,Pikachu JR East Rally Promo,2025-11-12,google_trends,17.8
Pikachu JR East Rally Promo,Pikachu JR East Rally Promo,2025-11-13,google_trends,18.2
Pikachu JR East Rally Promo,Pikachu JR East Rally Promo,2025-11-14,google_trends,18.3
Pikachu JR East Rally Promo,Pikachu JR East Rally Promo,2025-11-15,google_trends,15.1
Pikachu JR East Rally Promo,Pikachu JR East Rally Promo,2025-11-16,google_trends,15.6
Pikachu JR East Rally Promo,Pikachu JR East Rally Promo,2025-11-17,google_trends,16.3
Pikachu JR East Rally Promo,Pikachu JR East Rally Promo,2025-11-18,google_trends,16.7
Pikachu JR East Rally Promo,Pikachu JR East Rally Promo,2025-11-19,google_trends,16.1
Pikachu JR East Rally Promo,Pikachu JR East Rally Promo,2025-11-20,google_trends,19
Pikachu JR East Rally Promo,Pikachu JR East Rally Promo,2025-11-21,google_trends,17.1
Pikachu JR East Rally Promo,Pikachu JR East Rally Promo,2025-11-22,google_trends,15.6
Pikachu JR East Rally Promo,Pikachu JR East Rally Promo,2025-11-23,google_trends,18.3
Pikachu JR East Rally Promo,Pikachu JR East Rally Promo,2025-11-24,google_trends,18.9
Pikachu JR East Rally Promo,Pikachu JR East Rally Promo,2025-11-25,google_trends,16.9
Pikachu JR East Rally Promo,Pikachu JR East Rally Promo,2025-11-26,google_trends,17.7
Pikachu JR East Rally Promo,Pikachu JR East Rally Promo,2025-11-27,google_trends,17.1
Pikachu JR East Rally Promo,Pikachu JR East Rally Promo,2025-11-28,google_trends,15.3
Pikachu JR East Rally Promo,Pikachu JR East Rally Promo,2025-11-29,google_trends,16.1
Pikachu JR East Rally Promo,Pikachu JR East Rally Promo,2025-11-30,google_trends,15.6
Pikachu JR East Rally Promo,Pikachu JR East Rally Promo,2025-12-01,google_trends,15.4
Pikachu JR East Rally Promo,Pikachu JR East Rally Promo,2025-12-02,google_trends,16.4
Pikachu JR East Rally Promo,Pikachu JR East Rally Promo,2025-12-03,google_trends,17.1
Pikachu JR East Rally Promo,Pikachu JR East Rally Promo,2025-12-04,google_trends,16
Pikachu JR East Rally Promo,Pikachu JR East Rally Promo,2025-12-05,google_trends,16.1
Pikachu JR East Rally Promo,Pikachu JR East Rally Promo,2025-12-06,google_trends,15.4
Pikachu JR East Rally Promo,Pikachu JR East Rally Promo,2025-12-07,google_trends,15.3
Pikachu JR East Rally Promo,Pikachu JR East Rally Promo,2025-12-08,google_trends,18.4
Pikachu JR East Rally Promo,Pikachu JR East Rally Promo,2025-12-09,google_trends,18.4
Pikachu JR East Rally Promo,Pikachu JR East Rally Promo,2025-12-10,google_trends,17
Pikachu JR East Rally Promo,Pikachu JR East Rally Promo,2025-12-11,google_trends,18.5
Pikachu JR East Rally Promo,Pikachu JR East Rally Promo,2025-12-12,google_trends,17.8
Pikachu JR East Rally Promo,Pikachu JR East Rally Promo,2025-12-13,google_trends,16.6
Pikachu JR East Rally Promo,Pikachu JR East Rally Promo,2025-12-14,google_trends,15.4
Pikachu JR East Rally Promo,Pikachu JR East Rally Promo,2025-12-15,google_trends,18.8
Pikachu JR East Rally Promo,Pikachu JR East Rally Promo,2025-12-16,google_trends,15
Pikachu JR East Rally Promo,Pikachu JR East Rally Promo,2025-12-17,google_trends,15.6
Pikachu JR East Rally Promo,Pikachu JR East Rally Promo,2025-12-18,google_trends,16.7
Pikachu JR East Rally Promo,Pikachu JR East Rally Promo,2025-12-19,google_trends,17.4
Pikachu JR East Rally Promo,Pikachu JR East Rally Promo,2025-12-20,google_trends,17.6
Pikachu JR East Rally Promo,Pikachu JR East Rally Promo,2025-12-21,google_trends,15.3
Pikachu JR East Rally Promo,Pikachu JR East Rally Promo,2025-12-22,google_trends,16.6
Pikachu JR East Rally Promo,Pikachu JR East Rally Promo,2025-12-23,google_trends,16.4
Pikachu JR East Rally Promo,Pikachu JR East Rally Promo,2025-12-24,google_trends,17.8
Pikachu JR East Rally Promo,Pikachu JR East Rally Promo,2025-12-25,google_trends,18.8
Pikachu JR East Rally Promo,Pikachu JR East Rally Promo,2025-12-26,google_trends,15.8
Pikachu JR East Rally Promo,Pikachu JR East Rally Promo,2025-12-27,google_trends,16.6
Pikachu JR East Rally Promo,Pikachu JR East Rally Promo,2025-12-28,google_trends,17.5
Pikachu JR East Rally Promo,Pikachu JR East Rally Promo,2025-12-29,google_trends,18.8
Pikachu JR East Rally Promo,Pikachu JR East Rally Promo,2025-12-30,google_trends,15.2
Pikachu JR East Rally Promo,Pikachu JR East Rally Promo,2025-12-31,google_trends,16.1
Pikachu JR East Rally Promo,Pikachu JR East Rally Promo,2026-01-01,google_trends,17.7
Pikachu JR East Rally Promo,Pikachu JR East Rally Promo,2026-01-02,google_trends,18.2
Pikachu JR East Rally Promo,Pikachu JR East Rally Promo,2026-01-03,google_trends,18.8
Pikachu JR East Rally Promo,Pikachu JR East Rally Promo,2026-01-04,google_trends,19
Pikachu JR East Rally Promo,Pikachu JR East Rally Promo,2026-01-05,google_trends,15.7
Pikachu JR East Rally Promo,Pikachu JR East Rally Promo,2026-01-06,google_trends,16.6
Pikachu JR East Rally Promo,Pikachu JR East Rally Promo,2026-01-07,google_trends,15.1
Pikachu JR East Rally Promo,Pikachu JR East Rally Promo,2026-01-08,google_trends,15.5
Pikachu JR East Rally Promo,Pikachu JR East Rally Promo,2026-01-09,google_trends,15.9
Pikachu JR East Rally Promo,Pikachu JR East Rally Promo,2026-01-10,google_trends,18.6
Pikachu JR East Rally Promo,Pikachu JR East Rally Promo,2026-01-11,google_trends,17.6
Pikachu JR East Rally Promo,Pikachu JR East Rally Promo,2026-01-12,google_trends,18.6
Pikachu JR East Rally Promo,Pikachu JR East Rally Promo,2026-01-13,google_trends,16.1
Pikachu JR East Rally Promo,Pikachu JR East Rally Promo,2026-01-14,google_trends,16.6
Pikachu JR East Rally Promo,Pikachu JR East Rally Promo,2026-01-15,google_trends,18.6
Pikachu JR East Rally Promo,Pikachu JR East Rally Promo,2026-01-16,google_trends,15.9
Pikachu JR East Rally Promo,Pikachu JR East Rally Promo,2026-01-17,google_trends,17
Pikachu JR East Rally Promo,Pikachu JR East Rally Promo,2026-01-18,google_trends,18.7
Pikachu JR East Rally Promo,Pikachu JR East Rally Promo,2026-01-19,google_trends,16.3
Pikachu JR East Rally Promo,Pikachu JR East Rally Promo,2026-01-20,google_trends,15.5
Pikachu JR East Rally Promo,Pikachu JR East Rally Promo,2026-01-21,google_trends,17
Pikachu JR East Rally Promo,Pikachu JR East Rally Promo,2026-01-22,google_trends,15.4
Pikachu JR East Rally Promo,Pikachu JR East Rally Promo,2026-01-23,google_trends,17
Pikachu JR East Rally Promo,Pikachu JR East Rally Promo,2026-01-24,google_trends,18.9
Pikachu JR East Rally Promo,Pikachu JR East Rally Promo,2026-01-25,google_trends,17.9
Pikachu JR East Rally Promo,Pikachu JR East Rally Promo,2026-01-26,google_trends,18.7
Pikachu JR East Rally Promo,Pikachu JR East Rally Promo,2026-01-27,google_trends,18.9
Pikachu JR East Rally Promo,Pikachu JR East Rally Promo,2026-01-28,google_trends,16.9
Pikachu JR East Rally Promo,Pikachu JR East Rally Promo,2026-01-29,google_trends,16.6
Pikachu JR East Rally Promo,Pikachu JR East Rally Promo,2026-01-30,google_trends,15.2
Pikachu JR East Rally Promo,Pikachu JR East Rally Promo,2026-01-31,google_trends,16.8
Pikachu JR East Rally Promo,Pikachu JR East Rally Promo,2026-02-01,google_trends,18.1
Pikachu JR East Rally Promo,Pikachu JR East Rally Promo,2026-02-02,google_trends,15
Pikachu JR East Rally Promo,Pikachu JR East Rally Promo,2026-02-03,google_trends,18.7
Pikachu JR East Rally Promo,Pikachu JR East Rally Promo,2026-02-04,google_trends,16.1
Pikachu JR East Rally Promo,Pikachu JR East Rally Promo,2026-02-05,google_trends,16.2
Pikachu JR East Rally Promo,Pikachu JR East Rally Promo,2026-02-06,google_trends,17.7
Pikachu JR East Rally Promo,Pikachu JR East Rally Promo,2026-02-07,google_trends,16.2
Pikachu JR East Rally Promo,Pikachu JR East Rally Promo,2026-02-08,google_trends,17.3
Pikachu JR East Rally Promo,Pikachu JR East Rally Promo,2026-02-09,google_trends,16.8
Pikachu JR East Rally Promo,Pikachu JR East Rally Promo,2026-02-10,google_trends,18.9
Pikachu JR East Rally Promo,Pikachu JR East Rally Promo,2026-02-11,google_trends,15.1
Pikachu JR East Rally Promo,Pikachu JR East Rally Promo,2026-02-12,google_trends,18.3
Pikachu JR East Rally Promo,Pikachu JR East Rally Promo,2026-02-13,google_trends,18
Pikachu JR East Rally Promo,Pikachu JR East Rally Promo,2026-02-14,google_trends,18.3
Pikachu JR East Rally Promo,Pikachu JR East Rally Promo,2026-02-15,google_trends,15.9
Pikachu JR East Rally Promo,Pikachu JR East Rally Promo,2026-02-16,google_trends,18.6
Pikachu JR East Rally Promo,Pikachu JR East Rally Promo,2026-02-17,google_trends,17.2
Pikachu JR East Rally Promo,Pikachu JR East Rally Promo,2026-02-18,google_trends,15.4
Pikachu JR East Rally Promo,Pikachu JR East Rally Promo,2026-02-19,google_trends,15.5
Pikachu JR East Rally Promo,Pikachu JR East Rally Promo,2026-02-20,google_trends,16.2
Pikachu JR East Rally Promo,Pikachu JR East Rally Promo,2026-02-21,google_trends,15.4
Pikachu JR East Rally Promo,Pikachu JR East Rally Promo,2026-02-22,google_trends,15.8
Pikachu JR East Rally Promo,Pikachu JR East Rally Promo,2026-02-23,google_trends,15.9
Pikachu JR East Rally Promo,Pikachu JR East Rally Promo,2026-02-24,google_trends,15.8
Pikachu JR East Rally Promo,Pikachu JR East Rally Promo,2026-02-25,google_trends,17.8
Pikachu JR East Rally Promo,Pikachu JR East Rally Promo,2026-02-26,google_trends,18.7
Pikachu JR East Rally Promo,Pikachu JR East Rally Promo,2026-02-27,google_trends,15.5
Pikachu JR East Rally Promo,Pikachu JR East Rally Promo,2026-02-28,google_trends,15.7
Pikachu JR East Rally Promo,Pikachu JR East Rally Promo,2026-03-01,google_trends,17.1
Pikachu JR East Rally Promo,Pikachu JR East Rally Promo,2026-03-02,google_trends,18.4
Pikachu JR East Rally Promo,Pikachu JR East Rally Promo,2026-03-03,google_trends,17.9
Pikachu JR East Rally Promo,Pikachu JR East Rally Promo,2026-03-04,google_trends,19
Pikachu JR East Rally Promo,Pikachu JR East Rally Promo,2026-03-05,google_trends,16.5
Pikachu JR East Rally Promo,Pikachu JR East Rally Promo,2026-03-06,google_trends,16.7
Pikachu JR East Rally Promo,Pikachu JR East Rally Promo,2026-03-07,google_trends,19
Pikachu JR East Rally Promo,Pikachu JR East Rally Promo,2026-03-08,google_trends,17.5
Pikachu JR East Rally Promo,Pikachu JR East Rally Promo,2026-03-09,google_trends,16
Pikachu JR East Rally Promo,Pikachu JR East Rally Promo,2026-03-10,google_trends,16
Pikachu JR East Rally Promo,Pikachu JR East Rally Promo,2026-03-11,google_trends,17.1
Pikachu JR East Rally Promo,Pikachu JR East Rally Promo,2026-03-12,google_trends,18.2
Pikachu JR East Rally Promo,Pikachu JR East Rally Promo,2026-03-13,google_trends,18.8
Pikachu JR East Rally Promo,Pikachu JR East Rally Promo,2026-03-14,google_trends,18.3
Pikachu JR East Rally Promo,Pikachu JR East Rally Promo,2026-03-15,google_trends,18.3
Pikachu JR East Rally Promo,Pikachu JR East Rally Promo,2026-03-16,google_trends,15.9
Pikachu JR East Rally Promo,Pikachu JR East Rally Promo,2026-03-17,google_trends,15.1
Pikachu JR East Rally Promo,Pikachu JR East Rally Promo,2026-03-18,google_trends,16.6
Pikachu JR East Rally Promo,Pikachu JR East Rally Promo,2026-03-19,google_trends,16.5
Pikachu JR East Rally Promo,Pikachu JR East Rally Promo,2026-03-20,google_trends,17.8
Pikachu JR East Rally Promo,Pikachu JR East Rally Promo,2026-03-21,google_trends,16.9
Pikachu JR East Rally Promo,Pikachu JR East Rally Promo,2026-03-22,google_trends,15.4
Pikachu JR East Rally Promo,Pikachu JR East Rally Promo,2026-03-23,google_trends,16.3
Pikachu JR East Rally Promo,Pikachu JR East Rally Promo,2026-03-24,google_trends,17.4
Pikachu JR East Rally Promo,Pikachu JR East Rally Promo,2026-03-25,google_trends,18.8
Pikachu JR East Rally Promo,Pikachu JR East Rally Promo,2026-03-26,google_trends,18.7
Pikachu JR East Rally Promo,Pikachu JR East Rally Promo,2026-03-27,google_trends,15.7
Pikachu JR East Rally Promo,Pikachu JR East Rally Promo,2026-03-28,google_trends,15
Pikachu JR East Rally Promo,Pikachu JR East Rally Promo,2026-03-29,google_trends,18.5
Pikachu JR East Rally Promo,Pikachu JR East Rally Promo,2026-03-30,google_trends,18.8
Pikachu JR East Rally Promo,Pikachu JR East Rally Promo,2026-03-31,google_trends,18.9
Pikachu JR East Rally Promo,Pikachu JR East Rally Promo,2026-04-01,google_trends,15.7
Pikachu JR East Rally Promo,Pikachu JR East Rally Promo,2026-04-02,google_trends,15.4
Pikachu JR East Rally Promo,Pikachu JR East Rally Promo,2026-04-03,google_trends,18
Pikachu JR East Rally Promo,Pikachu JR East Rally Promo,2026-04-04,google_trends,17.7
Pikachu JR East Rally Promo,Pikachu JR East Rally Promo,2026-04-05,google_trends,18
Pikachu JR East Rally Promo,Pikachu JR East Rally Promo,2026-04-06,google_trends,16.7
Pikachu JR East Rally Promo,Pikachu JR East Rally Promo,2026-04-07,google_trends,15.1
Pikachu JR East Rally Promo,Pikachu JR East Rally Promo,2026-04-08,google_trends,17.3
Pikachu JR East Rally Promo,Pikachu JR East Rally Promo,2026-04-09,google_trends,16.8
Pikachu JR East Rally Promo,Pikachu JR East Rally Promo,2026-04-10,google_trends,16.5
Pikachu JR East Rally Promo,Pikachu JR East Rally Promo,2026-04-11,google_trends,17.5
Pikachu JR East Rally Promo,Pikachu JR East Rally Promo,2026-04-12,google_trends,15.4
Pikachu JR East Rally Promo,Pikachu JR East Rally Promo,2026-04-13,google_trends,17.6
Pikachu JR East Rally Promo,Pikachu JR East Rally Promo,2026-04-14,google_trends,15.8
Pikachu JR East Rally Promo,Pikachu JR East Rally Promo,2026-04-15,google_trends,18.6
Pikachu JR East Rally Promo,Pikachu JR East Rally Promo,2026-04-16,google_trends,15
Pikachu JR East Rally Promo,Pikachu JR East Rally Promo,2026-04-17,google_trends,18
Pikachu JR East Rally Promo,Pikachu JR East Rally Promo,2026-04-18,google_trends,16
Pikachu JR East Rally Promo,Pikachu JR East Rally Promo,2026-04-19,google_trends,17.7
Pikachu JR East Rally Promo,Pikachu JR East Rally Promo,2026-04-20,google_trends,16.5
Pikachu JR East Rally Promo,Pikachu JR East Rally Promo,2026-04-21,google_trends,18.4
Pikachu JR East Rally Promo,Pikachu JR East Rally Promo,2026-04-22,google_trends,17.6
Pikachu JR East Rally Promo,Pikachu JR East Rally Promo,2026-04-23,google_trends,17.7
Pikachu JR East Rally Promo,Pikachu JR East Rally Promo,2026-04-24,google_trends,15.4
Pikachu JR East Rally Promo,Pikachu JR East Rally Promo,2026-04-25,google_trends,18.3
Pikachu JR East Rally Promo,Pikachu JR East Rally Promo,2026-04-26,google_trends,17.8
Pikachu JR East Rally Promo,Pikachu JR East Rally Promo,2026-04-27,google_trends,16.9
Pikachu JR East Rally Promo,Pikachu JR East Rally Promo,2026-04-28,google_trends,16.9
Pikachu JR East Rally Promo,Pikachu JR East Rally Promo,2026-04-29,google_trends,16.9
Pikachu JR East Rally Promo,Pikachu JR East Rally Promo,2026-04-30,google_trends,17.2
Pikachu JR East Rally Promo,Pikachu JR East Rally Promo,2026-05-01,google_trends,16.4
Pikachu JR East Rally Promo,Pikachu JR East Rally Promo,2026-05-02,google_trends,16.4
Pikachu JR East Rally Promo,Pikachu JR East Rally Promo,2026-05-03,google_trends,16.2
Pikachu JR East Rally Promo,Pikachu JR East Rally Promo,2026-05-04,google_trends,18.3
Pikachu JR East Rally Promo,Pikachu JR East Rally Promo,2026-05-05,google_trends,16.4
Pikachu JR East Rally Promo,Pikachu JR East Rally Promo,2026-05-06,google_trends,17.8
Pikachu JR East Rally Promo,Pikachu JR East Rally Promo,2026-05-07,google_trends,16.8
Pikachu JR East Rally Promo,Pikachu JR East Rally Promo,2026-05-08,google_trends,18.8
Pikachu JR East Rally Promo,Pikachu JR East Rally Promo,2026-05-09,google_trends,15.3
Pikachu JR East Rally Promo,Pikachu JR East Rally Promo,2026-05-10,google_trends,18.5
Pikachu JR East Rally Promo,Pikachu JR East Rally Promo,2026-05-11,google_trends,15.2
Pikachu JR East Rally Promo,Pikachu JR East Rally Promo,2026-05-12,google_trends,16.1
Pikachu JR East Rally Promo,Pikachu JR East Rally Promo,2026-05-13,google_trends,15.4
Pikachu JR East Rally Promo,Pikachu JR East Rally Promo,2026-05-14,google_trends,18.4
Pikachu JR East Rally Promo,Pikachu JR East Rally Promo,2026-05-15,google_trends,18.5
Pikachu JR East Rally Promo,Pikachu JR East Rally Promo,2026-05-16,google_trends,16.4
Pikachu JR East Rally Promo,Pikachu JR East Rally Promo,2026-05-17,google_trends,17.4
Pikachu JR East Rally Promo,Pikachu JR East Rally Promo,2026-05-18,google_trends,16.5
Pikachu JR East Rally Promo,Pikachu JR East Rally Promo,2026-05-19,google_trends,18.2
Pikachu JR East Rally Promo,Pikachu JR East Rally Promo,2026-05-20,google_trends,18.2
Pikachu JR East Rally Promo,Pikachu JR East Rally Promo,2026-05-21,google_trends,15.8
Pikachu JR East Rally Promo,Pikachu JR East Rally Promo,2026-05-22,google_trends,17.3
Pikachu JR East Rally Promo,Pikachu JR East Rally Promo,2026-05-23,google_trends,18
Pikachu JR East Rally Promo,Pikachu JR East Rally Promo,2026-05-24,google_trends,16.6
Pikachu JR East Rally Promo,Pikachu JR East Rally Promo,2026-05-25,google_trends,15.9
Pikachu JR East Rally Promo,Pikachu JR East Rally Promo,2026-05-26,google_trends,18.5
Pikachu JR East Rally Promo,Pikachu JR East Rally Promo,2026-05-27,google_trends,16.7
Pikachu JR East Rally Promo,Pikachu JR East Rally Promo,2026-05-28,google_trends,16.3
Pikachu JR East Rally Promo,Pikachu JR East Rally Promo,2026-05-29,google_trends,17.2
Pikachu JR East Rally Promo,Pikachu JR East Rally Promo,2026-05-30,google_trends,17.9
Pikachu JR East Rally Promo,Pikachu JR East Rally Promo,2026-05-31,google_trends,17.4
Pikachu JR East Rally Promo,Pikachu JR East Rally Promo,2026-06-01,google_trends,15.6
Pikachu JR East Rally Promo,Pikachu JR East Rally Promo,2026-06-02,google_trends,18.7
Pikachu JR East Rally Promo,Pikachu JR East Rally Promo,2026-06-03,google_trends,17.4
Pikachu JR East Rally Promo,Pikachu JR East Rally Promo,2026-06-04,google_trends,17
Pikachu JR East Rally Promo,Pikachu JR East Rally Promo,2026-06-05,google_trends,16.8
Pikachu JR East Rally Promo,Pikachu JR East Rally Promo,2026-06-06,google_trends,15.3
Pikachu JR East Rally Promo,Pikachu JR East Rally Promo,2026-06-07,google_trends,18.9
Pikachu JR East Rally Promo,Pikachu JR East Rally Promo,2026-06-08,google_trends,17.9
Pikachu JR East Rally Promo,Pikachu JR East Rally Promo,2026-06-09,google_trends,18.2
Pikachu JR East Rally Promo,Pikachu JR East Rally Promo,2026-06-10,google_trends,15.4
Pikachu JR East Rally Promo,Pikachu JR East Rally Promo,2026-06-11,google_trends,16
Pikachu JR East Rally Promo,Pikachu JR East Rally Promo,2026-06-12,google_trends,18.7
Pikachu JR East Rally Promo,Pikachu JR East Rally Promo,2026-06-13,google_trends,18.7
Pikachu JR East Rally Promo,Pikachu JR East Rally Promo,2026-06-14,google_trends,16
Pikachu JR East Rally Promo,Pikachu JR East Rally Promo,2026-06-15,google_trends,16.4
Pikachu JR East Rally Promo,Pikachu JR East Rally Promo,2026-06-16,google_trends,19
Pikachu JR East Rally Promo,Pikachu JR East Rally Promo,2026-06-17,google_trends,18.2
Pikachu JR East Rally Promo,Pikachu JR East Rally Promo,2026-06-18,google_trends,17.1
Pikachu JR East Rally Promo,Pikachu JR East Rally Promo,2026-06-19,google_trends,15.4
Pikachu JR East Rally Promo,Pikachu JR East Rally Promo,2026-06-20,google_trends,15.5
Pikachu JR East Rally Promo,Pikachu JR East Rally Promo,2026-06-21,google_trends,15.3
Pikachu JR East Rally Promo,Pikachu JR East Rally Promo,2026-06-22,google_trends,16
Pikachu JR East Rally Promo,Pikachu JR East Rally Promo,2026-06-23,google_trends,15.5
Pikachu JR East Rally Promo,Pikachu JR East Rally Promo,2026-06-24,google_trends,16.2
Pikachu JR East Rally Promo,Pikachu JR East Rally Promo,2026-06-25,google_trends,16.3
Pikachu JR East Rally Promo,Pikachu JR East Rally Promo,2026-06-26,google_trends,17.6
Pikachu JR East Rally Promo,Pikachu JR East Rally Promo,2026-06-27,google_trends,15
Pikachu JR East Rally Promo,Pikachu JR East Rally Promo,2026-06-28,google_trends,18
Pikachu JR East Rally Promo,Pikachu JR East Rally Promo,2026-06-29,google_trends,15.3
Pikachu JR East Rally Promo,Pikachu JR East Rally Promo,2026-06-30,google_trends,15.8
Pikachu JR East Rally Promo,Pikachu JR East Rally Promo,2026-07-01,google_trends,16.4
Pikachu JR East Rally Promo,Pikachu JR East Rally Promo,2026-07-02,google_trends,17.6
Pikachu JR East Rally Promo,Pikachu JR East Rally Promo,2026-07-03,google_trends,17.3
Pikachu JR East Rally Promo,Pikachu JR East Rally Promo,2026-07-04,google_trends,17.1
Pikachu JR East Rally Promo,Pikachu JR East Rally Promo,2026-07-05,google_trends,18.7
Pikachu JR East Rally Promo,Pikachu JR East Rally Promo,2026-07-06,google_trends,15.2
Pikachu JR East Rally Promo,Pikachu JR East Rally Promo,2026-07-07,google_trends,15.7
Pikachu JR East Rally Promo,Pikachu JR East Rally Promo,2026-07-08,google_trends,16.8
Pikachu JR East Rally Promo,Pikachu JR East Rally Promo,2026-07-09,google_trends,17.6
Pikachu JR East Rally Promo,Pikachu JR East Rally Promo,2026-07-10,google_trends,16.4
Pikachu JR East Rally Promo,Pikachu JR East Rally Promo,2026-07-11,google_trends,15.7
Pikachu JR East Rally Promo,Pikachu JR East Rally Promo,2026-07-12,google_trends,15.2
Pikachu JR East Rally Promo,Pikachu JR East Rally Promo,2026-07-13,google_trends,17.4
Pikachu JR East Rally Promo,Pikachu JR East Rally Promo,2026-07-14,google_trends,15.4
Pikachu JR East Rally Promo,Pikachu JR East Rally Promo,2026-07-15,google_trends,18.2
Pikachu JR East Rally Promo,Pikachu JR East Rally Promo,2026-07-16,google_trends,16.8
Pikachu JR East Rally Promo,Pikachu JR East Rally Promo,2026-07-17,google_trends,15.5
Pikachu JR East Rally Promo,Pikachu JR East Rally Promo,2026-07-18,google_trends,17.9
Pikachu JR East Rally Promo,Pikachu JR East Rally Promo,2026-07-19,google_trends,15.8
Pikachu JR East Rally Promo,Pikachu JR East Rally Promo,2026-07-20,google_trends,18.7
Pikachu JR East Rally Promo,Pikachu JR East Rally Promo,2026-07-21,google_trends,16.6
Pikachu JR East Rally Promo,Pikachu JR East Rally Promo,2026-07-22,google_trends,17.6
Pikachu JR East Rally Promo,Pikachu JR East Rally Promo,2026-07-23,google_trends,16.4
Pikachu JR East Rally Promo,Pikachu JR East Rally Promo,2026-07-24,google_trends,15.9
Pikachu JR East Rally Promo,Pikachu JR East Rally Promo,2026-07-25,google_trends,18
Pokémon Japanese Vending Series 1 Sealed Sheet,Pokémon Japanese Vending Series 1 Sealed Sheet,2025-10-29,google_trends,13.9
Pokémon Japanese Vending Series 1 Sealed Sheet,Pokémon Japanese Vending Series 1 Sealed Sheet,2025-10-30,google_trends,13.2
Pokémon Japanese Vending Series 1 Sealed Sheet,Pokémon Japanese Vending Series 1 Sealed Sheet,2025-10-31,google_trends,16.3
Pokémon Japanese Vending Series 1 Sealed Sheet,Pokémon Japanese Vending Series 1 Sealed Sheet,2025-11-01,google_trends,14.1
Pokémon Japanese Vending Series 1 Sealed Sheet,Pokémon Japanese Vending Series 1 Sealed Sheet,2025-11-02,google_trends,14.5
Pokémon Japanese Vending Series 1 Sealed Sheet,Pokémon Japanese Vending Series 1 Sealed Sheet,2025-11-03,google_trends,16.9
Pokémon Japanese Vending Series 1 Sealed Sheet,Pokémon Japanese Vending Series 1 Sealed Sheet,2025-11-04,google_trends,14
Pokémon Japanese Vending Series 1 Sealed Sheet,Pokémon Japanese Vending Series 1 Sealed Sheet,2025-11-05,google_trends,15.4
Pokémon Japanese Vending Series 1 Sealed Sheet,Pokémon Japanese Vending Series 1 Sealed Sheet,2025-11-06,google_trends,15.1
Pokémon Japanese Vending Series 1 Sealed Sheet,Pokémon Japanese Vending Series 1 Sealed Sheet,2025-11-07,google_trends,15.4
Pokémon Japanese Vending Series 1 Sealed Sheet,Pokémon Japanese Vending Series 1 Sealed Sheet,2025-11-08,google_trends,13.9
Pokémon Japanese Vending Series 1 Sealed Sheet,Pokémon Japanese Vending Series 1 Sealed Sheet,2025-11-09,google_trends,16.1
Pokémon Japanese Vending Series 1 Sealed Sheet,Pokémon Japanese Vending Series 1 Sealed Sheet,2025-11-10,google_trends,13.9
Pokémon Japanese Vending Series 1 Sealed Sheet,Pokémon Japanese Vending Series 1 Sealed Sheet,2025-11-11,google_trends,14.4
Pokémon Japanese Vending Series 1 Sealed Sheet,Pokémon Japanese Vending Series 1 Sealed Sheet,2025-11-12,google_trends,16.7
Pokémon Japanese Vending Series 1 Sealed Sheet,Pokémon Japanese Vending Series 1 Sealed Sheet,2025-11-13,google_trends,13.4
Pokémon Japanese Vending Series 1 Sealed Sheet,Pokémon Japanese Vending Series 1 Sealed Sheet,2025-11-14,google_trends,16.3
Pokémon Japanese Vending Series 1 Sealed Sheet,Pokémon Japanese Vending Series 1 Sealed Sheet,2025-11-15,google_trends,17.3
Pokémon Japanese Vending Series 1 Sealed Sheet,Pokémon Japanese Vending Series 1 Sealed Sheet,2025-11-16,google_trends,16.4
Pokémon Japanese Vending Series 1 Sealed Sheet,Pokémon Japanese Vending Series 1 Sealed Sheet,2025-11-17,google_trends,16.3
Pokémon Japanese Vending Series 1 Sealed Sheet,Pokémon Japanese Vending Series 1 Sealed Sheet,2025-11-18,google_trends,14.6
Pokémon Japanese Vending Series 1 Sealed Sheet,Pokémon Japanese Vending Series 1 Sealed Sheet,2025-11-19,google_trends,15.1
Pokémon Japanese Vending Series 1 Sealed Sheet,Pokémon Japanese Vending Series 1 Sealed Sheet,2025-11-20,google_trends,17.4
Pokémon Japanese Vending Series 1 Sealed Sheet,Pokémon Japanese Vending Series 1 Sealed Sheet,2025-11-21,google_trends,15.2
Pokémon Japanese Vending Series 1 Sealed Sheet,Pokémon Japanese Vending Series 1 Sealed Sheet,2025-11-22,google_trends,15.4
Pokémon Japanese Vending Series 1 Sealed Sheet,Pokémon Japanese Vending Series 1 Sealed Sheet,2025-11-23,google_trends,16.5
Pokémon Japanese Vending Series 1 Sealed Sheet,Pokémon Japanese Vending Series 1 Sealed Sheet,2025-11-24,google_trends,17.5
Pokémon Japanese Vending Series 1 Sealed Sheet,Pokémon Japanese Vending Series 1 Sealed Sheet,2025-11-25,google_trends,15.1
Pokémon Japanese Vending Series 1 Sealed Sheet,Pokémon Japanese Vending Series 1 Sealed Sheet,2025-11-26,google_trends,14.6
Pokémon Japanese Vending Series 1 Sealed Sheet,Pokémon Japanese Vending Series 1 Sealed Sheet,2025-11-27,google_trends,17
Pokémon Japanese Vending Series 1 Sealed Sheet,Pokémon Japanese Vending Series 1 Sealed Sheet,2025-11-28,google_trends,17.8
Pokémon Japanese Vending Series 1 Sealed Sheet,Pokémon Japanese Vending Series 1 Sealed Sheet,2025-11-29,google_trends,16.4
Pokémon Japanese Vending Series 1 Sealed Sheet,Pokémon Japanese Vending Series 1 Sealed Sheet,2025-11-30,google_trends,16.4
Pokémon Japanese Vending Series 1 Sealed Sheet,Pokémon Japanese Vending Series 1 Sealed Sheet,2025-12-01,google_trends,15.8
Pokémon Japanese Vending Series 1 Sealed Sheet,Pokémon Japanese Vending Series 1 Sealed Sheet,2025-12-02,google_trends,16.2
Pokémon Japanese Vending Series 1 Sealed Sheet,Pokémon Japanese Vending Series 1 Sealed Sheet,2025-12-03,google_trends,16.6
Pokémon Japanese Vending Series 1 Sealed Sheet,Pokémon Japanese Vending Series 1 Sealed Sheet,2025-12-04,google_trends,16.9
Pokémon Japanese Vending Series 1 Sealed Sheet,Pokémon Japanese Vending Series 1 Sealed Sheet,2025-12-05,google_trends,15.7
Pokémon Japanese Vending Series 1 Sealed Sheet,Pokémon Japanese Vending Series 1 Sealed Sheet,2025-12-06,google_trends,14
Pokémon Japanese Vending Series 1 Sealed Sheet,Pokémon Japanese Vending Series 1 Sealed Sheet,2025-12-07,google_trends,16.2
Pokémon Japanese Vending Series 1 Sealed Sheet,Pokémon Japanese Vending Series 1 Sealed Sheet,2025-12-08,google_trends,18
Pokémon Japanese Vending Series 1 Sealed Sheet,Pokémon Japanese Vending Series 1 Sealed Sheet,2025-12-09,google_trends,14.7
Pokémon Japanese Vending Series 1 Sealed Sheet,Pokémon Japanese Vending Series 1 Sealed Sheet,2025-12-10,google_trends,14.9
Pokémon Japanese Vending Series 1 Sealed Sheet,Pokémon Japanese Vending Series 1 Sealed Sheet,2025-12-11,google_trends,17.9
Pokémon Japanese Vending Series 1 Sealed Sheet,Pokémon Japanese Vending Series 1 Sealed Sheet,2025-12-12,google_trends,17
Pokémon Japanese Vending Series 1 Sealed Sheet,Pokémon Japanese Vending Series 1 Sealed Sheet,2025-12-13,google_trends,17.6
Pokémon Japanese Vending Series 1 Sealed Sheet,Pokémon Japanese Vending Series 1 Sealed Sheet,2025-12-14,google_trends,14.9
Pokémon Japanese Vending Series 1 Sealed Sheet,Pokémon Japanese Vending Series 1 Sealed Sheet,2025-12-15,google_trends,14.5
Pokémon Japanese Vending Series 1 Sealed Sheet,Pokémon Japanese Vending Series 1 Sealed Sheet,2025-12-16,google_trends,16.3
Pokémon Japanese Vending Series 1 Sealed Sheet,Pokémon Japanese Vending Series 1 Sealed Sheet,2025-12-17,google_trends,14.7
Pokémon Japanese Vending Series 1 Sealed Sheet,Pokémon Japanese Vending Series 1 Sealed Sheet,2025-12-18,google_trends,18.3
Pokémon Japanese Vending Series 1 Sealed Sheet,Pokémon Japanese Vending Series 1 Sealed Sheet,2025-12-19,google_trends,16.3
Pokémon Japanese Vending Series 1 Sealed Sheet,Pokémon Japanese Vending Series 1 Sealed Sheet,2025-12-20,google_trends,18
Pokémon Japanese Vending Series 1 Sealed Sheet,Pokémon Japanese Vending Series 1 Sealed Sheet,2025-12-21,google_trends,14.5
Pokémon Japanese Vending Series 1 Sealed Sheet,Pokémon Japanese Vending Series 1 Sealed Sheet,2025-12-22,google_trends,17.9
Pokémon Japanese Vending Series 1 Sealed Sheet,Pokémon Japanese Vending Series 1 Sealed Sheet,2025-12-23,google_trends,16.5
Pokémon Japanese Vending Series 1 Sealed Sheet,Pokémon Japanese Vending Series 1 Sealed Sheet,2025-12-24,google_trends,15.7
Pokémon Japanese Vending Series 1 Sealed Sheet,Pokémon Japanese Vending Series 1 Sealed Sheet,2025-12-25,google_trends,14.7
Pokémon Japanese Vending Series 1 Sealed Sheet,Pokémon Japanese Vending Series 1 Sealed Sheet,2025-12-26,google_trends,16.6
Pokémon Japanese Vending Series 1 Sealed Sheet,Pokémon Japanese Vending Series 1 Sealed Sheet,2025-12-27,google_trends,17.2
Pokémon Japanese Vending Series 1 Sealed Sheet,Pokémon Japanese Vending Series 1 Sealed Sheet,2025-12-28,google_trends,16.8
Pokémon Japanese Vending Series 1 Sealed Sheet,Pokémon Japanese Vending Series 1 Sealed Sheet,2025-12-29,google_trends,14.7
Pokémon Japanese Vending Series 1 Sealed Sheet,Pokémon Japanese Vending Series 1 Sealed Sheet,2025-12-30,google_trends,14.8
Pokémon Japanese Vending Series 1 Sealed Sheet,Pokémon Japanese Vending Series 1 Sealed Sheet,2025-12-31,google_trends,18.1
Pokémon Japanese Vending Series 1 Sealed Sheet,Pokémon Japanese Vending Series 1 Sealed Sheet,2026-01-01,google_trends,17.5
Pokémon Japanese Vending Series 1 Sealed Sheet,Pokémon Japanese Vending Series 1 Sealed Sheet,2026-01-02,google_trends,17
Pokémon Japanese Vending Series 1 Sealed Sheet,Pokémon Japanese Vending Series 1 Sealed Sheet,2026-01-03,google_trends,15.2
Pokémon Japanese Vending Series 1 Sealed Sheet,Pokémon Japanese Vending Series 1 Sealed Sheet,2026-01-04,google_trends,15.9
Pokémon Japanese Vending Series 1 Sealed Sheet,Pokémon Japanese Vending Series 1 Sealed Sheet,2026-01-05,google_trends,17.4
Pokémon Japanese Vending Series 1 Sealed Sheet,Pokémon Japanese Vending Series 1 Sealed Sheet,2026-01-06,google_trends,15.6
Pokémon Japanese Vending Series 1 Sealed Sheet,Pokémon Japanese Vending Series 1 Sealed Sheet,2026-01-07,google_trends,17
Pokémon Japanese Vending Series 1 Sealed Sheet,Pokémon Japanese Vending Series 1 Sealed Sheet,2026-01-08,google_trends,18.6
Pokémon Japanese Vending Series 1 Sealed Sheet,Pokémon Japanese Vending Series 1 Sealed Sheet,2026-01-09,google_trends,16.1
Pokémon Japanese Vending Series 1 Sealed Sheet,Pokémon Japanese Vending Series 1 Sealed Sheet,2026-01-10,google_trends,15.8
Pokémon Japanese Vending Series 1 Sealed Sheet,Pokémon Japanese Vending Series 1 Sealed Sheet,2026-01-11,google_trends,17.9
Pokémon Japanese Vending Series 1 Sealed Sheet,Pokémon Japanese Vending Series 1 Sealed Sheet,2026-01-12,google_trends,18
Pokémon Japanese Vending Series 1 Sealed Sheet,Pokémon Japanese Vending Series 1 Sealed Sheet,2026-01-13,google_trends,15.6
Pokémon Japanese Vending Series 1 Sealed Sheet,Pokémon Japanese Vending Series 1 Sealed Sheet,2026-01-14,google_trends,18.5
Pokémon Japanese Vending Series 1 Sealed Sheet,Pokémon Japanese Vending Series 1 Sealed Sheet,2026-01-15,google_trends,16.7
Pokémon Japanese Vending Series 1 Sealed Sheet,Pokémon Japanese Vending Series 1 Sealed Sheet,2026-01-16,google_trends,18.2
Pokémon Japanese Vending Series 1 Sealed Sheet,Pokémon Japanese Vending Series 1 Sealed Sheet,2026-01-17,google_trends,16
Pokémon Japanese Vending Series 1 Sealed Sheet,Pokémon Japanese Vending Series 1 Sealed Sheet,2026-01-18,google_trends,17.3
Pokémon Japanese Vending Series 1 Sealed Sheet,Pokémon Japanese Vending Series 1 Sealed Sheet,2026-01-19,google_trends,18.4
Pokémon Japanese Vending Series 1 Sealed Sheet,Pokémon Japanese Vending Series 1 Sealed Sheet,2026-01-20,google_trends,17.7
Pokémon Japanese Vending Series 1 Sealed Sheet,Pokémon Japanese Vending Series 1 Sealed Sheet,2026-01-21,google_trends,15.7
Pokémon Japanese Vending Series 1 Sealed Sheet,Pokémon Japanese Vending Series 1 Sealed Sheet,2026-01-22,google_trends,16.4
Pokémon Japanese Vending Series 1 Sealed Sheet,Pokémon Japanese Vending Series 1 Sealed Sheet,2026-01-23,google_trends,16.7
Pokémon Japanese Vending Series 1 Sealed Sheet,Pokémon Japanese Vending Series 1 Sealed Sheet,2026-01-24,google_trends,16.5
Pokémon Japanese Vending Series 1 Sealed Sheet,Pokémon Japanese Vending Series 1 Sealed Sheet,2026-01-25,google_trends,15.9
Pokémon Japanese Vending Series 1 Sealed Sheet,Pokémon Japanese Vending Series 1 Sealed Sheet,2026-01-26,google_trends,19
Pokémon Japanese Vending Series 1 Sealed Sheet,Pokémon Japanese Vending Series 1 Sealed Sheet,2026-01-27,google_trends,17.2
Pokémon Japanese Vending Series 1 Sealed Sheet,Pokémon Japanese Vending Series 1 Sealed Sheet,2026-01-28,google_trends,16.7
Pokémon Japanese Vending Series 1 Sealed Sheet,Pokémon Japanese Vending Series 1 Sealed Sheet,2026-01-29,google_trends,16
Pokémon Japanese Vending Series 1 Sealed Sheet,Pokémon Japanese Vending Series 1 Sealed Sheet,2026-01-30,google_trends,15.6
Pokémon Japanese Vending Series 1 Sealed Sheet,Pokémon Japanese Vending Series 1 Sealed Sheet,2026-01-31,google_trends,19.2
Pokémon Japanese Vending Series 1 Sealed Sheet,Pokémon Japanese Vending Series 1 Sealed Sheet,2026-02-01,google_trends,17.6
Pokémon Japanese Vending Series 1 Sealed Sheet,Pokémon Japanese Vending Series 1 Sealed Sheet,2026-02-02,google_trends,16.3
Pokémon Japanese Vending Series 1 Sealed Sheet,Pokémon Japanese Vending Series 1 Sealed Sheet,2026-02-03,google_trends,15.9
Pokémon Japanese Vending Series 1 Sealed Sheet,Pokémon Japanese Vending Series 1 Sealed Sheet,2026-02-04,google_trends,18.6
Pokémon Japanese Vending Series 1 Sealed Sheet,Pokémon Japanese Vending Series 1 Sealed Sheet,2026-02-05,google_trends,17
Pokémon Japanese Vending Series 1 Sealed Sheet,Pokémon Japanese Vending Series 1 Sealed Sheet,2026-02-06,google_trends,16.6
Pokémon Japanese Vending Series 1 Sealed Sheet,Pokémon Japanese Vending Series 1 Sealed Sheet,2026-02-07,google_trends,18.4
Pokémon Japanese Vending Series 1 Sealed Sheet,Pokémon Japanese Vending Series 1 Sealed Sheet,2026-02-08,google_trends,18.3
Pokémon Japanese Vending Series 1 Sealed Sheet,Pokémon Japanese Vending Series 1 Sealed Sheet,2026-02-09,google_trends,19.1
Pokémon Japanese Vending Series 1 Sealed Sheet,Pokémon Japanese Vending Series 1 Sealed Sheet,2026-02-10,google_trends,16.2
Pokémon Japanese Vending Series 1 Sealed Sheet,Pokémon Japanese Vending Series 1 Sealed Sheet,2026-02-11,google_trends,17.2
Pokémon Japanese Vending Series 1 Sealed Sheet,Pokémon Japanese Vending Series 1 Sealed Sheet,2026-02-12,google_trends,19.3
Pokémon Japanese Vending Series 1 Sealed Sheet,Pokémon Japanese Vending Series 1 Sealed Sheet,2026-02-13,google_trends,16.2
Pokémon Japanese Vending Series 1 Sealed Sheet,Pokémon Japanese Vending Series 1 Sealed Sheet,2026-02-14,google_trends,16.2
Pokémon Japanese Vending Series 1 Sealed Sheet,Pokémon Japanese Vending Series 1 Sealed Sheet,2026-02-15,google_trends,18.1
Pokémon Japanese Vending Series 1 Sealed Sheet,Pokémon Japanese Vending Series 1 Sealed Sheet,2026-02-16,google_trends,19.8
Pokémon Japanese Vending Series 1 Sealed Sheet,Pokémon Japanese Vending Series 1 Sealed Sheet,2026-02-17,google_trends,18.3
Pokémon Japanese Vending Series 1 Sealed Sheet,Pokémon Japanese Vending Series 1 Sealed Sheet,2026-02-18,google_trends,17.5
Pokémon Japanese Vending Series 1 Sealed Sheet,Pokémon Japanese Vending Series 1 Sealed Sheet,2026-02-19,google_trends,19.5
Pokémon Japanese Vending Series 1 Sealed Sheet,Pokémon Japanese Vending Series 1 Sealed Sheet,2026-02-20,google_trends,16.3
Pokémon Japanese Vending Series 1 Sealed Sheet,Pokémon Japanese Vending Series 1 Sealed Sheet,2026-02-21,google_trends,17.3
Pokémon Japanese Vending Series 1 Sealed Sheet,Pokémon Japanese Vending Series 1 Sealed Sheet,2026-02-22,google_trends,17.1
Pokémon Japanese Vending Series 1 Sealed Sheet,Pokémon Japanese Vending Series 1 Sealed Sheet,2026-02-23,google_trends,18.1
Pokémon Japanese Vending Series 1 Sealed Sheet,Pokémon Japanese Vending Series 1 Sealed Sheet,2026-02-24,google_trends,16.1
Pokémon Japanese Vending Series 1 Sealed Sheet,Pokémon Japanese Vending Series 1 Sealed Sheet,2026-02-25,google_trends,19
Pokémon Japanese Vending Series 1 Sealed Sheet,Pokémon Japanese Vending Series 1 Sealed Sheet,2026-02-26,google_trends,18.9
Pokémon Japanese Vending Series 1 Sealed Sheet,Pokémon Japanese Vending Series 1 Sealed Sheet,2026-02-27,google_trends,16.2
Pokémon Japanese Vending Series 1 Sealed Sheet,Pokémon Japanese Vending Series 1 Sealed Sheet,2026-02-28,google_trends,17.7
Pokémon Japanese Vending Series 1 Sealed Sheet,Pokémon Japanese Vending Series 1 Sealed Sheet,2026-03-01,google_trends,17.8
Pokémon Japanese Vending Series 1 Sealed Sheet,Pokémon Japanese Vending Series 1 Sealed Sheet,2026-03-02,google_trends,18.3
Pokémon Japanese Vending Series 1 Sealed Sheet,Pokémon Japanese Vending Series 1 Sealed Sheet,2026-03-03,google_trends,17.9
Pokémon Japanese Vending Series 1 Sealed Sheet,Pokémon Japanese Vending Series 1 Sealed Sheet,2026-03-04,google_trends,17.7
Pokémon Japanese Vending Series 1 Sealed Sheet,Pokémon Japanese Vending Series 1 Sealed Sheet,2026-03-05,google_trends,17.9
Pokémon Japanese Vending Series 1 Sealed Sheet,Pokémon Japanese Vending Series 1 Sealed Sheet,2026-03-06,google_trends,16.9
Pokémon Japanese Vending Series 1 Sealed Sheet,Pokémon Japanese Vending Series 1 Sealed Sheet,2026-03-07,google_trends,17.5
Pokémon Japanese Vending Series 1 Sealed Sheet,Pokémon Japanese Vending Series 1 Sealed Sheet,2026-03-08,google_trends,16.7
Pokémon Japanese Vending Series 1 Sealed Sheet,Pokémon Japanese Vending Series 1 Sealed Sheet,2026-03-09,google_trends,17.7
Pokémon Japanese Vending Series 1 Sealed Sheet,Pokémon Japanese Vending Series 1 Sealed Sheet,2026-03-10,google_trends,17.4
Pokémon Japanese Vending Series 1 Sealed Sheet,Pokémon Japanese Vending Series 1 Sealed Sheet,2026-03-11,google_trends,17.1
Pokémon Japanese Vending Series 1 Sealed Sheet,Pokémon Japanese Vending Series 1 Sealed Sheet,2026-03-12,google_trends,18.6
Pokémon Japanese Vending Series 1 Sealed Sheet,Pokémon Japanese Vending Series 1 Sealed Sheet,2026-03-13,google_trends,17.1
Pokémon Japanese Vending Series 1 Sealed Sheet,Pokémon Japanese Vending Series 1 Sealed Sheet,2026-03-14,google_trends,19.4
Pokémon Japanese Vending Series 1 Sealed Sheet,Pokémon Japanese Vending Series 1 Sealed Sheet,2026-03-15,google_trends,19.6
Pokémon Japanese Vending Series 1 Sealed Sheet,Pokémon Japanese Vending Series 1 Sealed Sheet,2026-03-16,google_trends,17.4
Pokémon Japanese Vending Series 1 Sealed Sheet,Pokémon Japanese Vending Series 1 Sealed Sheet,2026-03-17,google_trends,17.7
Pokémon Japanese Vending Series 1 Sealed Sheet,Pokémon Japanese Vending Series 1 Sealed Sheet,2026-03-18,google_trends,18.9
Pokémon Japanese Vending Series 1 Sealed Sheet,Pokémon Japanese Vending Series 1 Sealed Sheet,2026-03-19,google_trends,20.5
Pokémon Japanese Vending Series 1 Sealed Sheet,Pokémon Japanese Vending Series 1 Sealed Sheet,2026-03-20,google_trends,19
Pokémon Japanese Vending Series 1 Sealed Sheet,Pokémon Japanese Vending Series 1 Sealed Sheet,2026-03-21,google_trends,19.1
Pokémon Japanese Vending Series 1 Sealed Sheet,Pokémon Japanese Vending Series 1 Sealed Sheet,2026-03-22,google_trends,18.6
Pokémon Japanese Vending Series 1 Sealed Sheet,Pokémon Japanese Vending Series 1 Sealed Sheet,2026-03-23,google_trends,19
Pokémon Japanese Vending Series 1 Sealed Sheet,Pokémon Japanese Vending Series 1 Sealed Sheet,2026-03-24,google_trends,16.9
Pokémon Japanese Vending Series 1 Sealed Sheet,Pokémon Japanese Vending Series 1 Sealed Sheet,2026-03-25,google_trends,18.7
Pokémon Japanese Vending Series 1 Sealed Sheet,Pokémon Japanese Vending Series 1 Sealed Sheet,2026-03-26,google_trends,19.5
Pokémon Japanese Vending Series 1 Sealed Sheet,Pokémon Japanese Vending Series 1 Sealed Sheet,2026-03-27,google_trends,19.3
Pokémon Japanese Vending Series 1 Sealed Sheet,Pokémon Japanese Vending Series 1 Sealed Sheet,2026-03-28,google_trends,19.3
Pokémon Japanese Vending Series 1 Sealed Sheet,Pokémon Japanese Vending Series 1 Sealed Sheet,2026-03-29,google_trends,18.9
Pokémon Japanese Vending Series 1 Sealed Sheet,Pokémon Japanese Vending Series 1 Sealed Sheet,2026-03-30,google_trends,17.1
Pokémon Japanese Vending Series 1 Sealed Sheet,Pokémon Japanese Vending Series 1 Sealed Sheet,2026-03-31,google_trends,17.6
Pokémon Japanese Vending Series 1 Sealed Sheet,Pokémon Japanese Vending Series 1 Sealed Sheet,2026-04-01,google_trends,20.8
Pokémon Japanese Vending Series 1 Sealed Sheet,Pokémon Japanese Vending Series 1 Sealed Sheet,2026-04-02,google_trends,18.2
Pokémon Japanese Vending Series 1 Sealed Sheet,Pokémon Japanese Vending Series 1 Sealed Sheet,2026-04-03,google_trends,19.8
Pokémon Japanese Vending Series 1 Sealed Sheet,Pokémon Japanese Vending Series 1 Sealed Sheet,2026-04-04,google_trends,20.5
Pokémon Japanese Vending Series 1 Sealed Sheet,Pokémon Japanese Vending Series 1 Sealed Sheet,2026-04-05,google_trends,20.6
Pokémon Japanese Vending Series 1 Sealed Sheet,Pokémon Japanese Vending Series 1 Sealed Sheet,2026-04-06,google_trends,20.7
Pokémon Japanese Vending Series 1 Sealed Sheet,Pokémon Japanese Vending Series 1 Sealed Sheet,2026-04-07,google_trends,19.8
Pokémon Japanese Vending Series 1 Sealed Sheet,Pokémon Japanese Vending Series 1 Sealed Sheet,2026-04-08,google_trends,20.8
Pokémon Japanese Vending Series 1 Sealed Sheet,Pokémon Japanese Vending Series 1 Sealed Sheet,2026-04-09,google_trends,20
Pokémon Japanese Vending Series 1 Sealed Sheet,Pokémon Japanese Vending Series 1 Sealed Sheet,2026-04-10,google_trends,18.3
Pokémon Japanese Vending Series 1 Sealed Sheet,Pokémon Japanese Vending Series 1 Sealed Sheet,2026-04-11,google_trends,18.1
Pokémon Japanese Vending Series 1 Sealed Sheet,Pokémon Japanese Vending Series 1 Sealed Sheet,2026-04-12,google_trends,20.9
Pokémon Japanese Vending Series 1 Sealed Sheet,Pokémon Japanese Vending Series 1 Sealed Sheet,2026-04-13,google_trends,20
Pokémon Japanese Vending Series 1 Sealed Sheet,Pokémon Japanese Vending Series 1 Sealed Sheet,2026-04-14,google_trends,20.2
Pokémon Japanese Vending Series 1 Sealed Sheet,Pokémon Japanese Vending Series 1 Sealed Sheet,2026-04-15,google_trends,19.4
Pokémon Japanese Vending Series 1 Sealed Sheet,Pokémon Japanese Vending Series 1 Sealed Sheet,2026-04-16,google_trends,19.1
Pokémon Japanese Vending Series 1 Sealed Sheet,Pokémon Japanese Vending Series 1 Sealed Sheet,2026-04-17,google_trends,17.9
Pokémon Japanese Vending Series 1 Sealed Sheet,Pokémon Japanese Vending Series 1 Sealed Sheet,2026-04-18,google_trends,19.7
Pokémon Japanese Vending Series 1 Sealed Sheet,Pokémon Japanese Vending Series 1 Sealed Sheet,2026-04-19,google_trends,19.8
Pokémon Japanese Vending Series 1 Sealed Sheet,Pokémon Japanese Vending Series 1 Sealed Sheet,2026-04-20,google_trends,20.7
Pokémon Japanese Vending Series 1 Sealed Sheet,Pokémon Japanese Vending Series 1 Sealed Sheet,2026-04-21,google_trends,18.8
Pokémon Japanese Vending Series 1 Sealed Sheet,Pokémon Japanese Vending Series 1 Sealed Sheet,2026-04-22,google_trends,21.2
Pokémon Japanese Vending Series 1 Sealed Sheet,Pokémon Japanese Vending Series 1 Sealed Sheet,2026-04-23,google_trends,21.2
Pokémon Japanese Vending Series 1 Sealed Sheet,Pokémon Japanese Vending Series 1 Sealed Sheet,2026-04-24,google_trends,18.5
Pokémon Japanese Vending Series 1 Sealed Sheet,Pokémon Japanese Vending Series 1 Sealed Sheet,2026-04-25,google_trends,18.6
Pokémon Japanese Vending Series 1 Sealed Sheet,Pokémon Japanese Vending Series 1 Sealed Sheet,2026-04-26,google_trends,21.5
Pokémon Japanese Vending Series 1 Sealed Sheet,Pokémon Japanese Vending Series 1 Sealed Sheet,2026-04-27,google_trends,21.3
Pokémon Japanese Vending Series 1 Sealed Sheet,Pokémon Japanese Vending Series 1 Sealed Sheet,2026-04-28,google_trends,20.4
Pokémon Japanese Vending Series 1 Sealed Sheet,Pokémon Japanese Vending Series 1 Sealed Sheet,2026-04-29,google_trends,18.1
Pokémon Japanese Vending Series 1 Sealed Sheet,Pokémon Japanese Vending Series 1 Sealed Sheet,2026-04-30,google_trends,20.2
Pokémon Japanese Vending Series 1 Sealed Sheet,Pokémon Japanese Vending Series 1 Sealed Sheet,2026-05-01,google_trends,19.9
Pokémon Japanese Vending Series 1 Sealed Sheet,Pokémon Japanese Vending Series 1 Sealed Sheet,2026-05-02,google_trends,20.8
Pokémon Japanese Vending Series 1 Sealed Sheet,Pokémon Japanese Vending Series 1 Sealed Sheet,2026-05-03,google_trends,20
Pokémon Japanese Vending Series 1 Sealed Sheet,Pokémon Japanese Vending Series 1 Sealed Sheet,2026-05-04,google_trends,20.7
Pokémon Japanese Vending Series 1 Sealed Sheet,Pokémon Japanese Vending Series 1 Sealed Sheet,2026-05-05,google_trends,19.6
Pokémon Japanese Vending Series 1 Sealed Sheet,Pokémon Japanese Vending Series 1 Sealed Sheet,2026-05-06,google_trends,20.7
Pokémon Japanese Vending Series 1 Sealed Sheet,Pokémon Japanese Vending Series 1 Sealed Sheet,2026-05-07,google_trends,20.4
Pokémon Japanese Vending Series 1 Sealed Sheet,Pokémon Japanese Vending Series 1 Sealed Sheet,2026-05-08,google_trends,21.6
Pokémon Japanese Vending Series 1 Sealed Sheet,Pokémon Japanese Vending Series 1 Sealed Sheet,2026-05-09,google_trends,21.1
Pokémon Japanese Vending Series 1 Sealed Sheet,Pokémon Japanese Vending Series 1 Sealed Sheet,2026-05-10,google_trends,21.2
Pokémon Japanese Vending Series 1 Sealed Sheet,Pokémon Japanese Vending Series 1 Sealed Sheet,2026-05-11,google_trends,21.9
Pokémon Japanese Vending Series 1 Sealed Sheet,Pokémon Japanese Vending Series 1 Sealed Sheet,2026-05-12,google_trends,21.5
Pokémon Japanese Vending Series 1 Sealed Sheet,Pokémon Japanese Vending Series 1 Sealed Sheet,2026-05-13,google_trends,20
Pokémon Japanese Vending Series 1 Sealed Sheet,Pokémon Japanese Vending Series 1 Sealed Sheet,2026-05-14,google_trends,20.2
Pokémon Japanese Vending Series 1 Sealed Sheet,Pokémon Japanese Vending Series 1 Sealed Sheet,2026-05-15,google_trends,18.6
Pokémon Japanese Vending Series 1 Sealed Sheet,Pokémon Japanese Vending Series 1 Sealed Sheet,2026-05-16,google_trends,18.2
Pokémon Japanese Vending Series 1 Sealed Sheet,Pokémon Japanese Vending Series 1 Sealed Sheet,2026-05-17,google_trends,20.3
Pokémon Japanese Vending Series 1 Sealed Sheet,Pokémon Japanese Vending Series 1 Sealed Sheet,2026-05-18,google_trends,20.8
Pokémon Japanese Vending Series 1 Sealed Sheet,Pokémon Japanese Vending Series 1 Sealed Sheet,2026-05-19,google_trends,18.8
Pokémon Japanese Vending Series 1 Sealed Sheet,Pokémon Japanese Vending Series 1 Sealed Sheet,2026-05-20,google_trends,21.8
Pokémon Japanese Vending Series 1 Sealed Sheet,Pokémon Japanese Vending Series 1 Sealed Sheet,2026-05-21,google_trends,21.1
Pokémon Japanese Vending Series 1 Sealed Sheet,Pokémon Japanese Vending Series 1 Sealed Sheet,2026-05-22,google_trends,22.1
Pokémon Japanese Vending Series 1 Sealed Sheet,Pokémon Japanese Vending Series 1 Sealed Sheet,2026-05-23,google_trends,22
Pokémon Japanese Vending Series 1 Sealed Sheet,Pokémon Japanese Vending Series 1 Sealed Sheet,2026-05-24,google_trends,19.6
Pokémon Japanese Vending Series 1 Sealed Sheet,Pokémon Japanese Vending Series 1 Sealed Sheet,2026-05-25,google_trends,21.3
Pokémon Japanese Vending Series 1 Sealed Sheet,Pokémon Japanese Vending Series 1 Sealed Sheet,2026-05-26,google_trends,19.6
Pokémon Japanese Vending Series 1 Sealed Sheet,Pokémon Japanese Vending Series 1 Sealed Sheet,2026-05-27,google_trends,21.8
Pokémon Japanese Vending Series 1 Sealed Sheet,Pokémon Japanese Vending Series 1 Sealed Sheet,2026-05-28,google_trends,19.3
Pokémon Japanese Vending Series 1 Sealed Sheet,Pokémon Japanese Vending Series 1 Sealed Sheet,2026-05-29,google_trends,20.1
Pokémon Japanese Vending Series 1 Sealed Sheet,Pokémon Japanese Vending Series 1 Sealed Sheet,2026-05-30,google_trends,22.1
Pokémon Japanese Vending Series 1 Sealed Sheet,Pokémon Japanese Vending Series 1 Sealed Sheet,2026-05-31,google_trends,22.4
Pokémon Japanese Vending Series 1 Sealed Sheet,Pokémon Japanese Vending Series 1 Sealed Sheet,2026-06-01,google_trends,22.4
Pokémon Japanese Vending Series 1 Sealed Sheet,Pokémon Japanese Vending Series 1 Sealed Sheet,2026-06-02,google_trends,19.6
Pokémon Japanese Vending Series 1 Sealed Sheet,Pokémon Japanese Vending Series 1 Sealed Sheet,2026-06-03,google_trends,21.1
Pokémon Japanese Vending Series 1 Sealed Sheet,Pokémon Japanese Vending Series 1 Sealed Sheet,2026-06-04,google_trends,22.1
Pokémon Japanese Vending Series 1 Sealed Sheet,Pokémon Japanese Vending Series 1 Sealed Sheet,2026-06-05,google_trends,21.2
Pokémon Japanese Vending Series 1 Sealed Sheet,Pokémon Japanese Vending Series 1 Sealed Sheet,2026-06-06,google_trends,20.7
Pokémon Japanese Vending Series 1 Sealed Sheet,Pokémon Japanese Vending Series 1 Sealed Sheet,2026-06-07,google_trends,19.3
Pokémon Japanese Vending Series 1 Sealed Sheet,Pokémon Japanese Vending Series 1 Sealed Sheet,2026-06-08,google_trends,21.7
Pokémon Japanese Vending Series 1 Sealed Sheet,Pokémon Japanese Vending Series 1 Sealed Sheet,2026-06-09,google_trends,21.1
Pokémon Japanese Vending Series 1 Sealed Sheet,Pokémon Japanese Vending Series 1 Sealed Sheet,2026-06-10,google_trends,20.2
Pokémon Japanese Vending Series 1 Sealed Sheet,Pokémon Japanese Vending Series 1 Sealed Sheet,2026-06-11,google_trends,20.6
Pokémon Japanese Vending Series 1 Sealed Sheet,Pokémon Japanese Vending Series 1 Sealed Sheet,2026-06-12,google_trends,19.2
Pokémon Japanese Vending Series 1 Sealed Sheet,Pokémon Japanese Vending Series 1 Sealed Sheet,2026-06-13,google_trends,21.8
Pokémon Japanese Vending Series 1 Sealed Sheet,Pokémon Japanese Vending Series 1 Sealed Sheet,2026-06-14,google_trends,19.8
Pokémon Japanese Vending Series 1 Sealed Sheet,Pokémon Japanese Vending Series 1 Sealed Sheet,2026-06-15,google_trends,20
Pokémon Japanese Vending Series 1 Sealed Sheet,Pokémon Japanese Vending Series 1 Sealed Sheet,2026-06-16,google_trends,19.7
Pokémon Japanese Vending Series 1 Sealed Sheet,Pokémon Japanese Vending Series 1 Sealed Sheet,2026-06-17,google_trends,20.6
Pokémon Japanese Vending Series 1 Sealed Sheet,Pokémon Japanese Vending Series 1 Sealed Sheet,2026-06-18,google_trends,19.9
Pokémon Japanese Vending Series 1 Sealed Sheet,Pokémon Japanese Vending Series 1 Sealed Sheet,2026-06-19,google_trends,20.6
Pokémon Japanese Vending Series 1 Sealed Sheet,Pokémon Japanese Vending Series 1 Sealed Sheet,2026-06-20,google_trends,21.5
Pokémon Japanese Vending Series 1 Sealed Sheet,Pokémon Japanese Vending Series 1 Sealed Sheet,2026-06-21,google_trends,20.2
Pokémon Japanese Vending Series 1 Sealed Sheet,Pokémon Japanese Vending Series 1 Sealed Sheet,2026-06-22,google_trends,22.6
Pokémon Japanese Vending Series 1 Sealed Sheet,Pokémon Japanese Vending Series 1 Sealed Sheet,2026-06-23,google_trends,23
Pokémon Japanese Vending Series 1 Sealed Sheet,Pokémon Japanese Vending Series 1 Sealed Sheet,2026-06-24,google_trends,21.8
Pokémon Japanese Vending Series 1 Sealed Sheet,Pokémon Japanese Vending Series 1 Sealed Sheet,2026-06-25,google_trends,21.8
Pokémon Japanese Vending Series 1 Sealed Sheet,Pokémon Japanese Vending Series 1 Sealed Sheet,2026-06-26,google_trends,21.7
Pokémon Japanese Vending Series 1 Sealed Sheet,Pokémon Japanese Vending Series 1 Sealed Sheet,2026-06-27,google_trends,20.9
Pokémon Japanese Vending Series 1 Sealed Sheet,Pokémon Japanese Vending Series 1 Sealed Sheet,2026-06-28,google_trends,20.2
Pokémon Japanese Vending Series 1 Sealed Sheet,Pokémon Japanese Vending Series 1 Sealed Sheet,2026-06-29,google_trends,22.9
Pokémon Japanese Vending Series 1 Sealed Sheet,Pokémon Japanese Vending Series 1 Sealed Sheet,2026-06-30,google_trends,22.5
Pokémon Japanese Vending Series 1 Sealed Sheet,Pokémon Japanese Vending Series 1 Sealed Sheet,2026-07-01,google_trends,20.9
Pokémon Japanese Vending Series 1 Sealed Sheet,Pokémon Japanese Vending Series 1 Sealed Sheet,2026-07-02,google_trends,21.6
Pokémon Japanese Vending Series 1 Sealed Sheet,Pokémon Japanese Vending Series 1 Sealed Sheet,2026-07-03,google_trends,22.5
Pokémon Japanese Vending Series 1 Sealed Sheet,Pokémon Japanese Vending Series 1 Sealed Sheet,2026-07-04,google_trends,21.5
Pokémon Japanese Vending Series 1 Sealed Sheet,Pokémon Japanese Vending Series 1 Sealed Sheet,2026-07-05,google_trends,19.5
Pokémon Japanese Vending Series 1 Sealed Sheet,Pokémon Japanese Vending Series 1 Sealed Sheet,2026-07-06,google_trends,22.1
Pokémon Japanese Vending Series 1 Sealed Sheet,Pokémon Japanese Vending Series 1 Sealed Sheet,2026-07-07,google_trends,23
Pokémon Japanese Vending Series 1 Sealed Sheet,Pokémon Japanese Vending Series 1 Sealed Sheet,2026-07-08,google_trends,19.7
Pokémon Japanese Vending Series 1 Sealed Sheet,Pokémon Japanese Vending Series 1 Sealed Sheet,2026-07-09,google_trends,21.5
Pokémon Japanese Vending Series 1 Sealed Sheet,Pokémon Japanese Vending Series 1 Sealed Sheet,2026-07-10,google_trends,21.2
Pokémon Japanese Vending Series 1 Sealed Sheet,Pokémon Japanese Vending Series 1 Sealed Sheet,2026-07-11,google_trends,20.2
Pokémon Japanese Vending Series 1 Sealed Sheet,Pokémon Japanese Vending Series 1 Sealed Sheet,2026-07-12,google_trends,20
Pokémon Japanese Vending Series 1 Sealed Sheet,Pokémon Japanese Vending Series 1 Sealed Sheet,2026-07-13,google_trends,20.2
Pokémon Japanese Vending Series 1 Sealed Sheet,Pokémon Japanese Vending Series 1 Sealed Sheet,2026-07-14,google_trends,20.3
Pokémon Japanese Vending Series 1 Sealed Sheet,Pokémon Japanese Vending Series 1 Sealed Sheet,2026-07-15,google_trends,20.6
Pokémon Japanese Vending Series 1 Sealed Sheet,Pokémon Japanese Vending Series 1 Sealed Sheet,2026-07-16,google_trends,23.7
Pokémon Japanese Vending Series 1 Sealed Sheet,Pokémon Japanese Vending Series 1 Sealed Sheet,2026-07-17,google_trends,21.5
Pokémon Japanese Vending Series 1 Sealed Sheet,Pokémon Japanese Vending Series 1 Sealed Sheet,2026-07-18,google_trends,20.5
Pokémon Japanese Vending Series 1 Sealed Sheet,Pokémon Japanese Vending Series 1 Sealed Sheet,2026-07-19,google_trends,21.8
Pokémon Japanese Vending Series 1 Sealed Sheet,Pokémon Japanese Vending Series 1 Sealed Sheet,2026-07-20,google_trends,23.3
Pokémon Japanese Vending Series 1 Sealed Sheet,Pokémon Japanese Vending Series 1 Sealed Sheet,2026-07-21,google_trends,20.9
Pokémon Japanese Vending Series 1 Sealed Sheet,Pokémon Japanese Vending Series 1 Sealed Sheet,2026-07-22,google_trends,22.6
Pokémon Japanese Vending Series 1 Sealed Sheet,Pokémon Japanese Vending Series 1 Sealed Sheet,2026-07-23,google_trends,20.1
Pokémon Japanese Vending Series 1 Sealed Sheet,Pokémon Japanese Vending Series 1 Sealed Sheet,2026-07-24,google_trends,23.6
Pokémon Japanese Vending Series 1 Sealed Sheet,Pokémon Japanese Vending Series 1 Sealed Sheet,2026-07-25,google_trends,23.7
Mechanicalchaser (Tournament Pack 1),Mechanicalchaser (Tournament Pack 1),2025-10-29,google_trends,14.6
Mechanicalchaser (Tournament Pack 1),Mechanicalchaser (Tournament Pack 1),2025-10-30,google_trends,16.7
Mechanicalchaser (Tournament Pack 1),Mechanicalchaser (Tournament Pack 1),2025-10-31,google_trends,14.4
Mechanicalchaser (Tournament Pack 1),Mechanicalchaser (Tournament Pack 1),2025-11-01,google_trends,15.3
Mechanicalchaser (Tournament Pack 1),Mechanicalchaser (Tournament Pack 1),2025-11-02,google_trends,15.9
Mechanicalchaser (Tournament Pack 1),Mechanicalchaser (Tournament Pack 1),2025-11-03,google_trends,13.6
Mechanicalchaser (Tournament Pack 1),Mechanicalchaser (Tournament Pack 1),2025-11-04,google_trends,13.9
Mechanicalchaser (Tournament Pack 1),Mechanicalchaser (Tournament Pack 1),2025-11-05,google_trends,16.5
Mechanicalchaser (Tournament Pack 1),Mechanicalchaser (Tournament Pack 1),2025-11-06,google_trends,13.9
Mechanicalchaser (Tournament Pack 1),Mechanicalchaser (Tournament Pack 1),2025-11-07,google_trends,14.3
Mechanicalchaser (Tournament Pack 1),Mechanicalchaser (Tournament Pack 1),2025-11-08,google_trends,16.2
Mechanicalchaser (Tournament Pack 1),Mechanicalchaser (Tournament Pack 1),2025-11-09,google_trends,16.2
Mechanicalchaser (Tournament Pack 1),Mechanicalchaser (Tournament Pack 1),2025-11-10,google_trends,13.5
Mechanicalchaser (Tournament Pack 1),Mechanicalchaser (Tournament Pack 1),2025-11-11,google_trends,15.7
Mechanicalchaser (Tournament Pack 1),Mechanicalchaser (Tournament Pack 1),2025-11-12,google_trends,16.6
Mechanicalchaser (Tournament Pack 1),Mechanicalchaser (Tournament Pack 1),2025-11-13,google_trends,15.4
Mechanicalchaser (Tournament Pack 1),Mechanicalchaser (Tournament Pack 1),2025-11-14,google_trends,16.7
Mechanicalchaser (Tournament Pack 1),Mechanicalchaser (Tournament Pack 1),2025-11-15,google_trends,16.6
Mechanicalchaser (Tournament Pack 1),Mechanicalchaser (Tournament Pack 1),2025-11-16,google_trends,15.5
Mechanicalchaser (Tournament Pack 1),Mechanicalchaser (Tournament Pack 1),2025-11-17,google_trends,13.5
Mechanicalchaser (Tournament Pack 1),Mechanicalchaser (Tournament Pack 1),2025-11-18,google_trends,14
Mechanicalchaser (Tournament Pack 1),Mechanicalchaser (Tournament Pack 1),2025-11-19,google_trends,15.3
Mechanicalchaser (Tournament Pack 1),Mechanicalchaser (Tournament Pack 1),2025-11-20,google_trends,16.9
Mechanicalchaser (Tournament Pack 1),Mechanicalchaser (Tournament Pack 1),2025-11-21,google_trends,15.4
Mechanicalchaser (Tournament Pack 1),Mechanicalchaser (Tournament Pack 1),2025-11-22,google_trends,17.3
Mechanicalchaser (Tournament Pack 1),Mechanicalchaser (Tournament Pack 1),2025-11-23,google_trends,14.1
Mechanicalchaser (Tournament Pack 1),Mechanicalchaser (Tournament Pack 1),2025-11-24,google_trends,15.5
Mechanicalchaser (Tournament Pack 1),Mechanicalchaser (Tournament Pack 1),2025-11-25,google_trends,17.6
Mechanicalchaser (Tournament Pack 1),Mechanicalchaser (Tournament Pack 1),2025-11-26,google_trends,14
Mechanicalchaser (Tournament Pack 1),Mechanicalchaser (Tournament Pack 1),2025-11-27,google_trends,16.4
Mechanicalchaser (Tournament Pack 1),Mechanicalchaser (Tournament Pack 1),2025-11-28,google_trends,14.9
Mechanicalchaser (Tournament Pack 1),Mechanicalchaser (Tournament Pack 1),2025-11-29,google_trends,14.5
Mechanicalchaser (Tournament Pack 1),Mechanicalchaser (Tournament Pack 1),2025-11-30,google_trends,15.2
Mechanicalchaser (Tournament Pack 1),Mechanicalchaser (Tournament Pack 1),2025-12-01,google_trends,17.5
Mechanicalchaser (Tournament Pack 1),Mechanicalchaser (Tournament Pack 1),2025-12-02,google_trends,17.6
Mechanicalchaser (Tournament Pack 1),Mechanicalchaser (Tournament Pack 1),2025-12-03,google_trends,16.2
Mechanicalchaser (Tournament Pack 1),Mechanicalchaser (Tournament Pack 1),2025-12-04,google_trends,15.1
Mechanicalchaser (Tournament Pack 1),Mechanicalchaser (Tournament Pack 1),2025-12-05,google_trends,16.4
Mechanicalchaser (Tournament Pack 1),Mechanicalchaser (Tournament Pack 1),2025-12-06,google_trends,14.3
Mechanicalchaser (Tournament Pack 1),Mechanicalchaser (Tournament Pack 1),2025-12-07,google_trends,16
Mechanicalchaser (Tournament Pack 1),Mechanicalchaser (Tournament Pack 1),2025-12-08,google_trends,14.8
Mechanicalchaser (Tournament Pack 1),Mechanicalchaser (Tournament Pack 1),2025-12-09,google_trends,17.7
Mechanicalchaser (Tournament Pack 1),Mechanicalchaser (Tournament Pack 1),2025-12-10,google_trends,14.6
Mechanicalchaser (Tournament Pack 1),Mechanicalchaser (Tournament Pack 1),2025-12-11,google_trends,14.6
Mechanicalchaser (Tournament Pack 1),Mechanicalchaser (Tournament Pack 1),2025-12-12,google_trends,14.4
Mechanicalchaser (Tournament Pack 1),Mechanicalchaser (Tournament Pack 1),2025-12-13,google_trends,15.8
Mechanicalchaser (Tournament Pack 1),Mechanicalchaser (Tournament Pack 1),2025-12-14,google_trends,14.5
Mechanicalchaser (Tournament Pack 1),Mechanicalchaser (Tournament Pack 1),2025-12-15,google_trends,14.9
Mechanicalchaser (Tournament Pack 1),Mechanicalchaser (Tournament Pack 1),2025-12-16,google_trends,14.4
Mechanicalchaser (Tournament Pack 1),Mechanicalchaser (Tournament Pack 1),2025-12-17,google_trends,15.3
Mechanicalchaser (Tournament Pack 1),Mechanicalchaser (Tournament Pack 1),2025-12-18,google_trends,15.1
Mechanicalchaser (Tournament Pack 1),Mechanicalchaser (Tournament Pack 1),2025-12-19,google_trends,15.7
Mechanicalchaser (Tournament Pack 1),Mechanicalchaser (Tournament Pack 1),2025-12-20,google_trends,15.6
Mechanicalchaser (Tournament Pack 1),Mechanicalchaser (Tournament Pack 1),2025-12-21,google_trends,15.5
Mechanicalchaser (Tournament Pack 1),Mechanicalchaser (Tournament Pack 1),2025-12-22,google_trends,18.1
Mechanicalchaser (Tournament Pack 1),Mechanicalchaser (Tournament Pack 1),2025-12-23,google_trends,18.1
Mechanicalchaser (Tournament Pack 1),Mechanicalchaser (Tournament Pack 1),2025-12-24,google_trends,15.8
Mechanicalchaser (Tournament Pack 1),Mechanicalchaser (Tournament Pack 1),2025-12-25,google_trends,17.7
Mechanicalchaser (Tournament Pack 1),Mechanicalchaser (Tournament Pack 1),2025-12-26,google_trends,17.7
Mechanicalchaser (Tournament Pack 1),Mechanicalchaser (Tournament Pack 1),2025-12-27,google_trends,15.2
Mechanicalchaser (Tournament Pack 1),Mechanicalchaser (Tournament Pack 1),2025-12-28,google_trends,15.6
Mechanicalchaser (Tournament Pack 1),Mechanicalchaser (Tournament Pack 1),2025-12-29,google_trends,18.3
Mechanicalchaser (Tournament Pack 1),Mechanicalchaser (Tournament Pack 1),2025-12-30,google_trends,18.1
Mechanicalchaser (Tournament Pack 1),Mechanicalchaser (Tournament Pack 1),2025-12-31,google_trends,15
Mechanicalchaser (Tournament Pack 1),Mechanicalchaser (Tournament Pack 1),2026-01-01,google_trends,15.1
Mechanicalchaser (Tournament Pack 1),Mechanicalchaser (Tournament Pack 1),2026-01-02,google_trends,17
Mechanicalchaser (Tournament Pack 1),Mechanicalchaser (Tournament Pack 1),2026-01-03,google_trends,16
Mechanicalchaser (Tournament Pack 1),Mechanicalchaser (Tournament Pack 1),2026-01-04,google_trends,18.6
Mechanicalchaser (Tournament Pack 1),Mechanicalchaser (Tournament Pack 1),2026-01-05,google_trends,15.7
Mechanicalchaser (Tournament Pack 1),Mechanicalchaser (Tournament Pack 1),2026-01-06,google_trends,17.7
Mechanicalchaser (Tournament Pack 1),Mechanicalchaser (Tournament Pack 1),2026-01-07,google_trends,18.6
Mechanicalchaser (Tournament Pack 1),Mechanicalchaser (Tournament Pack 1),2026-01-08,google_trends,15
Mechanicalchaser (Tournament Pack 1),Mechanicalchaser (Tournament Pack 1),2026-01-09,google_trends,16.3
Mechanicalchaser (Tournament Pack 1),Mechanicalchaser (Tournament Pack 1),2026-01-10,google_trends,16
Mechanicalchaser (Tournament Pack 1),Mechanicalchaser (Tournament Pack 1),2026-01-11,google_trends,17.3
Mechanicalchaser (Tournament Pack 1),Mechanicalchaser (Tournament Pack 1),2026-01-12,google_trends,18.7
Mechanicalchaser (Tournament Pack 1),Mechanicalchaser (Tournament Pack 1),2026-01-13,google_trends,16.5
Mechanicalchaser (Tournament Pack 1),Mechanicalchaser (Tournament Pack 1),2026-01-14,google_trends,17.4
Mechanicalchaser (Tournament Pack 1),Mechanicalchaser (Tournament Pack 1),2026-01-15,google_trends,17.6
Mechanicalchaser (Tournament Pack 1),Mechanicalchaser (Tournament Pack 1),2026-01-16,google_trends,18.1
Mechanicalchaser (Tournament Pack 1),Mechanicalchaser (Tournament Pack 1),2026-01-17,google_trends,18.2
Mechanicalchaser (Tournament Pack 1),Mechanicalchaser (Tournament Pack 1),2026-01-18,google_trends,18.3
Mechanicalchaser (Tournament Pack 1),Mechanicalchaser (Tournament Pack 1),2026-01-19,google_trends,15.6
Mechanicalchaser (Tournament Pack 1),Mechanicalchaser (Tournament Pack 1),2026-01-20,google_trends,17.1
Mechanicalchaser (Tournament Pack 1),Mechanicalchaser (Tournament Pack 1),2026-01-21,google_trends,15.9
Mechanicalchaser (Tournament Pack 1),Mechanicalchaser (Tournament Pack 1),2026-01-22,google_trends,15.8
Mechanicalchaser (Tournament Pack 1),Mechanicalchaser (Tournament Pack 1),2026-01-23,google_trends,15.8
Mechanicalchaser (Tournament Pack 1),Mechanicalchaser (Tournament Pack 1),2026-01-24,google_trends,19.1
Mechanicalchaser (Tournament Pack 1),Mechanicalchaser (Tournament Pack 1),2026-01-25,google_trends,17.8
Mechanicalchaser (Tournament Pack 1),Mechanicalchaser (Tournament Pack 1),2026-01-26,google_trends,18.8
Mechanicalchaser (Tournament Pack 1),Mechanicalchaser (Tournament Pack 1),2026-01-27,google_trends,18.8
Mechanicalchaser (Tournament Pack 1),Mechanicalchaser (Tournament Pack 1),2026-01-28,google_trends,16.9
Mechanicalchaser (Tournament Pack 1),Mechanicalchaser (Tournament Pack 1),2026-01-29,google_trends,17.6
Mechanicalchaser (Tournament Pack 1),Mechanicalchaser (Tournament Pack 1),2026-01-30,google_trends,19.1
Mechanicalchaser (Tournament Pack 1),Mechanicalchaser (Tournament Pack 1),2026-01-31,google_trends,15.9
Mechanicalchaser (Tournament Pack 1),Mechanicalchaser (Tournament Pack 1),2026-02-01,google_trends,17.7
Mechanicalchaser (Tournament Pack 1),Mechanicalchaser (Tournament Pack 1),2026-02-02,google_trends,18.1
Mechanicalchaser (Tournament Pack 1),Mechanicalchaser (Tournament Pack 1),2026-02-03,google_trends,18.4
Mechanicalchaser (Tournament Pack 1),Mechanicalchaser (Tournament Pack 1),2026-02-04,google_trends,16
Mechanicalchaser (Tournament Pack 1),Mechanicalchaser (Tournament Pack 1),2026-02-05,google_trends,15.9
Mechanicalchaser (Tournament Pack 1),Mechanicalchaser (Tournament Pack 1),2026-02-06,google_trends,19.3
Mechanicalchaser (Tournament Pack 1),Mechanicalchaser (Tournament Pack 1),2026-02-07,google_trends,16.2
Mechanicalchaser (Tournament Pack 1),Mechanicalchaser (Tournament Pack 1),2026-02-08,google_trends,15.7
Mechanicalchaser (Tournament Pack 1),Mechanicalchaser (Tournament Pack 1),2026-02-09,google_trends,18.4
Mechanicalchaser (Tournament Pack 1),Mechanicalchaser (Tournament Pack 1),2026-02-10,google_trends,19
Mechanicalchaser (Tournament Pack 1),Mechanicalchaser (Tournament Pack 1),2026-02-11,google_trends,17.2
Mechanicalchaser (Tournament Pack 1),Mechanicalchaser (Tournament Pack 1),2026-02-12,google_trends,17.7
Mechanicalchaser (Tournament Pack 1),Mechanicalchaser (Tournament Pack 1),2026-02-13,google_trends,16
Mechanicalchaser (Tournament Pack 1),Mechanicalchaser (Tournament Pack 1),2026-02-14,google_trends,18.3
Mechanicalchaser (Tournament Pack 1),Mechanicalchaser (Tournament Pack 1),2026-02-15,google_trends,19.8
Mechanicalchaser (Tournament Pack 1),Mechanicalchaser (Tournament Pack 1),2026-02-16,google_trends,19.7
Mechanicalchaser (Tournament Pack 1),Mechanicalchaser (Tournament Pack 1),2026-02-17,google_trends,15.9
Mechanicalchaser (Tournament Pack 1),Mechanicalchaser (Tournament Pack 1),2026-02-18,google_trends,17
Mechanicalchaser (Tournament Pack 1),Mechanicalchaser (Tournament Pack 1),2026-02-19,google_trends,17
Mechanicalchaser (Tournament Pack 1),Mechanicalchaser (Tournament Pack 1),2026-02-20,google_trends,16.6
Mechanicalchaser (Tournament Pack 1),Mechanicalchaser (Tournament Pack 1),2026-02-21,google_trends,17
Mechanicalchaser (Tournament Pack 1),Mechanicalchaser (Tournament Pack 1),2026-02-22,google_trends,17
Mechanicalchaser (Tournament Pack 1),Mechanicalchaser (Tournament Pack 1),2026-02-23,google_trends,20
Mechanicalchaser (Tournament Pack 1),Mechanicalchaser (Tournament Pack 1),2026-02-24,google_trends,19.7
Mechanicalchaser (Tournament Pack 1),Mechanicalchaser (Tournament Pack 1),2026-02-25,google_trends,16.7
Mechanicalchaser (Tournament Pack 1),Mechanicalchaser (Tournament Pack 1),2026-02-26,google_trends,20.1
Mechanicalchaser (Tournament Pack 1),Mechanicalchaser (Tournament Pack 1),2026-02-27,google_trends,18.4
Mechanicalchaser (Tournament Pack 1),Mechanicalchaser (Tournament Pack 1),2026-02-28,google_trends,19.4
Mechanicalchaser (Tournament Pack 1),Mechanicalchaser (Tournament Pack 1),2026-03-01,google_trends,20.1
Mechanicalchaser (Tournament Pack 1),Mechanicalchaser (Tournament Pack 1),2026-03-02,google_trends,17.9
Mechanicalchaser (Tournament Pack 1),Mechanicalchaser (Tournament Pack 1),2026-03-03,google_trends,17.8
Mechanicalchaser (Tournament Pack 1),Mechanicalchaser (Tournament Pack 1),2026-03-04,google_trends,19.7
Mechanicalchaser (Tournament Pack 1),Mechanicalchaser (Tournament Pack 1),2026-03-05,google_trends,18.3
Mechanicalchaser (Tournament Pack 1),Mechanicalchaser (Tournament Pack 1),2026-03-06,google_trends,20.1
Mechanicalchaser (Tournament Pack 1),Mechanicalchaser (Tournament Pack 1),2026-03-07,google_trends,18.6
Mechanicalchaser (Tournament Pack 1),Mechanicalchaser (Tournament Pack 1),2026-03-08,google_trends,16.9
Mechanicalchaser (Tournament Pack 1),Mechanicalchaser (Tournament Pack 1),2026-03-09,google_trends,17
Mechanicalchaser (Tournament Pack 1),Mechanicalchaser (Tournament Pack 1),2026-03-10,google_trends,17.4
Mechanicalchaser (Tournament Pack 1),Mechanicalchaser (Tournament Pack 1),2026-03-11,google_trends,17.1
Mechanicalchaser (Tournament Pack 1),Mechanicalchaser (Tournament Pack 1),2026-03-12,google_trends,19.5
Mechanicalchaser (Tournament Pack 1),Mechanicalchaser (Tournament Pack 1),2026-03-13,google_trends,20.3
Mechanicalchaser (Tournament Pack 1),Mechanicalchaser (Tournament Pack 1),2026-03-14,google_trends,17
Mechanicalchaser (Tournament Pack 1),Mechanicalchaser (Tournament Pack 1),2026-03-15,google_trends,16.9
Mechanicalchaser (Tournament Pack 1),Mechanicalchaser (Tournament Pack 1),2026-03-16,google_trends,19.2
Mechanicalchaser (Tournament Pack 1),Mechanicalchaser (Tournament Pack 1),2026-03-17,google_trends,18.2
Mechanicalchaser (Tournament Pack 1),Mechanicalchaser (Tournament Pack 1),2026-03-18,google_trends,20.1
Mechanicalchaser (Tournament Pack 1),Mechanicalchaser (Tournament Pack 1),2026-03-19,google_trends,20
Mechanicalchaser (Tournament Pack 1),Mechanicalchaser (Tournament Pack 1),2026-03-20,google_trends,16.7
Mechanicalchaser (Tournament Pack 1),Mechanicalchaser (Tournament Pack 1),2026-03-21,google_trends,19.9
Mechanicalchaser (Tournament Pack 1),Mechanicalchaser (Tournament Pack 1),2026-03-22,google_trends,18.2
Mechanicalchaser (Tournament Pack 1),Mechanicalchaser (Tournament Pack 1),2026-03-23,google_trends,18.4
Mechanicalchaser (Tournament Pack 1),Mechanicalchaser (Tournament Pack 1),2026-03-24,google_trends,19
Mechanicalchaser (Tournament Pack 1),Mechanicalchaser (Tournament Pack 1),2026-03-25,google_trends,20.2
Mechanicalchaser (Tournament Pack 1),Mechanicalchaser (Tournament Pack 1),2026-03-26,google_trends,19.9
Mechanicalchaser (Tournament Pack 1),Mechanicalchaser (Tournament Pack 1),2026-03-27,google_trends,20.5
Mechanicalchaser (Tournament Pack 1),Mechanicalchaser (Tournament Pack 1),2026-03-28,google_trends,17.7
Mechanicalchaser (Tournament Pack 1),Mechanicalchaser (Tournament Pack 1),2026-03-29,google_trends,20.7
Mechanicalchaser (Tournament Pack 1),Mechanicalchaser (Tournament Pack 1),2026-03-30,google_trends,20.3
Mechanicalchaser (Tournament Pack 1),Mechanicalchaser (Tournament Pack 1),2026-03-31,google_trends,17.6
Mechanicalchaser (Tournament Pack 1),Mechanicalchaser (Tournament Pack 1),2026-04-01,google_trends,18.5
Mechanicalchaser (Tournament Pack 1),Mechanicalchaser (Tournament Pack 1),2026-04-02,google_trends,19.7
Mechanicalchaser (Tournament Pack 1),Mechanicalchaser (Tournament Pack 1),2026-04-03,google_trends,18.7
Mechanicalchaser (Tournament Pack 1),Mechanicalchaser (Tournament Pack 1),2026-04-04,google_trends,18.5
Mechanicalchaser (Tournament Pack 1),Mechanicalchaser (Tournament Pack 1),2026-04-05,google_trends,21.1
Mechanicalchaser (Tournament Pack 1),Mechanicalchaser (Tournament Pack 1),2026-04-06,google_trends,18
Mechanicalchaser (Tournament Pack 1),Mechanicalchaser (Tournament Pack 1),2026-04-07,google_trends,20.9
Mechanicalchaser (Tournament Pack 1),Mechanicalchaser (Tournament Pack 1),2026-04-08,google_trends,18.6
Mechanicalchaser (Tournament Pack 1),Mechanicalchaser (Tournament Pack 1),2026-04-09,google_trends,19.2
Mechanicalchaser (Tournament Pack 1),Mechanicalchaser (Tournament Pack 1),2026-04-10,google_trends,17.4
Mechanicalchaser (Tournament Pack 1),Mechanicalchaser (Tournament Pack 1),2026-04-11,google_trends,20.6
Mechanicalchaser (Tournament Pack 1),Mechanicalchaser (Tournament Pack 1),2026-04-12,google_trends,20.3
Mechanicalchaser (Tournament Pack 1),Mechanicalchaser (Tournament Pack 1),2026-04-13,google_trends,17.4
Mechanicalchaser (Tournament Pack 1),Mechanicalchaser (Tournament Pack 1),2026-04-14,google_trends,19.9
Mechanicalchaser (Tournament Pack 1),Mechanicalchaser (Tournament Pack 1),2026-04-15,google_trends,19.5
Mechanicalchaser (Tournament Pack 1),Mechanicalchaser (Tournament Pack 1),2026-04-16,google_trends,20
Mechanicalchaser (Tournament Pack 1),Mechanicalchaser (Tournament Pack 1),2026-04-17,google_trends,20.3
Mechanicalchaser (Tournament Pack 1),Mechanicalchaser (Tournament Pack 1),2026-04-18,google_trends,21.1
Mechanicalchaser (Tournament Pack 1),Mechanicalchaser (Tournament Pack 1),2026-04-19,google_trends,18.6
Mechanicalchaser (Tournament Pack 1),Mechanicalchaser (Tournament Pack 1),2026-04-20,google_trends,20.5
Mechanicalchaser (Tournament Pack 1),Mechanicalchaser (Tournament Pack 1),2026-04-21,google_trends,18
Mechanicalchaser (Tournament Pack 1),Mechanicalchaser (Tournament Pack 1),2026-04-22,google_trends,20
Mechanicalchaser (Tournament Pack 1),Mechanicalchaser (Tournament Pack 1),2026-04-23,google_trends,19.9
Mechanicalchaser (Tournament Pack 1),Mechanicalchaser (Tournament Pack 1),2026-04-24,google_trends,20.4
Mechanicalchaser (Tournament Pack 1),Mechanicalchaser (Tournament Pack 1),2026-04-25,google_trends,21
Mechanicalchaser (Tournament Pack 1),Mechanicalchaser (Tournament Pack 1),2026-04-26,google_trends,20.7
Mechanicalchaser (Tournament Pack 1),Mechanicalchaser (Tournament Pack 1),2026-04-27,google_trends,18.7
Mechanicalchaser (Tournament Pack 1),Mechanicalchaser (Tournament Pack 1),2026-04-28,google_trends,21.5
Mechanicalchaser (Tournament Pack 1),Mechanicalchaser (Tournament Pack 1),2026-04-29,google_trends,21.2
Mechanicalchaser (Tournament Pack 1),Mechanicalchaser (Tournament Pack 1),2026-04-30,google_trends,18.3
Mechanicalchaser (Tournament Pack 1),Mechanicalchaser (Tournament Pack 1),2026-05-01,google_trends,18.1
Mechanicalchaser (Tournament Pack 1),Mechanicalchaser (Tournament Pack 1),2026-05-02,google_trends,18.5
Mechanicalchaser (Tournament Pack 1),Mechanicalchaser (Tournament Pack 1),2026-05-03,google_trends,20.2
Mechanicalchaser (Tournament Pack 1),Mechanicalchaser (Tournament Pack 1),2026-05-04,google_trends,19
Mechanicalchaser (Tournament Pack 1),Mechanicalchaser (Tournament Pack 1),2026-05-05,google_trends,19.5
Mechanicalchaser (Tournament Pack 1),Mechanicalchaser (Tournament Pack 1),2026-05-06,google_trends,20.6
Mechanicalchaser (Tournament Pack 1),Mechanicalchaser (Tournament Pack 1),2026-05-07,google_trends,18.3
Mechanicalchaser (Tournament Pack 1),Mechanicalchaser (Tournament Pack 1),2026-05-08,google_trends,21.7
Mechanicalchaser (Tournament Pack 1),Mechanicalchaser (Tournament Pack 1),2026-05-09,google_trends,21.1
Mechanicalchaser (Tournament Pack 1),Mechanicalchaser (Tournament Pack 1),2026-05-10,google_trends,18.4
Mechanicalchaser (Tournament Pack 1),Mechanicalchaser (Tournament Pack 1),2026-05-11,google_trends,19.9
Mechanicalchaser (Tournament Pack 1),Mechanicalchaser (Tournament Pack 1),2026-05-12,google_trends,21.3
Mechanicalchaser (Tournament Pack 1),Mechanicalchaser (Tournament Pack 1),2026-05-13,google_trends,21.4
Mechanicalchaser (Tournament Pack 1),Mechanicalchaser (Tournament Pack 1),2026-05-14,google_trends,18.7
Mechanicalchaser (Tournament Pack 1),Mechanicalchaser (Tournament Pack 1),2026-05-15,google_trends,20.1
Mechanicalchaser (Tournament Pack 1),Mechanicalchaser (Tournament Pack 1),2026-05-16,google_trends,18.4
Mechanicalchaser (Tournament Pack 1),Mechanicalchaser (Tournament Pack 1),2026-05-17,google_trends,21.9
Mechanicalchaser (Tournament Pack 1),Mechanicalchaser (Tournament Pack 1),2026-05-18,google_trends,19.9
Mechanicalchaser (Tournament Pack 1),Mechanicalchaser (Tournament Pack 1),2026-05-19,google_trends,21.1
Mechanicalchaser (Tournament Pack 1),Mechanicalchaser (Tournament Pack 1),2026-05-20,google_trends,19.5
Mechanicalchaser (Tournament Pack 1),Mechanicalchaser (Tournament Pack 1),2026-05-21,google_trends,21.6
Mechanicalchaser (Tournament Pack 1),Mechanicalchaser (Tournament Pack 1),2026-05-22,google_trends,18.8
Mechanicalchaser (Tournament Pack 1),Mechanicalchaser (Tournament Pack 1),2026-05-23,google_trends,19.6
Mechanicalchaser (Tournament Pack 1),Mechanicalchaser (Tournament Pack 1),2026-05-24,google_trends,21
Mechanicalchaser (Tournament Pack 1),Mechanicalchaser (Tournament Pack 1),2026-05-25,google_trends,20.5
Mechanicalchaser (Tournament Pack 1),Mechanicalchaser (Tournament Pack 1),2026-05-26,google_trends,18.5
Mechanicalchaser (Tournament Pack 1),Mechanicalchaser (Tournament Pack 1),2026-05-27,google_trends,22.3
Mechanicalchaser (Tournament Pack 1),Mechanicalchaser (Tournament Pack 1),2026-05-28,google_trends,19.3
Mechanicalchaser (Tournament Pack 1),Mechanicalchaser (Tournament Pack 1),2026-05-29,google_trends,21.5
Mechanicalchaser (Tournament Pack 1),Mechanicalchaser (Tournament Pack 1),2026-05-30,google_trends,20
Mechanicalchaser (Tournament Pack 1),Mechanicalchaser (Tournament Pack 1),2026-05-31,google_trends,21.9
Mechanicalchaser (Tournament Pack 1),Mechanicalchaser (Tournament Pack 1),2026-06-01,google_trends,22.2
Mechanicalchaser (Tournament Pack 1),Mechanicalchaser (Tournament Pack 1),2026-06-02,google_trends,20.3
Mechanicalchaser (Tournament Pack 1),Mechanicalchaser (Tournament Pack 1),2026-06-03,google_trends,22.6
Mechanicalchaser (Tournament Pack 1),Mechanicalchaser (Tournament Pack 1),2026-06-04,google_trends,22.6
Mechanicalchaser (Tournament Pack 1),Mechanicalchaser (Tournament Pack 1),2026-06-05,google_trends,21.1
Mechanicalchaser (Tournament Pack 1),Mechanicalchaser (Tournament Pack 1),2026-06-06,google_trends,21.9
Mechanicalchaser (Tournament Pack 1),Mechanicalchaser (Tournament Pack 1),2026-06-07,google_trends,22.6
Mechanicalchaser (Tournament Pack 1),Mechanicalchaser (Tournament Pack 1),2026-06-08,google_trends,19.9
Mechanicalchaser (Tournament Pack 1),Mechanicalchaser (Tournament Pack 1),2026-06-09,google_trends,20.1
Mechanicalchaser (Tournament Pack 1),Mechanicalchaser (Tournament Pack 1),2026-06-10,google_trends,20.3
Mechanicalchaser (Tournament Pack 1),Mechanicalchaser (Tournament Pack 1),2026-06-11,google_trends,20.9
Mechanicalchaser (Tournament Pack 1),Mechanicalchaser (Tournament Pack 1),2026-06-12,google_trends,22.2
Mechanicalchaser (Tournament Pack 1),Mechanicalchaser (Tournament Pack 1),2026-06-13,google_trends,20.4
Mechanicalchaser (Tournament Pack 1),Mechanicalchaser (Tournament Pack 1),2026-06-14,google_trends,21.6
Mechanicalchaser (Tournament Pack 1),Mechanicalchaser (Tournament Pack 1),2026-06-15,google_trends,22.4
Mechanicalchaser (Tournament Pack 1),Mechanicalchaser (Tournament Pack 1),2026-06-16,google_trends,21.9
Mechanicalchaser (Tournament Pack 1),Mechanicalchaser (Tournament Pack 1),2026-06-17,google_trends,19.1
Mechanicalchaser (Tournament Pack 1),Mechanicalchaser (Tournament Pack 1),2026-06-18,google_trends,21.7
Mechanicalchaser (Tournament Pack 1),Mechanicalchaser (Tournament Pack 1),2026-06-19,google_trends,20.4
Mechanicalchaser (Tournament Pack 1),Mechanicalchaser (Tournament Pack 1),2026-06-20,google_trends,19.9
Mechanicalchaser (Tournament Pack 1),Mechanicalchaser (Tournament Pack 1),2026-06-21,google_trends,21.5
Mechanicalchaser (Tournament Pack 1),Mechanicalchaser (Tournament Pack 1),2026-06-22,google_trends,19.7
Mechanicalchaser (Tournament Pack 1),Mechanicalchaser (Tournament Pack 1),2026-06-23,google_trends,21.1
Mechanicalchaser (Tournament Pack 1),Mechanicalchaser (Tournament Pack 1),2026-06-24,google_trends,19.3
Mechanicalchaser (Tournament Pack 1),Mechanicalchaser (Tournament Pack 1),2026-06-25,google_trends,22.1
Mechanicalchaser (Tournament Pack 1),Mechanicalchaser (Tournament Pack 1),2026-06-26,google_trends,19.5
Mechanicalchaser (Tournament Pack 1),Mechanicalchaser (Tournament Pack 1),2026-06-27,google_trends,21.3
Mechanicalchaser (Tournament Pack 1),Mechanicalchaser (Tournament Pack 1),2026-06-28,google_trends,19.6
Mechanicalchaser (Tournament Pack 1),Mechanicalchaser (Tournament Pack 1),2026-06-29,google_trends,22.7
Mechanicalchaser (Tournament Pack 1),Mechanicalchaser (Tournament Pack 1),2026-06-30,google_trends,20.8
Mechanicalchaser (Tournament Pack 1),Mechanicalchaser (Tournament Pack 1),2026-07-01,google_trends,19.7
Mechanicalchaser (Tournament Pack 1),Mechanicalchaser (Tournament Pack 1),2026-07-02,google_trends,20.9
Mechanicalchaser (Tournament Pack 1),Mechanicalchaser (Tournament Pack 1),2026-07-03,google_trends,23.2
Mechanicalchaser (Tournament Pack 1),Mechanicalchaser (Tournament Pack 1),2026-07-04,google_trends,21.8
Mechanicalchaser (Tournament Pack 1),Mechanicalchaser (Tournament Pack 1),2026-07-05,google_trends,22.2
Mechanicalchaser (Tournament Pack 1),Mechanicalchaser (Tournament Pack 1),2026-07-06,google_trends,20.9
Mechanicalchaser (Tournament Pack 1),Mechanicalchaser (Tournament Pack 1),2026-07-07,google_trends,22.4
Mechanicalchaser (Tournament Pack 1),Mechanicalchaser (Tournament Pack 1),2026-07-08,google_trends,20.6
Mechanicalchaser (Tournament Pack 1),Mechanicalchaser (Tournament Pack 1),2026-07-09,google_trends,22
Mechanicalchaser (Tournament Pack 1),Mechanicalchaser (Tournament Pack 1),2026-07-10,google_trends,20.2
Mechanicalchaser (Tournament Pack 1),Mechanicalchaser (Tournament Pack 1),2026-07-11,google_trends,23.5
Mechanicalchaser (Tournament Pack 1),Mechanicalchaser (Tournament Pack 1),2026-07-12,google_trends,19.7
Mechanicalchaser (Tournament Pack 1),Mechanicalchaser (Tournament Pack 1),2026-07-13,google_trends,21
Mechanicalchaser (Tournament Pack 1),Mechanicalchaser (Tournament Pack 1),2026-07-14,google_trends,20.7
Mechanicalchaser (Tournament Pack 1),Mechanicalchaser (Tournament Pack 1),2026-07-15,google_trends,21.4
Mechanicalchaser (Tournament Pack 1),Mechanicalchaser (Tournament Pack 1),2026-07-16,google_trends,23.4
Mechanicalchaser (Tournament Pack 1),Mechanicalchaser (Tournament Pack 1),2026-07-17,google_trends,21.7
Mechanicalchaser (Tournament Pack 1),Mechanicalchaser (Tournament Pack 1),2026-07-18,google_trends,21.1
Mechanicalchaser (Tournament Pack 1),Mechanicalchaser (Tournament Pack 1),2026-07-19,google_trends,20.7
Mechanicalchaser (Tournament Pack 1),Mechanicalchaser (Tournament Pack 1),2026-07-20,google_trends,21.2
Mechanicalchaser (Tournament Pack 1),Mechanicalchaser (Tournament Pack 1),2026-07-21,google_trends,21.5
Mechanicalchaser (Tournament Pack 1),Mechanicalchaser (Tournament Pack 1),2026-07-22,google_trends,21.3
Mechanicalchaser (Tournament Pack 1),Mechanicalchaser (Tournament Pack 1),2026-07-23,google_trends,22.4
Mechanicalchaser (Tournament Pack 1),Mechanicalchaser (Tournament Pack 1),2026-07-24,google_trends,22.7
Mechanicalchaser (Tournament Pack 1),Mechanicalchaser (Tournament Pack 1),2026-07-25,google_trends,22.3
Morphing Jar (Tournament Pack 2),Morphing Jar (Tournament Pack 2),2025-10-29,google_trends,18.3
Morphing Jar (Tournament Pack 2),Morphing Jar (Tournament Pack 2),2025-10-30,google_trends,18.2
Morphing Jar (Tournament Pack 2),Morphing Jar (Tournament Pack 2),2025-10-31,google_trends,18.9
Morphing Jar (Tournament Pack 2),Morphing Jar (Tournament Pack 2),2025-11-01,google_trends,18.2
Morphing Jar (Tournament Pack 2),Morphing Jar (Tournament Pack 2),2025-11-02,google_trends,17.1
Morphing Jar (Tournament Pack 2),Morphing Jar (Tournament Pack 2),2025-11-03,google_trends,18.4
Morphing Jar (Tournament Pack 2),Morphing Jar (Tournament Pack 2),2025-11-04,google_trends,15.6
Morphing Jar (Tournament Pack 2),Morphing Jar (Tournament Pack 2),2025-11-05,google_trends,15.6
Morphing Jar (Tournament Pack 2),Morphing Jar (Tournament Pack 2),2025-11-06,google_trends,18.6
Morphing Jar (Tournament Pack 2),Morphing Jar (Tournament Pack 2),2025-11-07,google_trends,15.5
Morphing Jar (Tournament Pack 2),Morphing Jar (Tournament Pack 2),2025-11-08,google_trends,15.7
Morphing Jar (Tournament Pack 2),Morphing Jar (Tournament Pack 2),2025-11-09,google_trends,15.9
Morphing Jar (Tournament Pack 2),Morphing Jar (Tournament Pack 2),2025-11-10,google_trends,17.2
Morphing Jar (Tournament Pack 2),Morphing Jar (Tournament Pack 2),2025-11-11,google_trends,15
Morphing Jar (Tournament Pack 2),Morphing Jar (Tournament Pack 2),2025-11-12,google_trends,16.8
Morphing Jar (Tournament Pack 2),Morphing Jar (Tournament Pack 2),2025-11-13,google_trends,18
Morphing Jar (Tournament Pack 2),Morphing Jar (Tournament Pack 2),2025-11-14,google_trends,16.8
Morphing Jar (Tournament Pack 2),Morphing Jar (Tournament Pack 2),2025-11-15,google_trends,16.5
Morphing Jar (Tournament Pack 2),Morphing Jar (Tournament Pack 2),2025-11-16,google_trends,15.1
Morphing Jar (Tournament Pack 2),Morphing Jar (Tournament Pack 2),2025-11-17,google_trends,15.1
Morphing Jar (Tournament Pack 2),Morphing Jar (Tournament Pack 2),2025-11-18,google_trends,18.1
Morphing Jar (Tournament Pack 2),Morphing Jar (Tournament Pack 2),2025-11-19,google_trends,16.5
Morphing Jar (Tournament Pack 2),Morphing Jar (Tournament Pack 2),2025-11-20,google_trends,18.1
Morphing Jar (Tournament Pack 2),Morphing Jar (Tournament Pack 2),2025-11-21,google_trends,16.6
Morphing Jar (Tournament Pack 2),Morphing Jar (Tournament Pack 2),2025-11-22,google_trends,18.4
Morphing Jar (Tournament Pack 2),Morphing Jar (Tournament Pack 2),2025-11-23,google_trends,16
Morphing Jar (Tournament Pack 2),Morphing Jar (Tournament Pack 2),2025-11-24,google_trends,18.8
Morphing Jar (Tournament Pack 2),Morphing Jar (Tournament Pack 2),2025-11-25,google_trends,18
Morphing Jar (Tournament Pack 2),Morphing Jar (Tournament Pack 2),2025-11-26,google_trends,17
Morphing Jar (Tournament Pack 2),Morphing Jar (Tournament Pack 2),2025-11-27,google_trends,15.4
Morphing Jar (Tournament Pack 2),Morphing Jar (Tournament Pack 2),2025-11-28,google_trends,17.7
Morphing Jar (Tournament Pack 2),Morphing Jar (Tournament Pack 2),2025-11-29,google_trends,15.8
Morphing Jar (Tournament Pack 2),Morphing Jar (Tournament Pack 2),2025-11-30,google_trends,18.8
Morphing Jar (Tournament Pack 2),Morphing Jar (Tournament Pack 2),2025-12-01,google_trends,19
Morphing Jar (Tournament Pack 2),Morphing Jar (Tournament Pack 2),2025-12-02,google_trends,17.4
Morphing Jar (Tournament Pack 2),Morphing Jar (Tournament Pack 2),2025-12-03,google_trends,16.3
Morphing Jar (Tournament Pack 2),Morphing Jar (Tournament Pack 2),2025-12-04,google_trends,16.3
Morphing Jar (Tournament Pack 2),Morphing Jar (Tournament Pack 2),2025-12-05,google_trends,15.4
Morphing Jar (Tournament Pack 2),Morphing Jar (Tournament Pack 2),2025-12-06,google_trends,17.3
Morphing Jar (Tournament Pack 2),Morphing Jar (Tournament Pack 2),2025-12-07,google_trends,16.4
Morphing Jar (Tournament Pack 2),Morphing Jar (Tournament Pack 2),2025-12-08,google_trends,17.4
Morphing Jar (Tournament Pack 2),Morphing Jar (Tournament Pack 2),2025-12-09,google_trends,17.4
Morphing Jar (Tournament Pack 2),Morphing Jar (Tournament Pack 2),2025-12-10,google_trends,18.4
Morphing Jar (Tournament Pack 2),Morphing Jar (Tournament Pack 2),2025-12-11,google_trends,18.2
Morphing Jar (Tournament Pack 2),Morphing Jar (Tournament Pack 2),2025-12-12,google_trends,16
Morphing Jar (Tournament Pack 2),Morphing Jar (Tournament Pack 2),2025-12-13,google_trends,15.9
Morphing Jar (Tournament Pack 2),Morphing Jar (Tournament Pack 2),2025-12-14,google_trends,15.6
Morphing Jar (Tournament Pack 2),Morphing Jar (Tournament Pack 2),2025-12-15,google_trends,17.8
Morphing Jar (Tournament Pack 2),Morphing Jar (Tournament Pack 2),2025-12-16,google_trends,16.8
Morphing Jar (Tournament Pack 2),Morphing Jar (Tournament Pack 2),2025-12-17,google_trends,15.8
Morphing Jar (Tournament Pack 2),Morphing Jar (Tournament Pack 2),2025-12-18,google_trends,17.6
Morphing Jar (Tournament Pack 2),Morphing Jar (Tournament Pack 2),2025-12-19,google_trends,18.1
Morphing Jar (Tournament Pack 2),Morphing Jar (Tournament Pack 2),2025-12-20,google_trends,17.9
Morphing Jar (Tournament Pack 2),Morphing Jar (Tournament Pack 2),2025-12-21,google_trends,15.7
Morphing Jar (Tournament Pack 2),Morphing Jar (Tournament Pack 2),2025-12-22,google_trends,17.3
Morphing Jar (Tournament Pack 2),Morphing Jar (Tournament Pack 2),2025-12-23,google_trends,16.1
Morphing Jar (Tournament Pack 2),Morphing Jar (Tournament Pack 2),2025-12-24,google_trends,18.3
Morphing Jar (Tournament Pack 2),Morphing Jar (Tournament Pack 2),2025-12-25,google_trends,17
Morphing Jar (Tournament Pack 2),Morphing Jar (Tournament Pack 2),2025-12-26,google_trends,18.5
Morphing Jar (Tournament Pack 2),Morphing Jar (Tournament Pack 2),2025-12-27,google_trends,16.1
Morphing Jar (Tournament Pack 2),Morphing Jar (Tournament Pack 2),2025-12-28,google_trends,18.8
Morphing Jar (Tournament Pack 2),Morphing Jar (Tournament Pack 2),2025-12-29,google_trends,17.3
Morphing Jar (Tournament Pack 2),Morphing Jar (Tournament Pack 2),2025-12-30,google_trends,15.8
Morphing Jar (Tournament Pack 2),Morphing Jar (Tournament Pack 2),2025-12-31,google_trends,17
Morphing Jar (Tournament Pack 2),Morphing Jar (Tournament Pack 2),2026-01-01,google_trends,16.3
Morphing Jar (Tournament Pack 2),Morphing Jar (Tournament Pack 2),2026-01-02,google_trends,15
Morphing Jar (Tournament Pack 2),Morphing Jar (Tournament Pack 2),2026-01-03,google_trends,15.7
Morphing Jar (Tournament Pack 2),Morphing Jar (Tournament Pack 2),2026-01-04,google_trends,18
Morphing Jar (Tournament Pack 2),Morphing Jar (Tournament Pack 2),2026-01-05,google_trends,17.2
Morphing Jar (Tournament Pack 2),Morphing Jar (Tournament Pack 2),2026-01-06,google_trends,18.6
Morphing Jar (Tournament Pack 2),Morphing Jar (Tournament Pack 2),2026-01-07,google_trends,18.3
Morphing Jar (Tournament Pack 2),Morphing Jar (Tournament Pack 2),2026-01-08,google_trends,17.2
Morphing Jar (Tournament Pack 2),Morphing Jar (Tournament Pack 2),2026-01-09,google_trends,18
Morphing Jar (Tournament Pack 2),Morphing Jar (Tournament Pack 2),2026-01-10,google_trends,17.6
Morphing Jar (Tournament Pack 2),Morphing Jar (Tournament Pack 2),2026-01-11,google_trends,16.4
Morphing Jar (Tournament Pack 2),Morphing Jar (Tournament Pack 2),2026-01-12,google_trends,17.7
Morphing Jar (Tournament Pack 2),Morphing Jar (Tournament Pack 2),2026-01-13,google_trends,18.8
Morphing Jar (Tournament Pack 2),Morphing Jar (Tournament Pack 2),2026-01-14,google_trends,17
Morphing Jar (Tournament Pack 2),Morphing Jar (Tournament Pack 2),2026-01-15,google_trends,17
Morphing Jar (Tournament Pack 2),Morphing Jar (Tournament Pack 2),2026-01-16,google_trends,15.7
Morphing Jar (Tournament Pack 2),Morphing Jar (Tournament Pack 2),2026-01-17,google_trends,17.7
Morphing Jar (Tournament Pack 2),Morphing Jar (Tournament Pack 2),2026-01-18,google_trends,15.2
Morphing Jar (Tournament Pack 2),Morphing Jar (Tournament Pack 2),2026-01-19,google_trends,15.9
Morphing Jar (Tournament Pack 2),Morphing Jar (Tournament Pack 2),2026-01-20,google_trends,18.7
Morphing Jar (Tournament Pack 2),Morphing Jar (Tournament Pack 2),2026-01-21,google_trends,15.2
Morphing Jar (Tournament Pack 2),Morphing Jar (Tournament Pack 2),2026-01-22,google_trends,18.7
Morphing Jar (Tournament Pack 2),Morphing Jar (Tournament Pack 2),2026-01-23,google_trends,15.6
Morphing Jar (Tournament Pack 2),Morphing Jar (Tournament Pack 2),2026-01-24,google_trends,16.3
Morphing Jar (Tournament Pack 2),Morphing Jar (Tournament Pack 2),2026-01-25,google_trends,15.9
Morphing Jar (Tournament Pack 2),Morphing Jar (Tournament Pack 2),2026-01-26,google_trends,16.7
Morphing Jar (Tournament Pack 2),Morphing Jar (Tournament Pack 2),2026-01-27,google_trends,18
Morphing Jar (Tournament Pack 2),Morphing Jar (Tournament Pack 2),2026-01-28,google_trends,18.6
Morphing Jar (Tournament Pack 2),Morphing Jar (Tournament Pack 2),2026-01-29,google_trends,16.4
Morphing Jar (Tournament Pack 2),Morphing Jar (Tournament Pack 2),2026-01-30,google_trends,18.6
Morphing Jar (Tournament Pack 2),Morphing Jar (Tournament Pack 2),2026-01-31,google_trends,15.9
Morphing Jar (Tournament Pack 2),Morphing Jar (Tournament Pack 2),2026-02-01,google_trends,17.8
Morphing Jar (Tournament Pack 2),Morphing Jar (Tournament Pack 2),2026-02-02,google_trends,15.3
Morphing Jar (Tournament Pack 2),Morphing Jar (Tournament Pack 2),2026-02-03,google_trends,15.4
Morphing Jar (Tournament Pack 2),Morphing Jar (Tournament Pack 2),2026-02-04,google_trends,17.6
Morphing Jar (Tournament Pack 2),Morphing Jar (Tournament Pack 2),2026-02-05,google_trends,16.7
Morphing Jar (Tournament Pack 2),Morphing Jar (Tournament Pack 2),2026-02-06,google_trends,18.1
Morphing Jar (Tournament Pack 2),Morphing Jar (Tournament Pack 2),2026-02-07,google_trends,18.2
Morphing Jar (Tournament Pack 2),Morphing Jar (Tournament Pack 2),2026-02-08,google_trends,18.1
Morphing Jar (Tournament Pack 2),Morphing Jar (Tournament Pack 2),2026-02-09,google_trends,15.6
Morphing Jar (Tournament Pack 2),Morphing Jar (Tournament Pack 2),2026-02-10,google_trends,18.7
Morphing Jar (Tournament Pack 2),Morphing Jar (Tournament Pack 2),2026-02-11,google_trends,16.3
Morphing Jar (Tournament Pack 2),Morphing Jar (Tournament Pack 2),2026-02-12,google_trends,16.2
Morphing Jar (Tournament Pack 2),Morphing Jar (Tournament Pack 2),2026-02-13,google_trends,16.1
Morphing Jar (Tournament Pack 2),Morphing Jar (Tournament Pack 2),2026-02-14,google_trends,15.5
Morphing Jar (Tournament Pack 2),Morphing Jar (Tournament Pack 2),2026-02-15,google_trends,18.1
Morphing Jar (Tournament Pack 2),Morphing Jar (Tournament Pack 2),2026-02-16,google_trends,18.2
Morphing Jar (Tournament Pack 2),Morphing Jar (Tournament Pack 2),2026-02-17,google_trends,18.6
Morphing Jar (Tournament Pack 2),Morphing Jar (Tournament Pack 2),2026-02-18,google_trends,17.7
Morphing Jar (Tournament Pack 2),Morphing Jar (Tournament Pack 2),2026-02-19,google_trends,17
Morphing Jar (Tournament Pack 2),Morphing Jar (Tournament Pack 2),2026-02-20,google_trends,17.6
Morphing Jar (Tournament Pack 2),Morphing Jar (Tournament Pack 2),2026-02-21,google_trends,18.2
Morphing Jar (Tournament Pack 2),Morphing Jar (Tournament Pack 2),2026-02-22,google_trends,16.8
Morphing Jar (Tournament Pack 2),Morphing Jar (Tournament Pack 2),2026-02-23,google_trends,15.6
Morphing Jar (Tournament Pack 2),Morphing Jar (Tournament Pack 2),2026-02-24,google_trends,17.3
Morphing Jar (Tournament Pack 2),Morphing Jar (Tournament Pack 2),2026-02-25,google_trends,16.6
Morphing Jar (Tournament Pack 2),Morphing Jar (Tournament Pack 2),2026-02-26,google_trends,17.1
Morphing Jar (Tournament Pack 2),Morphing Jar (Tournament Pack 2),2026-02-27,google_trends,17.4
Morphing Jar (Tournament Pack 2),Morphing Jar (Tournament Pack 2),2026-02-28,google_trends,15.7
Morphing Jar (Tournament Pack 2),Morphing Jar (Tournament Pack 2),2026-03-01,google_trends,18.9
Morphing Jar (Tournament Pack 2),Morphing Jar (Tournament Pack 2),2026-03-02,google_trends,17.6
Morphing Jar (Tournament Pack 2),Morphing Jar (Tournament Pack 2),2026-03-03,google_trends,17.5
Morphing Jar (Tournament Pack 2),Morphing Jar (Tournament Pack 2),2026-03-04,google_trends,17.3
Morphing Jar (Tournament Pack 2),Morphing Jar (Tournament Pack 2),2026-03-05,google_trends,15.2
Morphing Jar (Tournament Pack 2),Morphing Jar (Tournament Pack 2),2026-03-06,google_trends,17.2
Morphing Jar (Tournament Pack 2),Morphing Jar (Tournament Pack 2),2026-03-07,google_trends,16.7
Morphing Jar (Tournament Pack 2),Morphing Jar (Tournament Pack 2),2026-03-08,google_trends,16
Morphing Jar (Tournament Pack 2),Morphing Jar (Tournament Pack 2),2026-03-09,google_trends,15.8
Morphing Jar (Tournament Pack 2),Morphing Jar (Tournament Pack 2),2026-03-10,google_trends,18.2
Morphing Jar (Tournament Pack 2),Morphing Jar (Tournament Pack 2),2026-03-11,google_trends,15.5
Morphing Jar (Tournament Pack 2),Morphing Jar (Tournament Pack 2),2026-03-12,google_trends,16.2
Morphing Jar (Tournament Pack 2),Morphing Jar (Tournament Pack 2),2026-03-13,google_trends,15.2
Morphing Jar (Tournament Pack 2),Morphing Jar (Tournament Pack 2),2026-03-14,google_trends,16.1
Morphing Jar (Tournament Pack 2),Morphing Jar (Tournament Pack 2),2026-03-15,google_trends,18.5
Morphing Jar (Tournament Pack 2),Morphing Jar (Tournament Pack 2),2026-03-16,google_trends,15.7
Morphing Jar (Tournament Pack 2),Morphing Jar (Tournament Pack 2),2026-03-17,google_trends,18.8
Morphing Jar (Tournament Pack 2),Morphing Jar (Tournament Pack 2),2026-03-18,google_trends,17.2
Morphing Jar (Tournament Pack 2),Morphing Jar (Tournament Pack 2),2026-03-19,google_trends,16.1
Morphing Jar (Tournament Pack 2),Morphing Jar (Tournament Pack 2),2026-03-20,google_trends,16.3
Morphing Jar (Tournament Pack 2),Morphing Jar (Tournament Pack 2),2026-03-21,google_trends,15.2
Morphing Jar (Tournament Pack 2),Morphing Jar (Tournament Pack 2),2026-03-22,google_trends,17.2
Morphing Jar (Tournament Pack 2),Morphing Jar (Tournament Pack 2),2026-03-23,google_trends,17.3
Morphing Jar (Tournament Pack 2),Morphing Jar (Tournament Pack 2),2026-03-24,google_trends,18
Morphing Jar (Tournament Pack 2),Morphing Jar (Tournament Pack 2),2026-03-25,google_trends,17.5
Morphing Jar (Tournament Pack 2),Morphing Jar (Tournament Pack 2),2026-03-26,google_trends,18.9
Morphing Jar (Tournament Pack 2),Morphing Jar (Tournament Pack 2),2026-03-27,google_trends,15.1
Morphing Jar (Tournament Pack 2),Morphing Jar (Tournament Pack 2),2026-03-28,google_trends,18.8
Morphing Jar (Tournament Pack 2),Morphing Jar (Tournament Pack 2),2026-03-29,google_trends,18.1
Morphing Jar (Tournament Pack 2),Morphing Jar (Tournament Pack 2),2026-03-30,google_trends,15.3
Morphing Jar (Tournament Pack 2),Morphing Jar (Tournament Pack 2),2026-03-31,google_trends,17.5
Morphing Jar (Tournament Pack 2),Morphing Jar (Tournament Pack 2),2026-04-01,google_trends,18.9
Morphing Jar (Tournament Pack 2),Morphing Jar (Tournament Pack 2),2026-04-02,google_trends,16.9
Morphing Jar (Tournament Pack 2),Morphing Jar (Tournament Pack 2),2026-04-03,google_trends,16.2
Morphing Jar (Tournament Pack 2),Morphing Jar (Tournament Pack 2),2026-04-04,google_trends,15.4
Morphing Jar (Tournament Pack 2),Morphing Jar (Tournament Pack 2),2026-04-05,google_trends,16.7
Morphing Jar (Tournament Pack 2),Morphing Jar (Tournament Pack 2),2026-04-06,google_trends,15.3
Morphing Jar (Tournament Pack 2),Morphing Jar (Tournament Pack 2),2026-04-07,google_trends,18.2
Morphing Jar (Tournament Pack 2),Morphing Jar (Tournament Pack 2),2026-04-08,google_trends,15.4
Morphing Jar (Tournament Pack 2),Morphing Jar (Tournament Pack 2),2026-04-09,google_trends,19
Morphing Jar (Tournament Pack 2),Morphing Jar (Tournament Pack 2),2026-04-10,google_trends,16.9
Morphing Jar (Tournament Pack 2),Morphing Jar (Tournament Pack 2),2026-04-11,google_trends,16.6
Morphing Jar (Tournament Pack 2),Morphing Jar (Tournament Pack 2),2026-04-12,google_trends,16.3
Morphing Jar (Tournament Pack 2),Morphing Jar (Tournament Pack 2),2026-04-13,google_trends,15.8
Morphing Jar (Tournament Pack 2),Morphing Jar (Tournament Pack 2),2026-04-14,google_trends,18.2
Morphing Jar (Tournament Pack 2),Morphing Jar (Tournament Pack 2),2026-04-15,google_trends,15.9
Morphing Jar (Tournament Pack 2),Morphing Jar (Tournament Pack 2),2026-04-16,google_trends,16.8
Morphing Jar (Tournament Pack 2),Morphing Jar (Tournament Pack 2),2026-04-17,google_trends,16.9
Morphing Jar (Tournament Pack 2),Morphing Jar (Tournament Pack 2),2026-04-18,google_trends,18.2
Morphing Jar (Tournament Pack 2),Morphing Jar (Tournament Pack 2),2026-04-19,google_trends,16.5
Morphing Jar (Tournament Pack 2),Morphing Jar (Tournament Pack 2),2026-04-20,google_trends,15.6
Morphing Jar (Tournament Pack 2),Morphing Jar (Tournament Pack 2),2026-04-21,google_trends,17.5
Morphing Jar (Tournament Pack 2),Morphing Jar (Tournament Pack 2),2026-04-22,google_trends,18
Morphing Jar (Tournament Pack 2),Morphing Jar (Tournament Pack 2),2026-04-23,google_trends,15.6
Morphing Jar (Tournament Pack 2),Morphing Jar (Tournament Pack 2),2026-04-24,google_trends,15.6
Morphing Jar (Tournament Pack 2),Morphing Jar (Tournament Pack 2),2026-04-25,google_trends,17.3
Morphing Jar (Tournament Pack 2),Morphing Jar (Tournament Pack 2),2026-04-26,google_trends,17.1
Morphing Jar (Tournament Pack 2),Morphing Jar (Tournament Pack 2),2026-04-27,google_trends,18.7
Morphing Jar (Tournament Pack 2),Morphing Jar (Tournament Pack 2),2026-04-28,google_trends,18.8
Morphing Jar (Tournament Pack 2),Morphing Jar (Tournament Pack 2),2026-04-29,google_trends,16
Morphing Jar (Tournament Pack 2),Morphing Jar (Tournament Pack 2),2026-04-30,google_trends,15.8
Morphing Jar (Tournament Pack 2),Morphing Jar (Tournament Pack 2),2026-05-01,google_trends,16
Morphing Jar (Tournament Pack 2),Morphing Jar (Tournament Pack 2),2026-05-02,google_trends,15.8
Morphing Jar (Tournament Pack 2),Morphing Jar (Tournament Pack 2),2026-05-03,google_trends,16.5
Morphing Jar (Tournament Pack 2),Morphing Jar (Tournament Pack 2),2026-05-04,google_trends,15.7
Morphing Jar (Tournament Pack 2),Morphing Jar (Tournament Pack 2),2026-05-05,google_trends,18.1
Morphing Jar (Tournament Pack 2),Morphing Jar (Tournament Pack 2),2026-05-06,google_trends,18.5
Morphing Jar (Tournament Pack 2),Morphing Jar (Tournament Pack 2),2026-05-07,google_trends,18.7
Morphing Jar (Tournament Pack 2),Morphing Jar (Tournament Pack 2),2026-05-08,google_trends,17
Morphing Jar (Tournament Pack 2),Morphing Jar (Tournament Pack 2),2026-05-09,google_trends,16.9
Morphing Jar (Tournament Pack 2),Morphing Jar (Tournament Pack 2),2026-05-10,google_trends,17
Morphing Jar (Tournament Pack 2),Morphing Jar (Tournament Pack 2),2026-05-11,google_trends,16.9
Morphing Jar (Tournament Pack 2),Morphing Jar (Tournament Pack 2),2026-05-12,google_trends,18.7
Morphing Jar (Tournament Pack 2),Morphing Jar (Tournament Pack 2),2026-05-13,google_trends,18.7
Morphing Jar (Tournament Pack 2),Morphing Jar (Tournament Pack 2),2026-05-14,google_trends,18.5
Morphing Jar (Tournament Pack 2),Morphing Jar (Tournament Pack 2),2026-05-15,google_trends,17.2
Morphing Jar (Tournament Pack 2),Morphing Jar (Tournament Pack 2),2026-05-16,google_trends,18.9
Morphing Jar (Tournament Pack 2),Morphing Jar (Tournament Pack 2),2026-05-17,google_trends,15.9
Morphing Jar (Tournament Pack 2),Morphing Jar (Tournament Pack 2),2026-05-18,google_trends,16.7
Morphing Jar (Tournament Pack 2),Morphing Jar (Tournament Pack 2),2026-05-19,google_trends,16.3
Morphing Jar (Tournament Pack 2),Morphing Jar (Tournament Pack 2),2026-05-20,google_trends,16.2
Morphing Jar (Tournament Pack 2),Morphing Jar (Tournament Pack 2),2026-05-21,google_trends,17.8
Morphing Jar (Tournament Pack 2),Morphing Jar (Tournament Pack 2),2026-05-22,google_trends,17.5
Morphing Jar (Tournament Pack 2),Morphing Jar (Tournament Pack 2),2026-05-23,google_trends,16.2
Morphing Jar (Tournament Pack 2),Morphing Jar (Tournament Pack 2),2026-05-24,google_trends,17.2
Morphing Jar (Tournament Pack 2),Morphing Jar (Tournament Pack 2),2026-05-25,google_trends,17.9
Morphing Jar (Tournament Pack 2),Morphing Jar (Tournament Pack 2),2026-05-26,google_trends,15.5
Morphing Jar (Tournament Pack 2),Morphing Jar (Tournament Pack 2),2026-05-27,google_trends,16.6
Morphing Jar (Tournament Pack 2),Morphing Jar (Tournament Pack 2),2026-05-28,google_trends,16.6
Morphing Jar (Tournament Pack 2),Morphing Jar (Tournament Pack 2),2026-05-29,google_trends,15.7
Morphing Jar (Tournament Pack 2),Morphing Jar (Tournament Pack 2),2026-05-30,google_trends,16.6
Morphing Jar (Tournament Pack 2),Morphing Jar (Tournament Pack 2),2026-05-31,google_trends,17.4
Morphing Jar (Tournament Pack 2),Morphing Jar (Tournament Pack 2),2026-06-01,google_trends,17.4
Morphing Jar (Tournament Pack 2),Morphing Jar (Tournament Pack 2),2026-06-02,google_trends,16.3
Morphing Jar (Tournament Pack 2),Morphing Jar (Tournament Pack 2),2026-06-03,google_trends,18.2
Morphing Jar (Tournament Pack 2),Morphing Jar (Tournament Pack 2),2026-06-04,google_trends,17.6
Morphing Jar (Tournament Pack 2),Morphing Jar (Tournament Pack 2),2026-06-05,google_trends,18.3
Morphing Jar (Tournament Pack 2),Morphing Jar (Tournament Pack 2),2026-06-06,google_trends,15.9
Morphing Jar (Tournament Pack 2),Morphing Jar (Tournament Pack 2),2026-06-07,google_trends,15.3
Morphing Jar (Tournament Pack 2),Morphing Jar (Tournament Pack 2),2026-06-08,google_trends,17.8
Morphing Jar (Tournament Pack 2),Morphing Jar (Tournament Pack 2),2026-06-09,google_trends,15.6
Morphing Jar (Tournament Pack 2),Morphing Jar (Tournament Pack 2),2026-06-10,google_trends,17.6
Morphing Jar (Tournament Pack 2),Morphing Jar (Tournament Pack 2),2026-06-11,google_trends,18.9
Morphing Jar (Tournament Pack 2),Morphing Jar (Tournament Pack 2),2026-06-12,google_trends,15.4
Morphing Jar (Tournament Pack 2),Morphing Jar (Tournament Pack 2),2026-06-13,google_trends,19
Morphing Jar (Tournament Pack 2),Morphing Jar (Tournament Pack 2),2026-06-14,google_trends,16.7
Morphing Jar (Tournament Pack 2),Morphing Jar (Tournament Pack 2),2026-06-15,google_trends,17.7
Morphing Jar (Tournament Pack 2),Morphing Jar (Tournament Pack 2),2026-06-16,google_trends,15.3
Morphing Jar (Tournament Pack 2),Morphing Jar (Tournament Pack 2),2026-06-17,google_trends,17.9
Morphing Jar (Tournament Pack 2),Morphing Jar (Tournament Pack 2),2026-06-18,google_trends,17.1
Morphing Jar (Tournament Pack 2),Morphing Jar (Tournament Pack 2),2026-06-19,google_trends,15.6
Morphing Jar (Tournament Pack 2),Morphing Jar (Tournament Pack 2),2026-06-20,google_trends,18.4
Morphing Jar (Tournament Pack 2),Morphing Jar (Tournament Pack 2),2026-06-21,google_trends,17.9
Morphing Jar (Tournament Pack 2),Morphing Jar (Tournament Pack 2),2026-06-22,google_trends,15
Morphing Jar (Tournament Pack 2),Morphing Jar (Tournament Pack 2),2026-06-23,google_trends,17.3
Morphing Jar (Tournament Pack 2),Morphing Jar (Tournament Pack 2),2026-06-24,google_trends,15.7
Morphing Jar (Tournament Pack 2),Morphing Jar (Tournament Pack 2),2026-06-25,google_trends,18.5
Morphing Jar (Tournament Pack 2),Morphing Jar (Tournament Pack 2),2026-06-26,google_trends,17.2
Morphing Jar (Tournament Pack 2),Morphing Jar (Tournament Pack 2),2026-06-27,google_trends,17.7
Morphing Jar (Tournament Pack 2),Morphing Jar (Tournament Pack 2),2026-06-28,google_trends,18.1
Morphing Jar (Tournament Pack 2),Morphing Jar (Tournament Pack 2),2026-06-29,google_trends,15.6
Morphing Jar (Tournament Pack 2),Morphing Jar (Tournament Pack 2),2026-06-30,google_trends,17.2
Morphing Jar (Tournament Pack 2),Morphing Jar (Tournament Pack 2),2026-07-01,google_trends,16.5
Morphing Jar (Tournament Pack 2),Morphing Jar (Tournament Pack 2),2026-07-02,google_trends,15.9
Morphing Jar (Tournament Pack 2),Morphing Jar (Tournament Pack 2),2026-07-03,google_trends,18.7
Morphing Jar (Tournament Pack 2),Morphing Jar (Tournament Pack 2),2026-07-04,google_trends,16.1
Morphing Jar (Tournament Pack 2),Morphing Jar (Tournament Pack 2),2026-07-05,google_trends,17.5
Morphing Jar (Tournament Pack 2),Morphing Jar (Tournament Pack 2),2026-07-06,google_trends,16.5
Morphing Jar (Tournament Pack 2),Morphing Jar (Tournament Pack 2),2026-07-07,google_trends,15.5
Morphing Jar (Tournament Pack 2),Morphing Jar (Tournament Pack 2),2026-07-08,google_trends,15.5
Morphing Jar (Tournament Pack 2),Morphing Jar (Tournament Pack 2),2026-07-09,google_trends,18.4
Morphing Jar (Tournament Pack 2),Morphing Jar (Tournament Pack 2),2026-07-10,google_trends,15.1
Morphing Jar (Tournament Pack 2),Morphing Jar (Tournament Pack 2),2026-07-11,google_trends,17
Morphing Jar (Tournament Pack 2),Morphing Jar (Tournament Pack 2),2026-07-12,google_trends,15.5
Morphing Jar (Tournament Pack 2),Morphing Jar (Tournament Pack 2),2026-07-13,google_trends,18.3
Morphing Jar (Tournament Pack 2),Morphing Jar (Tournament Pack 2),2026-07-14,google_trends,16.2
Morphing Jar (Tournament Pack 2),Morphing Jar (Tournament Pack 2),2026-07-15,google_trends,15.8
Morphing Jar (Tournament Pack 2),Morphing Jar (Tournament Pack 2),2026-07-16,google_trends,15.5
Morphing Jar (Tournament Pack 2),Morphing Jar (Tournament Pack 2),2026-07-17,google_trends,16
Morphing Jar (Tournament Pack 2),Morphing Jar (Tournament Pack 2),2026-07-18,google_trends,17.3
Morphing Jar (Tournament Pack 2),Morphing Jar (Tournament Pack 2),2026-07-19,google_trends,15.4
Morphing Jar (Tournament Pack 2),Morphing Jar (Tournament Pack 2),2026-07-20,google_trends,15.7
Morphing Jar (Tournament Pack 2),Morphing Jar (Tournament Pack 2),2026-07-21,google_trends,17.3
Morphing Jar (Tournament Pack 2),Morphing Jar (Tournament Pack 2),2026-07-22,google_trends,17.2
Morphing Jar (Tournament Pack 2),Morphing Jar (Tournament Pack 2),2026-07-23,google_trends,15.1
Morphing Jar (Tournament Pack 2),Morphing Jar (Tournament Pack 2),2026-07-24,google_trends,16.7
Morphing Jar (Tournament Pack 2),Morphing Jar (Tournament Pack 2),2026-07-25,google_trends,16.6
Cyber-Stein (Shonen Jump Championship Prize),Cyber-Stein (Shonen Jump Championship Prize),2025-10-29,google_trends,16.2
Cyber-Stein (Shonen Jump Championship Prize),Cyber-Stein (Shonen Jump Championship Prize),2025-10-30,google_trends,13.2
Cyber-Stein (Shonen Jump Championship Prize),Cyber-Stein (Shonen Jump Championship Prize),2025-10-31,google_trends,13.9
Cyber-Stein (Shonen Jump Championship Prize),Cyber-Stein (Shonen Jump Championship Prize),2025-11-01,google_trends,14.2
Cyber-Stein (Shonen Jump Championship Prize),Cyber-Stein (Shonen Jump Championship Prize),2025-11-02,google_trends,16.6
Cyber-Stein (Shonen Jump Championship Prize),Cyber-Stein (Shonen Jump Championship Prize),2025-11-03,google_trends,13.5
Cyber-Stein (Shonen Jump Championship Prize),Cyber-Stein (Shonen Jump Championship Prize),2025-11-04,google_trends,16.7
Cyber-Stein (Shonen Jump Championship Prize),Cyber-Stein (Shonen Jump Championship Prize),2025-11-05,google_trends,16.2
Cyber-Stein (Shonen Jump Championship Prize),Cyber-Stein (Shonen Jump Championship Prize),2025-11-06,google_trends,16.5
Cyber-Stein (Shonen Jump Championship Prize),Cyber-Stein (Shonen Jump Championship Prize),2025-11-07,google_trends,14.9
Cyber-Stein (Shonen Jump Championship Prize),Cyber-Stein (Shonen Jump Championship Prize),2025-11-08,google_trends,15.4
Cyber-Stein (Shonen Jump Championship Prize),Cyber-Stein (Shonen Jump Championship Prize),2025-11-09,google_trends,16.7
Cyber-Stein (Shonen Jump Championship Prize),Cyber-Stein (Shonen Jump Championship Prize),2025-11-10,google_trends,17.1
Cyber-Stein (Shonen Jump Championship Prize),Cyber-Stein (Shonen Jump Championship Prize),2025-11-11,google_trends,16.2
Cyber-Stein (Shonen Jump Championship Prize),Cyber-Stein (Shonen Jump Championship Prize),2025-11-12,google_trends,15.7
Cyber-Stein (Shonen Jump Championship Prize),Cyber-Stein (Shonen Jump Championship Prize),2025-11-13,google_trends,16.6
Cyber-Stein (Shonen Jump Championship Prize),Cyber-Stein (Shonen Jump Championship Prize),2025-11-14,google_trends,17.3
Cyber-Stein (Shonen Jump Championship Prize),Cyber-Stein (Shonen Jump Championship Prize),2025-11-15,google_trends,13.6
Cyber-Stein (Shonen Jump Championship Prize),Cyber-Stein (Shonen Jump Championship Prize),2025-11-16,google_trends,14.4
Cyber-Stein (Shonen Jump Championship Prize),Cyber-Stein (Shonen Jump Championship Prize),2025-11-17,google_trends,15.1
Cyber-Stein (Shonen Jump Championship Prize),Cyber-Stein (Shonen Jump Championship Prize),2025-11-18,google_trends,13.7
Cyber-Stein (Shonen Jump Championship Prize),Cyber-Stein (Shonen Jump Championship Prize),2025-11-19,google_trends,15.1
Cyber-Stein (Shonen Jump Championship Prize),Cyber-Stein (Shonen Jump Championship Prize),2025-11-20,google_trends,17.5
Cyber-Stein (Shonen Jump Championship Prize),Cyber-Stein (Shonen Jump Championship Prize),2025-11-21,google_trends,15.4
Cyber-Stein (Shonen Jump Championship Prize),Cyber-Stein (Shonen Jump Championship Prize),2025-11-22,google_trends,17.6
Cyber-Stein (Shonen Jump Championship Prize),Cyber-Stein (Shonen Jump Championship Prize),2025-11-23,google_trends,15.9
Cyber-Stein (Shonen Jump Championship Prize),Cyber-Stein (Shonen Jump Championship Prize),2025-11-24,google_trends,14.2
Cyber-Stein (Shonen Jump Championship Prize),Cyber-Stein (Shonen Jump Championship Prize),2025-11-25,google_trends,14.3
Cyber-Stein (Shonen Jump Championship Prize),Cyber-Stein (Shonen Jump Championship Prize),2025-11-26,google_trends,14.5
Cyber-Stein (Shonen Jump Championship Prize),Cyber-Stein (Shonen Jump Championship Prize),2025-11-27,google_trends,14
Cyber-Stein (Shonen Jump Championship Prize),Cyber-Stein (Shonen Jump Championship Prize),2025-11-28,google_trends,15
Cyber-Stein (Shonen Jump Championship Prize),Cyber-Stein (Shonen Jump Championship Prize),2025-11-29,google_trends,15.5
Cyber-Stein (Shonen Jump Championship Prize),Cyber-Stein (Shonen Jump Championship Prize),2025-11-30,google_trends,15.8
Cyber-Stein (Shonen Jump Championship Prize),Cyber-Stein (Shonen Jump Championship Prize),2025-12-01,google_trends,17.1
Cyber-Stein (Shonen Jump Championship Prize),Cyber-Stein (Shonen Jump Championship Prize),2025-12-02,google_trends,14.4
Cyber-Stein (Shonen Jump Championship Prize),Cyber-Stein (Shonen Jump Championship Prize),2025-12-03,google_trends,15
Cyber-Stein (Shonen Jump Championship Prize),Cyber-Stein (Shonen Jump Championship Prize),2025-12-04,google_trends,17.8
Cyber-Stein (Shonen Jump Championship Prize),Cyber-Stein (Shonen Jump Championship Prize),2025-12-05,google_trends,14
Cyber-Stein (Shonen Jump Championship Prize),Cyber-Stein (Shonen Jump Championship Prize),2025-12-06,google_trends,15.9
Cyber-Stein (Shonen Jump Championship Prize),Cyber-Stein (Shonen Jump Championship Prize),2025-12-07,google_trends,14.6
Cyber-Stein (Shonen Jump Championship Prize),Cyber-Stein (Shonen Jump Championship Prize),2025-12-08,google_trends,16.4
Cyber-Stein (Shonen Jump Championship Prize),Cyber-Stein (Shonen Jump Championship Prize),2025-12-09,google_trends,15.4
Cyber-Stein (Shonen Jump Championship Prize),Cyber-Stein (Shonen Jump Championship Prize),2025-12-10,google_trends,14.6
Cyber-Stein (Shonen Jump Championship Prize),Cyber-Stein (Shonen Jump Championship Prize),2025-12-11,google_trends,17.7
Cyber-Stein (Shonen Jump Championship Prize),Cyber-Stein (Shonen Jump Championship Prize),2025-12-12,google_trends,18.1
Cyber-Stein (Shonen Jump Championship Prize),Cyber-Stein (Shonen Jump Championship Prize),2025-12-13,google_trends,18.1
Cyber-Stein (Shonen Jump Championship Prize),Cyber-Stein (Shonen Jump Championship Prize),2025-12-14,google_trends,17.1
Cyber-Stein (Shonen Jump Championship Prize),Cyber-Stein (Shonen Jump Championship Prize),2025-12-15,google_trends,16.4
Cyber-Stein (Shonen Jump Championship Prize),Cyber-Stein (Shonen Jump Championship Prize),2025-12-16,google_trends,15.6
Cyber-Stein (Shonen Jump Championship Prize),Cyber-Stein (Shonen Jump Championship Prize),2025-12-17,google_trends,14.9
Cyber-Stein (Shonen Jump Championship Prize),Cyber-Stein (Shonen Jump Championship Prize),2025-12-18,google_trends,18.2
Cyber-Stein (Shonen Jump Championship Prize),Cyber-Stein (Shonen Jump Championship Prize),2025-12-19,google_trends,16
Cyber-Stein (Shonen Jump Championship Prize),Cyber-Stein (Shonen Jump Championship Prize),2025-12-20,google_trends,17.6
Cyber-Stein (Shonen Jump Championship Prize),Cyber-Stein (Shonen Jump Championship Prize),2025-12-21,google_trends,15
Cyber-Stein (Shonen Jump Championship Prize),Cyber-Stein (Shonen Jump Championship Prize),2025-12-22,google_trends,18.3
Cyber-Stein (Shonen Jump Championship Prize),Cyber-Stein (Shonen Jump Championship Prize),2025-12-23,google_trends,17.4
Cyber-Stein (Shonen Jump Championship Prize),Cyber-Stein (Shonen Jump Championship Prize),2025-12-24,google_trends,15.1
Cyber-Stein (Shonen Jump Championship Prize),Cyber-Stein (Shonen Jump Championship Prize),2025-12-25,google_trends,16.5
Cyber-Stein (Shonen Jump Championship Prize),Cyber-Stein (Shonen Jump Championship Prize),2025-12-26,google_trends,14.7
Cyber-Stein (Shonen Jump Championship Prize),Cyber-Stein (Shonen Jump Championship Prize),2025-12-27,google_trends,17
Cyber-Stein (Shonen Jump Championship Prize),Cyber-Stein (Shonen Jump Championship Prize),2025-12-28,google_trends,17
Cyber-Stein (Shonen Jump Championship Prize),Cyber-Stein (Shonen Jump Championship Prize),2025-12-29,google_trends,14.6
Cyber-Stein (Shonen Jump Championship Prize),Cyber-Stein (Shonen Jump Championship Prize),2025-12-30,google_trends,17.1
Cyber-Stein (Shonen Jump Championship Prize),Cyber-Stein (Shonen Jump Championship Prize),2025-12-31,google_trends,17.7
Cyber-Stein (Shonen Jump Championship Prize),Cyber-Stein (Shonen Jump Championship Prize),2026-01-01,google_trends,17.1
Cyber-Stein (Shonen Jump Championship Prize),Cyber-Stein (Shonen Jump Championship Prize),2026-01-02,google_trends,14.9
Cyber-Stein (Shonen Jump Championship Prize),Cyber-Stein (Shonen Jump Championship Prize),2026-01-03,google_trends,18.3
Cyber-Stein (Shonen Jump Championship Prize),Cyber-Stein (Shonen Jump Championship Prize),2026-01-04,google_trends,17
Cyber-Stein (Shonen Jump Championship Prize),Cyber-Stein (Shonen Jump Championship Prize),2026-01-05,google_trends,15.5
Cyber-Stein (Shonen Jump Championship Prize),Cyber-Stein (Shonen Jump Championship Prize),2026-01-06,google_trends,16.7
Cyber-Stein (Shonen Jump Championship Prize),Cyber-Stein (Shonen Jump Championship Prize),2026-01-07,google_trends,15.8
Cyber-Stein (Shonen Jump Championship Prize),Cyber-Stein (Shonen Jump Championship Prize),2026-01-08,google_trends,16
Cyber-Stein (Shonen Jump Championship Prize),Cyber-Stein (Shonen Jump Championship Prize),2026-01-09,google_trends,15.1
Cyber-Stein (Shonen Jump Championship Prize),Cyber-Stein (Shonen Jump Championship Prize),2026-01-10,google_trends,18.7
Cyber-Stein (Shonen Jump Championship Prize),Cyber-Stein (Shonen Jump Championship Prize),2026-01-11,google_trends,15
Cyber-Stein (Shonen Jump Championship Prize),Cyber-Stein (Shonen Jump Championship Prize),2026-01-12,google_trends,16.4
Cyber-Stein (Shonen Jump Championship Prize),Cyber-Stein (Shonen Jump Championship Prize),2026-01-13,google_trends,16.3
Cyber-Stein (Shonen Jump Championship Prize),Cyber-Stein (Shonen Jump Championship Prize),2026-01-14,google_trends,18.5
Cyber-Stein (Shonen Jump Championship Prize),Cyber-Stein (Shonen Jump Championship Prize),2026-01-15,google_trends,18.6
Cyber-Stein (Shonen Jump Championship Prize),Cyber-Stein (Shonen Jump Championship Prize),2026-01-16,google_trends,16.6
Cyber-Stein (Shonen Jump Championship Prize),Cyber-Stein (Shonen Jump Championship Prize),2026-01-17,google_trends,15.7
Cyber-Stein (Shonen Jump Championship Prize),Cyber-Stein (Shonen Jump Championship Prize),2026-01-18,google_trends,17.1
Cyber-Stein (Shonen Jump Championship Prize),Cyber-Stein (Shonen Jump Championship Prize),2026-01-19,google_trends,17.6
Cyber-Stein (Shonen Jump Championship Prize),Cyber-Stein (Shonen Jump Championship Prize),2026-01-20,google_trends,18.7
Cyber-Stein (Shonen Jump Championship Prize),Cyber-Stein (Shonen Jump Championship Prize),2026-01-21,google_trends,15.9
Cyber-Stein (Shonen Jump Championship Prize),Cyber-Stein (Shonen Jump Championship Prize),2026-01-22,google_trends,17.1
Cyber-Stein (Shonen Jump Championship Prize),Cyber-Stein (Shonen Jump Championship Prize),2026-01-23,google_trends,16.2
Cyber-Stein (Shonen Jump Championship Prize),Cyber-Stein (Shonen Jump Championship Prize),2026-01-24,google_trends,17.1
Cyber-Stein (Shonen Jump Championship Prize),Cyber-Stein (Shonen Jump Championship Prize),2026-01-25,google_trends,18.2
Cyber-Stein (Shonen Jump Championship Prize),Cyber-Stein (Shonen Jump Championship Prize),2026-01-26,google_trends,16.5
Cyber-Stein (Shonen Jump Championship Prize),Cyber-Stein (Shonen Jump Championship Prize),2026-01-27,google_trends,18.5
Cyber-Stein (Shonen Jump Championship Prize),Cyber-Stein (Shonen Jump Championship Prize),2026-01-28,google_trends,16.4
Cyber-Stein (Shonen Jump Championship Prize),Cyber-Stein (Shonen Jump Championship Prize),2026-01-29,google_trends,16.3
Cyber-Stein (Shonen Jump Championship Prize),Cyber-Stein (Shonen Jump Championship Prize),2026-01-30,google_trends,16.3
Cyber-Stein (Shonen Jump Championship Prize),Cyber-Stein (Shonen Jump Championship Prize),2026-01-31,google_trends,15.6
Cyber-Stein (Shonen Jump Championship Prize),Cyber-Stein (Shonen Jump Championship Prize),2026-02-01,google_trends,19.1
Cyber-Stein (Shonen Jump Championship Prize),Cyber-Stein (Shonen Jump Championship Prize),2026-02-02,google_trends,16.2
Cyber-Stein (Shonen Jump Championship Prize),Cyber-Stein (Shonen Jump Championship Prize),2026-02-03,google_trends,17.3
Cyber-Stein (Shonen Jump Championship Prize),Cyber-Stein (Shonen Jump Championship Prize),2026-02-04,google_trends,18.9
Cyber-Stein (Shonen Jump Championship Prize),Cyber-Stein (Shonen Jump Championship Prize),2026-02-05,google_trends,16.2
Cyber-Stein (Shonen Jump Championship Prize),Cyber-Stein (Shonen Jump Championship Prize),2026-02-06,google_trends,16.2
Cyber-Stein (Shonen Jump Championship Prize),Cyber-Stein (Shonen Jump Championship Prize),2026-02-07,google_trends,19
Cyber-Stein (Shonen Jump Championship Prize),Cyber-Stein (Shonen Jump Championship Prize),2026-02-08,google_trends,16.5
Cyber-Stein (Shonen Jump Championship Prize),Cyber-Stein (Shonen Jump Championship Prize),2026-02-09,google_trends,18.9
Cyber-Stein (Shonen Jump Championship Prize),Cyber-Stein (Shonen Jump Championship Prize),2026-02-10,google_trends,18.1
Cyber-Stein (Shonen Jump Championship Prize),Cyber-Stein (Shonen Jump Championship Prize),2026-02-11,google_trends,19
Cyber-Stein (Shonen Jump Championship Prize),Cyber-Stein (Shonen Jump Championship Prize),2026-02-12,google_trends,17.5
Cyber-Stein (Shonen Jump Championship Prize),Cyber-Stein (Shonen Jump Championship Prize),2026-02-13,google_trends,18.6
Cyber-Stein (Shonen Jump Championship Prize),Cyber-Stein (Shonen Jump Championship Prize),2026-02-14,google_trends,19.3
Cyber-Stein (Shonen Jump Championship Prize),Cyber-Stein (Shonen Jump Championship Prize),2026-02-15,google_trends,17.3
Cyber-Stein (Shonen Jump Championship Prize),Cyber-Stein (Shonen Jump Championship Prize),2026-02-16,google_trends,16
Cyber-Stein (Shonen Jump Championship Prize),Cyber-Stein (Shonen Jump Championship Prize),2026-02-17,google_trends,19.4
Cyber-Stein (Shonen Jump Championship Prize),Cyber-Stein (Shonen Jump Championship Prize),2026-02-18,google_trends,18.1
Cyber-Stein (Shonen Jump Championship Prize),Cyber-Stein (Shonen Jump Championship Prize),2026-02-19,google_trends,19.3
Cyber-Stein (Shonen Jump Championship Prize),Cyber-Stein (Shonen Jump Championship Prize),2026-02-20,google_trends,18.1
Cyber-Stein (Shonen Jump Championship Prize),Cyber-Stein (Shonen Jump Championship Prize),2026-02-21,google_trends,18.3
Cyber-Stein (Shonen Jump Championship Prize),Cyber-Stein (Shonen Jump Championship Prize),2026-02-22,google_trends,16.4
Cyber-Stein (Shonen Jump Championship Prize),Cyber-Stein (Shonen Jump Championship Prize),2026-02-23,google_trends,16.8
Cyber-Stein (Shonen Jump Championship Prize),Cyber-Stein (Shonen Jump Championship Prize),2026-02-24,google_trends,20.1
Cyber-Stein (Shonen Jump Championship Prize),Cyber-Stein (Shonen Jump Championship Prize),2026-02-25,google_trends,16.9
Cyber-Stein (Shonen Jump Championship Prize),Cyber-Stein (Shonen Jump Championship Prize),2026-02-26,google_trends,17.2
Cyber-Stein (Shonen Jump Championship Prize),Cyber-Stein (Shonen Jump Championship Prize),2026-02-27,google_trends,19.1
Cyber-Stein (Shonen Jump Championship Prize),Cyber-Stein (Shonen Jump Championship Prize),2026-02-28,google_trends,20.2
Cyber-Stein (Shonen Jump Championship Prize),Cyber-Stein (Shonen Jump Championship Prize),2026-03-01,google_trends,16.5
Cyber-Stein (Shonen Jump Championship Prize),Cyber-Stein (Shonen Jump Championship Prize),2026-03-02,google_trends,19
Cyber-Stein (Shonen Jump Championship Prize),Cyber-Stein (Shonen Jump Championship Prize),2026-03-03,google_trends,16.6
Cyber-Stein (Shonen Jump Championship Prize),Cyber-Stein (Shonen Jump Championship Prize),2026-03-04,google_trends,20
Cyber-Stein (Shonen Jump Championship Prize),Cyber-Stein (Shonen Jump Championship Prize),2026-03-05,google_trends,17.8
Cyber-Stein (Shonen Jump Championship Prize),Cyber-Stein (Shonen Jump Championship Prize),2026-03-06,google_trends,18.4
Cyber-Stein (Shonen Jump Championship Prize),Cyber-Stein (Shonen Jump Championship Prize),2026-03-07,google_trends,17.1
Cyber-Stein (Shonen Jump Championship Prize),Cyber-Stein (Shonen Jump Championship Prize),2026-03-08,google_trends,18
Cyber-Stein (Shonen Jump Championship Prize),Cyber-Stein (Shonen Jump Championship Prize),2026-03-09,google_trends,19.9
Cyber-Stein (Shonen Jump Championship Prize),Cyber-Stein (Shonen Jump Championship Prize),2026-03-10,google_trends,17
Cyber-Stein (Shonen Jump Championship Prize),Cyber-Stein (Shonen Jump Championship Prize),2026-03-11,google_trends,18.1
Cyber-Stein (Shonen Jump Championship Prize),Cyber-Stein (Shonen Jump Championship Prize),2026-03-12,google_trends,18.8
Cyber-Stein (Shonen Jump Championship Prize),Cyber-Stein (Shonen Jump Championship Prize),2026-03-13,google_trends,17.5
Cyber-Stein (Shonen Jump Championship Prize),Cyber-Stein (Shonen Jump Championship Prize),2026-03-14,google_trends,16.8
Cyber-Stein (Shonen Jump Championship Prize),Cyber-Stein (Shonen Jump Championship Prize),2026-03-15,google_trends,17.6
Cyber-Stein (Shonen Jump Championship Prize),Cyber-Stein (Shonen Jump Championship Prize),2026-03-16,google_trends,19.9
Cyber-Stein (Shonen Jump Championship Prize),Cyber-Stein (Shonen Jump Championship Prize),2026-03-17,google_trends,20.5
Cyber-Stein (Shonen Jump Championship Prize),Cyber-Stein (Shonen Jump Championship Prize),2026-03-18,google_trends,20.3
Cyber-Stein (Shonen Jump Championship Prize),Cyber-Stein (Shonen Jump Championship Prize),2026-03-19,google_trends,17
Cyber-Stein (Shonen Jump Championship Prize),Cyber-Stein (Shonen Jump Championship Prize),2026-03-20,google_trends,18.6
Cyber-Stein (Shonen Jump Championship Prize),Cyber-Stein (Shonen Jump Championship Prize),2026-03-21,google_trends,18.3
Cyber-Stein (Shonen Jump Championship Prize),Cyber-Stein (Shonen Jump Championship Prize),2026-03-22,google_trends,20.3
Cyber-Stein (Shonen Jump Championship Prize),Cyber-Stein (Shonen Jump Championship Prize),2026-03-23,google_trends,18
Cyber-Stein (Shonen Jump Championship Prize),Cyber-Stein (Shonen Jump Championship Prize),2026-03-24,google_trends,20.1
Cyber-Stein (Shonen Jump Championship Prize),Cyber-Stein (Shonen Jump Championship Prize),2026-03-25,google_trends,16.9
Cyber-Stein (Shonen Jump Championship Prize),Cyber-Stein (Shonen Jump Championship Prize),2026-03-26,google_trends,20.7
Cyber-Stein (Shonen Jump Championship Prize),Cyber-Stein (Shonen Jump Championship Prize),2026-03-27,google_trends,20.1
Cyber-Stein (Shonen Jump Championship Prize),Cyber-Stein (Shonen Jump Championship Prize),2026-03-28,google_trends,18.1
Cyber-Stein (Shonen Jump Championship Prize),Cyber-Stein (Shonen Jump Championship Prize),2026-03-29,google_trends,19.8
Cyber-Stein (Shonen Jump Championship Prize),Cyber-Stein (Shonen Jump Championship Prize),2026-03-30,google_trends,17.9
Cyber-Stein (Shonen Jump Championship Prize),Cyber-Stein (Shonen Jump Championship Prize),2026-03-31,google_trends,20.5
Cyber-Stein (Shonen Jump Championship Prize),Cyber-Stein (Shonen Jump Championship Prize),2026-04-01,google_trends,20
Cyber-Stein (Shonen Jump Championship Prize),Cyber-Stein (Shonen Jump Championship Prize),2026-04-02,google_trends,19
Cyber-Stein (Shonen Jump Championship Prize),Cyber-Stein (Shonen Jump Championship Prize),2026-04-03,google_trends,18.3
Cyber-Stein (Shonen Jump Championship Prize),Cyber-Stein (Shonen Jump Championship Prize),2026-04-04,google_trends,19.2
Cyber-Stein (Shonen Jump Championship Prize),Cyber-Stein (Shonen Jump Championship Prize),2026-04-05,google_trends,17.6
Cyber-Stein (Shonen Jump Championship Prize),Cyber-Stein (Shonen Jump Championship Prize),2026-04-06,google_trends,17.3
Cyber-Stein (Shonen Jump Championship Prize),Cyber-Stein (Shonen Jump Championship Prize),2026-04-07,google_trends,17.8
Cyber-Stein (Shonen Jump Championship Prize),Cyber-Stein (Shonen Jump Championship Prize),2026-04-08,google_trends,20.8
Cyber-Stein (Shonen Jump Championship Prize),Cyber-Stein (Shonen Jump Championship Prize),2026-04-09,google_trends,17.9
Cyber-Stein (Shonen Jump Championship Prize),Cyber-Stein (Shonen Jump Championship Prize),2026-04-10,google_trends,20.9
Cyber-Stein (Shonen Jump Championship Prize),Cyber-Stein (Shonen Jump Championship Prize),2026-04-11,google_trends,19.4
Cyber-Stein (Shonen Jump Championship Prize),Cyber-Stein (Shonen Jump Championship Prize),2026-04-12,google_trends,18
Cyber-Stein (Shonen Jump Championship Prize),Cyber-Stein (Shonen Jump Championship Prize),2026-04-13,google_trends,20.4
Cyber-Stein (Shonen Jump Championship Prize),Cyber-Stein (Shonen Jump Championship Prize),2026-04-14,google_trends,19.8
Cyber-Stein (Shonen Jump Championship Prize),Cyber-Stein (Shonen Jump Championship Prize),2026-04-15,google_trends,19
Cyber-Stein (Shonen Jump Championship Prize),Cyber-Stein (Shonen Jump Championship Prize),2026-04-16,google_trends,20.4
Cyber-Stein (Shonen Jump Championship Prize),Cyber-Stein (Shonen Jump Championship Prize),2026-04-17,google_trends,18.2
Cyber-Stein (Shonen Jump Championship Prize),Cyber-Stein (Shonen Jump Championship Prize),2026-04-18,google_trends,20
Cyber-Stein (Shonen Jump Championship Prize),Cyber-Stein (Shonen Jump Championship Prize),2026-04-19,google_trends,17.7
Cyber-Stein (Shonen Jump Championship Prize),Cyber-Stein (Shonen Jump Championship Prize),2026-04-20,google_trends,17.8
Cyber-Stein (Shonen Jump Championship Prize),Cyber-Stein (Shonen Jump Championship Prize),2026-04-21,google_trends,20.2
Cyber-Stein (Shonen Jump Championship Prize),Cyber-Stein (Shonen Jump Championship Prize),2026-04-22,google_trends,20.9
Cyber-Stein (Shonen Jump Championship Prize),Cyber-Stein (Shonen Jump Championship Prize),2026-04-23,google_trends,21.2
Cyber-Stein (Shonen Jump Championship Prize),Cyber-Stein (Shonen Jump Championship Prize),2026-04-24,google_trends,17.6
Cyber-Stein (Shonen Jump Championship Prize),Cyber-Stein (Shonen Jump Championship Prize),2026-04-25,google_trends,19.9
Cyber-Stein (Shonen Jump Championship Prize),Cyber-Stein (Shonen Jump Championship Prize),2026-04-26,google_trends,19.5
Cyber-Stein (Shonen Jump Championship Prize),Cyber-Stein (Shonen Jump Championship Prize),2026-04-27,google_trends,21.3
Cyber-Stein (Shonen Jump Championship Prize),Cyber-Stein (Shonen Jump Championship Prize),2026-04-28,google_trends,19.8
Cyber-Stein (Shonen Jump Championship Prize),Cyber-Stein (Shonen Jump Championship Prize),2026-04-29,google_trends,21.1
Cyber-Stein (Shonen Jump Championship Prize),Cyber-Stein (Shonen Jump Championship Prize),2026-04-30,google_trends,19.3
Cyber-Stein (Shonen Jump Championship Prize),Cyber-Stein (Shonen Jump Championship Prize),2026-05-01,google_trends,18.7
Cyber-Stein (Shonen Jump Championship Prize),Cyber-Stein (Shonen Jump Championship Prize),2026-05-02,google_trends,21
Cyber-Stein (Shonen Jump Championship Prize),Cyber-Stein (Shonen Jump Championship Prize),2026-05-03,google_trends,21.2
Cyber-Stein (Shonen Jump Championship Prize),Cyber-Stein (Shonen Jump Championship Prize),2026-05-04,google_trends,19
Cyber-Stein (Shonen Jump Championship Prize),Cyber-Stein (Shonen Jump Championship Prize),2026-05-05,google_trends,21.1
Cyber-Stein (Shonen Jump Championship Prize),Cyber-Stein (Shonen Jump Championship Prize),2026-05-06,google_trends,19.8
Cyber-Stein (Shonen Jump Championship Prize),Cyber-Stein (Shonen Jump Championship Prize),2026-05-07,google_trends,21
Cyber-Stein (Shonen Jump Championship Prize),Cyber-Stein (Shonen Jump Championship Prize),2026-05-08,google_trends,19
Cyber-Stein (Shonen Jump Championship Prize),Cyber-Stein (Shonen Jump Championship Prize),2026-05-09,google_trends,19.5
Cyber-Stein (Shonen Jump Championship Prize),Cyber-Stein (Shonen Jump Championship Prize),2026-05-10,google_trends,22
Cyber-Stein (Shonen Jump Championship Prize),Cyber-Stein (Shonen Jump Championship Prize),2026-05-11,google_trends,21.1
Cyber-Stein (Shonen Jump Championship Prize),Cyber-Stein (Shonen Jump Championship Prize),2026-05-12,google_trends,21.7
Cyber-Stein (Shonen Jump Championship Prize),Cyber-Stein (Shonen Jump Championship Prize),2026-05-13,google_trends,21.8
Cyber-Stein (Shonen Jump Championship Prize),Cyber-Stein (Shonen Jump Championship Prize),2026-05-14,google_trends,21.7
Cyber-Stein (Shonen Jump Championship Prize),Cyber-Stein (Shonen Jump Championship Prize),2026-05-15,google_trends,19.6
Cyber-Stein (Shonen Jump Championship Prize),Cyber-Stein (Shonen Jump Championship Prize),2026-05-16,google_trends,21.3
Cyber-Stein (Shonen Jump Championship Prize),Cyber-Stein (Shonen Jump Championship Prize),2026-05-17,google_trends,21.9
Cyber-Stein (Shonen Jump Championship Prize),Cyber-Stein (Shonen Jump Championship Prize),2026-05-18,google_trends,21.3
Cyber-Stein (Shonen Jump Championship Prize),Cyber-Stein (Shonen Jump Championship Prize),2026-05-19,google_trends,20.8
Cyber-Stein (Shonen Jump Championship Prize),Cyber-Stein (Shonen Jump Championship Prize),2026-05-20,google_trends,21.1
Cyber-Stein (Shonen Jump Championship Prize),Cyber-Stein (Shonen Jump Championship Prize),2026-05-21,google_trends,19.4
Cyber-Stein (Shonen Jump Championship Prize),Cyber-Stein (Shonen Jump Championship Prize),2026-05-22,google_trends,20.2
Cyber-Stein (Shonen Jump Championship Prize),Cyber-Stein (Shonen Jump Championship Prize),2026-05-23,google_trends,20.4
Cyber-Stein (Shonen Jump Championship Prize),Cyber-Stein (Shonen Jump Championship Prize),2026-05-24,google_trends,20.2
Cyber-Stein (Shonen Jump Championship Prize),Cyber-Stein (Shonen Jump Championship Prize),2026-05-25,google_trends,18.8
Cyber-Stein (Shonen Jump Championship Prize),Cyber-Stein (Shonen Jump Championship Prize),2026-05-26,google_trends,22
Cyber-Stein (Shonen Jump Championship Prize),Cyber-Stein (Shonen Jump Championship Prize),2026-05-27,google_trends,19.4
Cyber-Stein (Shonen Jump Championship Prize),Cyber-Stein (Shonen Jump Championship Prize),2026-05-28,google_trends,22.2
Cyber-Stein (Shonen Jump Championship Prize),Cyber-Stein (Shonen Jump Championship Prize),2026-05-29,google_trends,22.1
Cyber-Stein (Shonen Jump Championship Prize),Cyber-Stein (Shonen Jump Championship Prize),2026-05-30,google_trends,19.9
Cyber-Stein (Shonen Jump Championship Prize),Cyber-Stein (Shonen Jump Championship Prize),2026-05-31,google_trends,21.9
Cyber-Stein (Shonen Jump Championship Prize),Cyber-Stein (Shonen Jump Championship Prize),2026-06-01,google_trends,22.3
Cyber-Stein (Shonen Jump Championship Prize),Cyber-Stein (Shonen Jump Championship Prize),2026-06-02,google_trends,19.2
Cyber-Stein (Shonen Jump Championship Prize),Cyber-Stein (Shonen Jump Championship Prize),2026-06-03,google_trends,21.6
Cyber-Stein (Shonen Jump Championship Prize),Cyber-Stein (Shonen Jump Championship Prize),2026-06-04,google_trends,21.5
Cyber-Stein (Shonen Jump Championship Prize),Cyber-Stein (Shonen Jump Championship Prize),2026-06-05,google_trends,20.4
Cyber-Stein (Shonen Jump Championship Prize),Cyber-Stein (Shonen Jump Championship Prize),2026-06-06,google_trends,22.3
Cyber-Stein (Shonen Jump Championship Prize),Cyber-Stein (Shonen Jump Championship Prize),2026-06-07,google_trends,19.4
Cyber-Stein (Shonen Jump Championship Prize),Cyber-Stein (Shonen Jump Championship Prize),2026-06-08,google_trends,22.1
Cyber-Stein (Shonen Jump Championship Prize),Cyber-Stein (Shonen Jump Championship Prize),2026-06-09,google_trends,21.4
Cyber-Stein (Shonen Jump Championship Prize),Cyber-Stein (Shonen Jump Championship Prize),2026-06-10,google_trends,18.9
Cyber-Stein (Shonen Jump Championship Prize),Cyber-Stein (Shonen Jump Championship Prize),2026-06-11,google_trends,21
Cyber-Stein (Shonen Jump Championship Prize),Cyber-Stein (Shonen Jump Championship Prize),2026-06-12,google_trends,19
Cyber-Stein (Shonen Jump Championship Prize),Cyber-Stein (Shonen Jump Championship Prize),2026-06-13,google_trends,19.9
Cyber-Stein (Shonen Jump Championship Prize),Cyber-Stein (Shonen Jump Championship Prize),2026-06-14,google_trends,20.7
Cyber-Stein (Shonen Jump Championship Prize),Cyber-Stein (Shonen Jump Championship Prize),2026-06-15,google_trends,21.8
Cyber-Stein (Shonen Jump Championship Prize),Cyber-Stein (Shonen Jump Championship Prize),2026-06-16,google_trends,22.1
Cyber-Stein (Shonen Jump Championship Prize),Cyber-Stein (Shonen Jump Championship Prize),2026-06-17,google_trends,22.8
Cyber-Stein (Shonen Jump Championship Prize),Cyber-Stein (Shonen Jump Championship Prize),2026-06-18,google_trends,20.8
Cyber-Stein (Shonen Jump Championship Prize),Cyber-Stein (Shonen Jump Championship Prize),2026-06-19,google_trends,20
Cyber-Stein (Shonen Jump Championship Prize),Cyber-Stein (Shonen Jump Championship Prize),2026-06-20,google_trends,21
Cyber-Stein (Shonen Jump Championship Prize),Cyber-Stein (Shonen Jump Championship Prize),2026-06-21,google_trends,21.5
Cyber-Stein (Shonen Jump Championship Prize),Cyber-Stein (Shonen Jump Championship Prize),2026-06-22,google_trends,19.5
Cyber-Stein (Shonen Jump Championship Prize),Cyber-Stein (Shonen Jump Championship Prize),2026-06-23,google_trends,19.9
Cyber-Stein (Shonen Jump Championship Prize),Cyber-Stein (Shonen Jump Championship Prize),2026-06-24,google_trends,20.5
Cyber-Stein (Shonen Jump Championship Prize),Cyber-Stein (Shonen Jump Championship Prize),2026-06-25,google_trends,21.5
Cyber-Stein (Shonen Jump Championship Prize),Cyber-Stein (Shonen Jump Championship Prize),2026-06-26,google_trends,22.3
Cyber-Stein (Shonen Jump Championship Prize),Cyber-Stein (Shonen Jump Championship Prize),2026-06-27,google_trends,22.5
Cyber-Stein (Shonen Jump Championship Prize),Cyber-Stein (Shonen Jump Championship Prize),2026-06-28,google_trends,22.8
Cyber-Stein (Shonen Jump Championship Prize),Cyber-Stein (Shonen Jump Championship Prize),2026-06-29,google_trends,23.2
Cyber-Stein (Shonen Jump Championship Prize),Cyber-Stein (Shonen Jump Championship Prize),2026-06-30,google_trends,20
Cyber-Stein (Shonen Jump Championship Prize),Cyber-Stein (Shonen Jump Championship Prize),2026-07-01,google_trends,19.8
Cyber-Stein (Shonen Jump Championship Prize),Cyber-Stein (Shonen Jump Championship Prize),2026-07-02,google_trends,20.4
Cyber-Stein (Shonen Jump Championship Prize),Cyber-Stein (Shonen Jump Championship Prize),2026-07-03,google_trends,22.8
Cyber-Stein (Shonen Jump Championship Prize),Cyber-Stein (Shonen Jump Championship Prize),2026-07-04,google_trends,20.3
Cyber-Stein (Shonen Jump Championship Prize),Cyber-Stein (Shonen Jump Championship Prize),2026-07-05,google_trends,19.9
Cyber-Stein (Shonen Jump Championship Prize),Cyber-Stein (Shonen Jump Championship Prize),2026-07-06,google_trends,20.9
Cyber-Stein (Shonen Jump Championship Prize),Cyber-Stein (Shonen Jump Championship Prize),2026-07-07,google_trends,22.5
Cyber-Stein (Shonen Jump Championship Prize),Cyber-Stein (Shonen Jump Championship Prize),2026-07-08,google_trends,19.6
Cyber-Stein (Shonen Jump Championship Prize),Cyber-Stein (Shonen Jump Championship Prize),2026-07-09,google_trends,23.1
Cyber-Stein (Shonen Jump Championship Prize),Cyber-Stein (Shonen Jump Championship Prize),2026-07-10,google_trends,21.7
Cyber-Stein (Shonen Jump Championship Prize),Cyber-Stein (Shonen Jump Championship Prize),2026-07-11,google_trends,19.8
Cyber-Stein (Shonen Jump Championship Prize),Cyber-Stein (Shonen Jump Championship Prize),2026-07-12,google_trends,23.6
Cyber-Stein (Shonen Jump Championship Prize),Cyber-Stein (Shonen Jump Championship Prize),2026-07-13,google_trends,20.2
Cyber-Stein (Shonen Jump Championship Prize),Cyber-Stein (Shonen Jump Championship Prize),2026-07-14,google_trends,21.8
Cyber-Stein (Shonen Jump Championship Prize),Cyber-Stein (Shonen Jump Championship Prize),2026-07-15,google_trends,23.7
Cyber-Stein (Shonen Jump Championship Prize),Cyber-Stein (Shonen Jump Championship Prize),2026-07-16,google_trends,22.3
Cyber-Stein (Shonen Jump Championship Prize),Cyber-Stein (Shonen Jump Championship Prize),2026-07-17,google_trends,22.2
Cyber-Stein (Shonen Jump Championship Prize),Cyber-Stein (Shonen Jump Championship Prize),2026-07-18,google_trends,21.5
Cyber-Stein (Shonen Jump Championship Prize),Cyber-Stein (Shonen Jump Championship Prize),2026-07-19,google_trends,22.1
Cyber-Stein (Shonen Jump Championship Prize),Cyber-Stein (Shonen Jump Championship Prize),2026-07-20,google_trends,20.9
Cyber-Stein (Shonen Jump Championship Prize),Cyber-Stein (Shonen Jump Championship Prize),2026-07-21,google_trends,21.9
Cyber-Stein (Shonen Jump Championship Prize),Cyber-Stein (Shonen Jump Championship Prize),2026-07-22,google_trends,20.9
Cyber-Stein (Shonen Jump Championship Prize),Cyber-Stein (Shonen Jump Championship Prize),2026-07-23,google_trends,21.3
Cyber-Stein (Shonen Jump Championship Prize),Cyber-Stein (Shonen Jump Championship Prize),2026-07-24,google_trends,20.6
Cyber-Stein (Shonen Jump Championship Prize),Cyber-Stein (Shonen Jump Championship Prize),2026-07-25,google_trends,22.5
Needle Worm (Tournament Pack 3),Needle Worm (Tournament Pack 3),2025-10-29,google_trends,18.5
Needle Worm (Tournament Pack 3),Needle Worm (Tournament Pack 3),2025-10-30,google_trends,18.9
Needle Worm (Tournament Pack 3),Needle Worm (Tournament Pack 3),2025-10-31,google_trends,18
Needle Worm (Tournament Pack 3),Needle Worm (Tournament Pack 3),2025-11-01,google_trends,15.5
Needle Worm (Tournament Pack 3),Needle Worm (Tournament Pack 3),2025-11-02,google_trends,16.6
Needle Worm (Tournament Pack 3),Needle Worm (Tournament Pack 3),2025-11-03,google_trends,16.9
Needle Worm (Tournament Pack 3),Needle Worm (Tournament Pack 3),2025-11-04,google_trends,17.7
Needle Worm (Tournament Pack 3),Needle Worm (Tournament Pack 3),2025-11-05,google_trends,15.5
Needle Worm (Tournament Pack 3),Needle Worm (Tournament Pack 3),2025-11-06,google_trends,16.4
Needle Worm (Tournament Pack 3),Needle Worm (Tournament Pack 3),2025-11-07,google_trends,17.6
Needle Worm (Tournament Pack 3),Needle Worm (Tournament Pack 3),2025-11-08,google_trends,17.5
Needle Worm (Tournament Pack 3),Needle Worm (Tournament Pack 3),2025-11-09,google_trends,17.1
Needle Worm (Tournament Pack 3),Needle Worm (Tournament Pack 3),2025-11-10,google_trends,17
Needle Worm (Tournament Pack 3),Needle Worm (Tournament Pack 3),2025-11-11,google_trends,17.4
Needle Worm (Tournament Pack 3),Needle Worm (Tournament Pack 3),2025-11-12,google_trends,16.7
Needle Worm (Tournament Pack 3),Needle Worm (Tournament Pack 3),2025-11-13,google_trends,17.8
Needle Worm (Tournament Pack 3),Needle Worm (Tournament Pack 3),2025-11-14,google_trends,15.9
Needle Worm (Tournament Pack 3),Needle Worm (Tournament Pack 3),2025-11-15,google_trends,15.7
Needle Worm (Tournament Pack 3),Needle Worm (Tournament Pack 3),2025-11-16,google_trends,17.7
Needle Worm (Tournament Pack 3),Needle Worm (Tournament Pack 3),2025-11-17,google_trends,16.3
Needle Worm (Tournament Pack 3),Needle Worm (Tournament Pack 3),2025-11-18,google_trends,18.8
Needle Worm (Tournament Pack 3),Needle Worm (Tournament Pack 3),2025-11-19,google_trends,18.6
Needle Worm (Tournament Pack 3),Needle Worm (Tournament Pack 3),2025-11-20,google_trends,18.7
Needle Worm (Tournament Pack 3),Needle Worm (Tournament Pack 3),2025-11-21,google_trends,16.1
Needle Worm (Tournament Pack 3),Needle Worm (Tournament Pack 3),2025-11-22,google_trends,17.8
Needle Worm (Tournament Pack 3),Needle Worm (Tournament Pack 3),2025-11-23,google_trends,15.1
Needle Worm (Tournament Pack 3),Needle Worm (Tournament Pack 3),2025-11-24,google_trends,17.7
Needle Worm (Tournament Pack 3),Needle Worm (Tournament Pack 3),2025-11-25,google_trends,16.9
Needle Worm (Tournament Pack 3),Needle Worm (Tournament Pack 3),2025-11-26,google_trends,17.4
Needle Worm (Tournament Pack 3),Needle Worm (Tournament Pack 3),2025-11-27,google_trends,16.4
Needle Worm (Tournament Pack 3),Needle Worm (Tournament Pack 3),2025-11-28,google_trends,18.2
Needle Worm (Tournament Pack 3),Needle Worm (Tournament Pack 3),2025-11-29,google_trends,15.5
Needle Worm (Tournament Pack 3),Needle Worm (Tournament Pack 3),2025-11-30,google_trends,16.7
Needle Worm (Tournament Pack 3),Needle Worm (Tournament Pack 3),2025-12-01,google_trends,18.1
Needle Worm (Tournament Pack 3),Needle Worm (Tournament Pack 3),2025-12-02,google_trends,16.1
Needle Worm (Tournament Pack 3),Needle Worm (Tournament Pack 3),2025-12-03,google_trends,15.1
Needle Worm (Tournament Pack 3),Needle Worm (Tournament Pack 3),2025-12-04,google_trends,17.1
Needle Worm (Tournament Pack 3),Needle Worm (Tournament Pack 3),2025-12-05,google_trends,16.6
Needle Worm (Tournament Pack 3),Needle Worm (Tournament Pack 3),2025-12-06,google_trends,15
Needle Worm (Tournament Pack 3),Needle Worm (Tournament Pack 3),2025-12-07,google_trends,17.3
Needle Worm (Tournament Pack 3),Needle Worm (Tournament Pack 3),2025-12-08,google_trends,18
Needle Worm (Tournament Pack 3),Needle Worm (Tournament Pack 3),2025-12-09,google_trends,18.6
Needle Worm (Tournament Pack 3),Needle Worm (Tournament Pack 3),2025-12-10,google_trends,18.5
Needle Worm (Tournament Pack 3),Needle Worm (Tournament Pack 3),2025-12-11,google_trends,15.4
Needle Worm (Tournament Pack 3),Needle Worm (Tournament Pack 3),2025-12-12,google_trends,16.3
Needle Worm (Tournament Pack 3),Needle Worm (Tournament Pack 3),2025-12-13,google_trends,17.2
Needle Worm (Tournament Pack 3),Needle Worm (Tournament Pack 3),2025-12-14,google_trends,15.8
Needle Worm (Tournament Pack 3),Needle Worm (Tournament Pack 3),2025-12-15,google_trends,16.2
Needle Worm (Tournament Pack 3),Needle Worm (Tournament Pack 3),2025-12-16,google_trends,15.7
Needle Worm (Tournament Pack 3),Needle Worm (Tournament Pack 3),2025-12-17,google_trends,18.3
Needle Worm (Tournament Pack 3),Needle Worm (Tournament Pack 3),2025-12-18,google_trends,15.4
Needle Worm (Tournament Pack 3),Needle Worm (Tournament Pack 3),2025-12-19,google_trends,15.5
Needle Worm (Tournament Pack 3),Needle Worm (Tournament Pack 3),2025-12-20,google_trends,15.6
Needle Worm (Tournament Pack 3),Needle Worm (Tournament Pack 3),2025-12-21,google_trends,16.4
Needle Worm (Tournament Pack 3),Needle Worm (Tournament Pack 3),2025-12-22,google_trends,16.4
Needle Worm (Tournament Pack 3),Needle Worm (Tournament Pack 3),2025-12-23,google_trends,18.8
Needle Worm (Tournament Pack 3),Needle Worm (Tournament Pack 3),2025-12-24,google_trends,18.3
Needle Worm (Tournament Pack 3),Needle Worm (Tournament Pack 3),2025-12-25,google_trends,17.6
Needle Worm (Tournament Pack 3),Needle Worm (Tournament Pack 3),2025-12-26,google_trends,18.1
Needle Worm (Tournament Pack 3),Needle Worm (Tournament Pack 3),2025-12-27,google_trends,15
Needle Worm (Tournament Pack 3),Needle Worm (Tournament Pack 3),2025-12-28,google_trends,17
Needle Worm (Tournament Pack 3),Needle Worm (Tournament Pack 3),2025-12-29,google_trends,18.7
Needle Worm (Tournament Pack 3),Needle Worm (Tournament Pack 3),2025-12-30,google_trends,17.4
Needle Worm (Tournament Pack 3),Needle Worm (Tournament Pack 3),2025-12-31,google_trends,17.3
Needle Worm (Tournament Pack 3),Needle Worm (Tournament Pack 3),2026-01-01,google_trends,17.2
Needle Worm (Tournament Pack 3),Needle Worm (Tournament Pack 3),2026-01-02,google_trends,17.3
Needle Worm (Tournament Pack 3),Needle Worm (Tournament Pack 3),2026-01-03,google_trends,16.1
Needle Worm (Tournament Pack 3),Needle Worm (Tournament Pack 3),2026-01-04,google_trends,17.3
Needle Worm (Tournament Pack 3),Needle Worm (Tournament Pack 3),2026-01-05,google_trends,18.7
Needle Worm (Tournament Pack 3),Needle Worm (Tournament Pack 3),2026-01-06,google_trends,18.2
Needle Worm (Tournament Pack 3),Needle Worm (Tournament Pack 3),2026-01-07,google_trends,17.2
Needle Worm (Tournament Pack 3),Needle Worm (Tournament Pack 3),2026-01-08,google_trends,18
Needle Worm (Tournament Pack 3),Needle Worm (Tournament Pack 3),2026-01-09,google_trends,16
Needle Worm (Tournament Pack 3),Needle Worm (Tournament Pack 3),2026-01-10,google_trends,15.3
Needle Worm (Tournament Pack 3),Needle Worm (Tournament Pack 3),2026-01-11,google_trends,17.3
Needle Worm (Tournament Pack 3),Needle Worm (Tournament Pack 3),2026-01-12,google_trends,18.1
Needle Worm (Tournament Pack 3),Needle Worm (Tournament Pack 3),2026-01-13,google_trends,16.2
Needle Worm (Tournament Pack 3),Needle Worm (Tournament Pack 3),2026-01-14,google_trends,15.6
Needle Worm (Tournament Pack 3),Needle Worm (Tournament Pack 3),2026-01-15,google_trends,16.2
Needle Worm (Tournament Pack 3),Needle Worm (Tournament Pack 3),2026-01-16,google_trends,16.7
Needle Worm (Tournament Pack 3),Needle Worm (Tournament Pack 3),2026-01-17,google_trends,16.2
Needle Worm (Tournament Pack 3),Needle Worm (Tournament Pack 3),2026-01-18,google_trends,17.1
Needle Worm (Tournament Pack 3),Needle Worm (Tournament Pack 3),2026-01-19,google_trends,16.1
Needle Worm (Tournament Pack 3),Needle Worm (Tournament Pack 3),2026-01-20,google_trends,17.2
Needle Worm (Tournament Pack 3),Needle Worm (Tournament Pack 3),2026-01-21,google_trends,18.4
Needle Worm (Tournament Pack 3),Needle Worm (Tournament Pack 3),2026-01-22,google_trends,15.9
Needle Worm (Tournament Pack 3),Needle Worm (Tournament Pack 3),2026-01-23,google_trends,17
Needle Worm (Tournament Pack 3),Needle Worm (Tournament Pack 3),2026-01-24,google_trends,18.1
Needle Worm (Tournament Pack 3),Needle Worm (Tournament Pack 3),2026-01-25,google_trends,15.7
Needle Worm (Tournament Pack 3),Needle Worm (Tournament Pack 3),2026-01-26,google_trends,16.8
Needle Worm (Tournament Pack 3),Needle Worm (Tournament Pack 3),2026-01-27,google_trends,15.8
Needle Worm (Tournament Pack 3),Needle Worm (Tournament Pack 3),2026-01-28,google_trends,16.2
Needle Worm (Tournament Pack 3),Needle Worm (Tournament Pack 3),2026-01-29,google_trends,15.7
Needle Worm (Tournament Pack 3),Needle Worm (Tournament Pack 3),2026-01-30,google_trends,17.6
Needle Worm (Tournament Pack 3),Needle Worm (Tournament Pack 3),2026-01-31,google_trends,16.3
Needle Worm (Tournament Pack 3),Needle Worm (Tournament Pack 3),2026-02-01,google_trends,15.3
Needle Worm (Tournament Pack 3),Needle Worm (Tournament Pack 3),2026-02-02,google_trends,18.9
Needle Worm (Tournament Pack 3),Needle Worm (Tournament Pack 3),2026-02-03,google_trends,17.6
Needle Worm (Tournament Pack 3),Needle Worm (Tournament Pack 3),2026-02-04,google_trends,15.2
Needle Worm (Tournament Pack 3),Needle Worm (Tournament Pack 3),2026-02-05,google_trends,15.7
Needle Worm (Tournament Pack 3),Needle Worm (Tournament Pack 3),2026-02-06,google_trends,17.1
Needle Worm (Tournament Pack 3),Needle Worm (Tournament Pack 3),2026-02-07,google_trends,16.3
Needle Worm (Tournament Pack 3),Needle Worm (Tournament Pack 3),2026-02-08,google_trends,17.3
Needle Worm (Tournament Pack 3),Needle Worm (Tournament Pack 3),2026-02-09,google_trends,18.9
Needle Worm (Tournament Pack 3),Needle Worm (Tournament Pack 3),2026-02-10,google_trends,15.9
Needle Worm (Tournament Pack 3),Needle Worm (Tournament Pack 3),2026-02-11,google_trends,16.1
Needle Worm (Tournament Pack 3),Needle Worm (Tournament Pack 3),2026-02-12,google_trends,17.2
Needle Worm (Tournament Pack 3),Needle Worm (Tournament Pack 3),2026-02-13,google_trends,15.7
Needle Worm (Tournament Pack 3),Needle Worm (Tournament Pack 3),2026-02-14,google_trends,15.5
Needle Worm (Tournament Pack 3),Needle Worm (Tournament Pack 3),2026-02-15,google_trends,18
Needle Worm (Tournament Pack 3),Needle Worm (Tournament Pack 3),2026-02-16,google_trends,17.8
Needle Worm (Tournament Pack 3),Needle Worm (Tournament Pack 3),2026-02-17,google_trends,15.5
Needle Worm (Tournament Pack 3),Needle Worm (Tournament Pack 3),2026-02-18,google_trends,15.3
Needle Worm (Tournament Pack 3),Needle Worm (Tournament Pack 3),2026-02-19,google_trends,18.3
Needle Worm (Tournament Pack 3),Needle Worm (Tournament Pack 3),2026-02-20,google_trends,18.6
Needle Worm (Tournament Pack 3),Needle Worm (Tournament Pack 3),2026-02-21,google_trends,15.6
Needle Worm (Tournament Pack 3),Needle Worm (Tournament Pack 3),2026-02-22,google_trends,16.3
Needle Worm (Tournament Pack 3),Needle Worm (Tournament Pack 3),2026-02-23,google_trends,18.6
Needle Worm (Tournament Pack 3),Needle Worm (Tournament Pack 3),2026-02-24,google_trends,17.5
Needle Worm (Tournament Pack 3),Needle Worm (Tournament Pack 3),2026-02-25,google_trends,15.5
Needle Worm (Tournament Pack 3),Needle Worm (Tournament Pack 3),2026-02-26,google_trends,16.6
Needle Worm (Tournament Pack 3),Needle Worm (Tournament Pack 3),2026-02-27,google_trends,17.6
Needle Worm (Tournament Pack 3),Needle Worm (Tournament Pack 3),2026-02-28,google_trends,16.8
Needle Worm (Tournament Pack 3),Needle Worm (Tournament Pack 3),2026-03-01,google_trends,15.1
Needle Worm (Tournament Pack 3),Needle Worm (Tournament Pack 3),2026-03-02,google_trends,15.9
Needle Worm (Tournament Pack 3),Needle Worm (Tournament Pack 3),2026-03-03,google_trends,18.1
Needle Worm (Tournament Pack 3),Needle Worm (Tournament Pack 3),2026-03-04,google_trends,16.2
Needle Worm (Tournament Pack 3),Needle Worm (Tournament Pack 3),2026-03-05,google_trends,15.9
Needle Worm (Tournament Pack 3),Needle Worm (Tournament Pack 3),2026-03-06,google_trends,16.3
Needle Worm (Tournament Pack 3),Needle Worm (Tournament Pack 3),2026-03-07,google_trends,15
Needle Worm (Tournament Pack 3),Needle Worm (Tournament Pack 3),2026-03-08,google_trends,17.7
Needle Worm (Tournament Pack 3),Needle Worm (Tournament Pack 3),2026-03-09,google_trends,18.4
Needle Worm (Tournament Pack 3),Needle Worm (Tournament Pack 3),2026-03-10,google_trends,17.4
Needle Worm (Tournament Pack 3),Needle Worm (Tournament Pack 3),2026-03-11,google_trends,17.1
Needle Worm (Tournament Pack 3),Needle Worm (Tournament Pack 3),2026-03-12,google_trends,18.7
Needle Worm (Tournament Pack 3),Needle Worm (Tournament Pack 3),2026-03-13,google_trends,15.1
Needle Worm (Tournament Pack 3),Needle Worm (Tournament Pack 3),2026-03-14,google_trends,17.8
Needle Worm (Tournament Pack 3),Needle Worm (Tournament Pack 3),2026-03-15,google_trends,15.8
Needle Worm (Tournament Pack 3),Needle Worm (Tournament Pack 3),2026-03-16,google_trends,16
Needle Worm (Tournament Pack 3),Needle Worm (Tournament Pack 3),2026-03-17,google_trends,16.7
Needle Worm (Tournament Pack 3),Needle Worm (Tournament Pack 3),2026-03-18,google_trends,17.5
Needle Worm (Tournament Pack 3),Needle Worm (Tournament Pack 3),2026-03-19,google_trends,18.7
Needle Worm (Tournament Pack 3),Needle Worm (Tournament Pack 3),2026-03-20,google_trends,17.5
Needle Worm (Tournament Pack 3),Needle Worm (Tournament Pack 3),2026-03-21,google_trends,15.4
Needle Worm (Tournament Pack 3),Needle Worm (Tournament Pack 3),2026-03-22,google_trends,16.1
Needle Worm (Tournament Pack 3),Needle Worm (Tournament Pack 3),2026-03-23,google_trends,16.4
Needle Worm (Tournament Pack 3),Needle Worm (Tournament Pack 3),2026-03-24,google_trends,15
Needle Worm (Tournament Pack 3),Needle Worm (Tournament Pack 3),2026-03-25,google_trends,18.5
Needle Worm (Tournament Pack 3),Needle Worm (Tournament Pack 3),2026-03-26,google_trends,18.6
Needle Worm (Tournament Pack 3),Needle Worm (Tournament Pack 3),2026-03-27,google_trends,17.9
Needle Worm (Tournament Pack 3),Needle Worm (Tournament Pack 3),2026-03-28,google_trends,18.2
Needle Worm (Tournament Pack 3),Needle Worm (Tournament Pack 3),2026-03-29,google_trends,17.3
Needle Worm (Tournament Pack 3),Needle Worm (Tournament Pack 3),2026-03-30,google_trends,15.2
Needle Worm (Tournament Pack 3),Needle Worm (Tournament Pack 3),2026-03-31,google_trends,17.2
Needle Worm (Tournament Pack 3),Needle Worm (Tournament Pack 3),2026-04-01,google_trends,15.8
Needle Worm (Tournament Pack 3),Needle Worm (Tournament Pack 3),2026-04-02,google_trends,18.8
Needle Worm (Tournament Pack 3),Needle Worm (Tournament Pack 3),2026-04-03,google_trends,18.1
Needle Worm (Tournament Pack 3),Needle Worm (Tournament Pack 3),2026-04-04,google_trends,18.7
Needle Worm (Tournament Pack 3),Needle Worm (Tournament Pack 3),2026-04-05,google_trends,17.3
Needle Worm (Tournament Pack 3),Needle Worm (Tournament Pack 3),2026-04-06,google_trends,17.8
Needle Worm (Tournament Pack 3),Needle Worm (Tournament Pack 3),2026-04-07,google_trends,17.4
Needle Worm (Tournament Pack 3),Needle Worm (Tournament Pack 3),2026-04-08,google_trends,16.1
Needle Worm (Tournament Pack 3),Needle Worm (Tournament Pack 3),2026-04-09,google_trends,16.7
Needle Worm (Tournament Pack 3),Needle Worm (Tournament Pack 3),2026-04-10,google_trends,16.1
Needle Worm (Tournament Pack 3),Needle Worm (Tournament Pack 3),2026-04-11,google_trends,16.7
Needle Worm (Tournament Pack 3),Needle Worm (Tournament Pack 3),2026-04-12,google_trends,17.8
Needle Worm (Tournament Pack 3),Needle Worm (Tournament Pack 3),2026-04-13,google_trends,18
Needle Worm (Tournament Pack 3),Needle Worm (Tournament Pack 3),2026-04-14,google_trends,16.9
Needle Worm (Tournament Pack 3),Needle Worm (Tournament Pack 3),2026-04-15,google_trends,17.5
Needle Worm (Tournament Pack 3),Needle Worm (Tournament Pack 3),2026-04-16,google_trends,17.3
Needle Worm (Tournament Pack 3),Needle Worm (Tournament Pack 3),2026-04-17,google_trends,19
Needle Worm (Tournament Pack 3),Needle Worm (Tournament Pack 3),2026-04-18,google_trends,17.6
Needle Worm (Tournament Pack 3),Needle Worm (Tournament Pack 3),2026-04-19,google_trends,18.3
Needle Worm (Tournament Pack 3),Needle Worm (Tournament Pack 3),2026-04-20,google_trends,16
Needle Worm (Tournament Pack 3),Needle Worm (Tournament Pack 3),2026-04-21,google_trends,17.7
Needle Worm (Tournament Pack 3),Needle Worm (Tournament Pack 3),2026-04-22,google_trends,17.4
Needle Worm (Tournament Pack 3),Needle Worm (Tournament Pack 3),2026-04-23,google_trends,16.2
Needle Worm (Tournament Pack 3),Needle Worm (Tournament Pack 3),2026-04-24,google_trends,15.9
Needle Worm (Tournament Pack 3),Needle Worm (Tournament Pack 3),2026-04-25,google_trends,16.8
Needle Worm (Tournament Pack 3),Needle Worm (Tournament Pack 3),2026-04-26,google_trends,17.6
Needle Worm (Tournament Pack 3),Needle Worm (Tournament Pack 3),2026-04-27,google_trends,17.6
Needle Worm (Tournament Pack 3),Needle Worm (Tournament Pack 3),2026-04-28,google_trends,18.9
Needle Worm (Tournament Pack 3),Needle Worm (Tournament Pack 3),2026-04-29,google_trends,17.7
Needle Worm (Tournament Pack 3),Needle Worm (Tournament Pack 3),2026-04-30,google_trends,17.9
Needle Worm (Tournament Pack 3),Needle Worm (Tournament Pack 3),2026-05-01,google_trends,15.3
Needle Worm (Tournament Pack 3),Needle Worm (Tournament Pack 3),2026-05-02,google_trends,17.2
Needle Worm (Tournament Pack 3),Needle Worm (Tournament Pack 3),2026-05-03,google_trends,17.1
Needle Worm (Tournament Pack 3),Needle Worm (Tournament Pack 3),2026-05-04,google_trends,16.3
Needle Worm (Tournament Pack 3),Needle Worm (Tournament Pack 3),2026-05-05,google_trends,15
Needle Worm (Tournament Pack 3),Needle Worm (Tournament Pack 3),2026-05-06,google_trends,18
Needle Worm (Tournament Pack 3),Needle Worm (Tournament Pack 3),2026-05-07,google_trends,16
Needle Worm (Tournament Pack 3),Needle Worm (Tournament Pack 3),2026-05-08,google_trends,18.9
Needle Worm (Tournament Pack 3),Needle Worm (Tournament Pack 3),2026-05-09,google_trends,16.5
Needle Worm (Tournament Pack 3),Needle Worm (Tournament Pack 3),2026-05-10,google_trends,16.9
Needle Worm (Tournament Pack 3),Needle Worm (Tournament Pack 3),2026-05-11,google_trends,15.6
Needle Worm (Tournament Pack 3),Needle Worm (Tournament Pack 3),2026-05-12,google_trends,16.1
Needle Worm (Tournament Pack 3),Needle Worm (Tournament Pack 3),2026-05-13,google_trends,18.7
Needle Worm (Tournament Pack 3),Needle Worm (Tournament Pack 3),2026-05-14,google_trends,17.6
Needle Worm (Tournament Pack 3),Needle Worm (Tournament Pack 3),2026-05-15,google_trends,18.7
Needle Worm (Tournament Pack 3),Needle Worm (Tournament Pack 3),2026-05-16,google_trends,17.1
Needle Worm (Tournament Pack 3),Needle Worm (Tournament Pack 3),2026-05-17,google_trends,16
Needle Worm (Tournament Pack 3),Needle Worm (Tournament Pack 3),2026-05-18,google_trends,16.5
Needle Worm (Tournament Pack 3),Needle Worm (Tournament Pack 3),2026-05-19,google_trends,16.8
Needle Worm (Tournament Pack 3),Needle Worm (Tournament Pack 3),2026-05-20,google_trends,17
Needle Worm (Tournament Pack 3),Needle Worm (Tournament Pack 3),2026-05-21,google_trends,18
Needle Worm (Tournament Pack 3),Needle Worm (Tournament Pack 3),2026-05-22,google_trends,15.9
Needle Worm (Tournament Pack 3),Needle Worm (Tournament Pack 3),2026-05-23,google_trends,17
Needle Worm (Tournament Pack 3),Needle Worm (Tournament Pack 3),2026-05-24,google_trends,18.1
Needle Worm (Tournament Pack 3),Needle Worm (Tournament Pack 3),2026-05-25,google_trends,17
Needle Worm (Tournament Pack 3),Needle Worm (Tournament Pack 3),2026-05-26,google_trends,17.4
Needle Worm (Tournament Pack 3),Needle Worm (Tournament Pack 3),2026-05-27,google_trends,15.5
Needle Worm (Tournament Pack 3),Needle Worm (Tournament Pack 3),2026-05-28,google_trends,17.7
Needle Worm (Tournament Pack 3),Needle Worm (Tournament Pack 3),2026-05-29,google_trends,17.8
Needle Worm (Tournament Pack 3),Needle Worm (Tournament Pack 3),2026-05-30,google_trends,17.2
Needle Worm (Tournament Pack 3),Needle Worm (Tournament Pack 3),2026-05-31,google_trends,15.7
Needle Worm (Tournament Pack 3),Needle Worm (Tournament Pack 3),2026-06-01,google_trends,18.2
Needle Worm (Tournament Pack 3),Needle Worm (Tournament Pack 3),2026-06-02,google_trends,18
Needle Worm (Tournament Pack 3),Needle Worm (Tournament Pack 3),2026-06-03,google_trends,16.3
Needle Worm (Tournament Pack 3),Needle Worm (Tournament Pack 3),2026-06-04,google_trends,15.5
Needle Worm (Tournament Pack 3),Needle Worm (Tournament Pack 3),2026-06-05,google_trends,17.2
Needle Worm (Tournament Pack 3),Needle Worm (Tournament Pack 3),2026-06-06,google_trends,17.1
Needle Worm (Tournament Pack 3),Needle Worm (Tournament Pack 3),2026-06-07,google_trends,17.6
Needle Worm (Tournament Pack 3),Needle Worm (Tournament Pack 3),2026-06-08,google_trends,17.5
Needle Worm (Tournament Pack 3),Needle Worm (Tournament Pack 3),2026-06-09,google_trends,16.5
Needle Worm (Tournament Pack 3),Needle Worm (Tournament Pack 3),2026-06-10,google_trends,18.5
Needle Worm (Tournament Pack 3),Needle Worm (Tournament Pack 3),2026-06-11,google_trends,16.6
Needle Worm (Tournament Pack 3),Needle Worm (Tournament Pack 3),2026-06-12,google_trends,17.4
Needle Worm (Tournament Pack 3),Needle Worm (Tournament Pack 3),2026-06-13,google_trends,18.5
Needle Worm (Tournament Pack 3),Needle Worm (Tournament Pack 3),2026-06-14,google_trends,18.4
Needle Worm (Tournament Pack 3),Needle Worm (Tournament Pack 3),2026-06-15,google_trends,17.8
Needle Worm (Tournament Pack 3),Needle Worm (Tournament Pack 3),2026-06-16,google_trends,18
Needle Worm (Tournament Pack 3),Needle Worm (Tournament Pack 3),2026-06-17,google_trends,17.6
Needle Worm (Tournament Pack 3),Needle Worm (Tournament Pack 3),2026-06-18,google_trends,18.4
Needle Worm (Tournament Pack 3),Needle Worm (Tournament Pack 3),2026-06-19,google_trends,18.6
Needle Worm (Tournament Pack 3),Needle Worm (Tournament Pack 3),2026-06-20,google_trends,16.5
Needle Worm (Tournament Pack 3),Needle Worm (Tournament Pack 3),2026-06-21,google_trends,18.5
Needle Worm (Tournament Pack 3),Needle Worm (Tournament Pack 3),2026-06-22,google_trends,17.5
Needle Worm (Tournament Pack 3),Needle Worm (Tournament Pack 3),2026-06-23,google_trends,17.4
Needle Worm (Tournament Pack 3),Needle Worm (Tournament Pack 3),2026-06-24,google_trends,18.9
Needle Worm (Tournament Pack 3),Needle Worm (Tournament Pack 3),2026-06-25,google_trends,16.4
Needle Worm (Tournament Pack 3),Needle Worm (Tournament Pack 3),2026-06-26,google_trends,17.4
Needle Worm (Tournament Pack 3),Needle Worm (Tournament Pack 3),2026-06-27,google_trends,15
Needle Worm (Tournament Pack 3),Needle Worm (Tournament Pack 3),2026-06-28,google_trends,16.6
Needle Worm (Tournament Pack 3),Needle Worm (Tournament Pack 3),2026-06-29,google_trends,15.7
Needle Worm (Tournament Pack 3),Needle Worm (Tournament Pack 3),2026-06-30,google_trends,15.7
Needle Worm (Tournament Pack 3),Needle Worm (Tournament Pack 3),2026-07-01,google_trends,16.7
Needle Worm (Tournament Pack 3),Needle Worm (Tournament Pack 3),2026-07-02,google_trends,15.4
Needle Worm (Tournament Pack 3),Needle Worm (Tournament Pack 3),2026-07-03,google_trends,16.1
Needle Worm (Tournament Pack 3),Needle Worm (Tournament Pack 3),2026-07-04,google_trends,17.2
Needle Worm (Tournament Pack 3),Needle Worm (Tournament Pack 3),2026-07-05,google_trends,18.3
Needle Worm (Tournament Pack 3),Needle Worm (Tournament Pack 3),2026-07-06,google_trends,16.8
Needle Worm (Tournament Pack 3),Needle Worm (Tournament Pack 3),2026-07-07,google_trends,18
Needle Worm (Tournament Pack 3),Needle Worm (Tournament Pack 3),2026-07-08,google_trends,15.8
Needle Worm (Tournament Pack 3),Needle Worm (Tournament Pack 3),2026-07-09,google_trends,16.4
Needle Worm (Tournament Pack 3),Needle Worm (Tournament Pack 3),2026-07-10,google_trends,15.5
Needle Worm (Tournament Pack 3),Needle Worm (Tournament Pack 3),2026-07-11,google_trends,16
Needle Worm (Tournament Pack 3),Needle Worm (Tournament Pack 3),2026-07-12,google_trends,18.6
Needle Worm (Tournament Pack 3),Needle Worm (Tournament Pack 3),2026-07-13,google_trends,17.5
Needle Worm (Tournament Pack 3),Needle Worm (Tournament Pack 3),2026-07-14,google_trends,18.5
Needle Worm (Tournament Pack 3),Needle Worm (Tournament Pack 3),2026-07-15,google_trends,16.6
Needle Worm (Tournament Pack 3),Needle Worm (Tournament Pack 3),2026-07-16,google_trends,16.2
Needle Worm (Tournament Pack 3),Needle Worm (Tournament Pack 3),2026-07-17,google_trends,17.1
Needle Worm (Tournament Pack 3),Needle Worm (Tournament Pack 3),2026-07-18,google_trends,17.2
Needle Worm (Tournament Pack 3),Needle Worm (Tournament Pack 3),2026-07-19,google_trends,16.6
Needle Worm (Tournament Pack 3),Needle Worm (Tournament Pack 3),2026-07-20,google_trends,17.6
Needle Worm (Tournament Pack 3),Needle Worm (Tournament Pack 3),2026-07-21,google_trends,18.9
Needle Worm (Tournament Pack 3),Needle Worm (Tournament Pack 3),2026-07-22,google_trends,18.9
Needle Worm (Tournament Pack 3),Needle Worm (Tournament Pack 3),2026-07-23,google_trends,18.1
Needle Worm (Tournament Pack 3),Needle Worm (Tournament Pack 3),2026-07-24,google_trends,18.1
Needle Worm (Tournament Pack 3),Needle Worm (Tournament Pack 3),2026-07-25,google_trends,15.8
